"branch","sigma_3","sigma_1","sigma_n","tau","alpha_deg","beta_deg","beta_rad","sigma_n_pri","tau_pri"
"NGC",-20,0,-20,0,90,90,1.5707963267949,-1,1.46211335345151e-16
"NGC",-20,75.5124925468789,-19.9999972176221,0.0163018969401524,89.9902208613139,89.9804417226279,1.57045497045873,-0.999999860881103,0.000815094847007621
"NGC",-20,75.5124925468789,-19.9999888704886,0.0326037919807373,89.9804417226279,89.9608834452557,1.57011361412257,-0.99999944352443,0.00163018959903686
"NGC",-20,75.5124925468789,-19.9999749586005,0.0489056832221825,89.9706625839418,89.9413251678836,1.56977225778641,-0.999998747930028,0.00244528416110912
"NGC",-20,75.5124925468789,-19.9999554819596,0.0652075687649452,89.9608834452558,89.9217668905115,1.56943090145025,-0.999997774097978,0.00326037843824726
"NGC",-20,75.5124925468789,-19.9999304405679,0.0815094467094517,89.9511043065697,89.9022086131394,1.56908954511409,-0.999996522028394,0.00407547233547258
"NGC",-20,75.5124925468789,-19.9998998344285,0.0978113151561394,89.9413251678836,89.8826503357673,1.56874818877793,-0.999994991721423,0.00489056575780697
"NGC",-20,75.5124925468789,-19.9998636635448,0.114113172205447,89.9315460291976,89.8630920583952,1.56840683244176,-0.999993183177241,0.00570565861027235
"NGC",-20,75.512492546879,-19.9998219279212,0.130415015957804,89.9217668905115,89.843533781023,1.5680654761056,-0.999991096396061,0.0065207507978902
"NGC",-20,75.512492546879,-19.9997746275625,0.146716844513673,89.9119877518255,89.8239755036509,1.56772411976944,-0.999988731378125,0.00733584222568365
"NGC",-20,75.512492546879,-19.9997217624742,0.163018655973487,89.9022086131394,89.8044172262788,1.56738276343328,-0.999986088123709,0.00815093279867435
"NGC",-20,75.512492546879,-19.9996633326624,0.179320448437691,89.8924294744533,89.7848589489067,1.56704140709712,-0.99998316663312,0.00896602242188455
"NGC",-20,75.5124925468791,-19.999599338134,0.195622220006733,89.8826503357673,89.7653006715346,1.56670005076095,-0.9999799669067,0.00978111100033664
"NGC",-20,75.5124925468792,-19.9995297788964,0.211923968781052,89.8728711970812,89.7457423941624,1.56635869442479,-0.999976488944821,0.0105961984390526
"NGC",-20,75.5124925468794,-19.9994546549578,0.228225692861122,89.8630920583952,89.7261841167903,1.56601733808863,-0.999972732747888,0.0114112846430561
"NGC",-20,75.5124925468797,-19.9993739663268,0.244527390347388,89.8533129197091,89.7066258394182,1.56567598175247,-0.999968698316339,0.0122263695173694
"NGC",-20,75.51249254688,-19.9992877130129,0.260829059340309,89.843533781023,89.6870675620461,1.56533462541631,-0.999964385650644,0.0130414529670155
"NGC",-20,75.5124925468805,-19.9991958950261,0.277130697940347,89.833754642337,89.667509284674,1.56499326908015,-0.999959794751305,0.0138565348970173
"NGC",-20,75.5124925468812,-19.9990985123772,0.293432304247957,89.8239755036509,89.6479510073018,1.56465191274398,-0.999954925618859,0.0146716152123978
"NGC",-20,75.5124925468821,-19.9989955650774,0.309733876363629,89.8141963649649,89.6283927299297,1.56431055640782,-0.999949778253871,0.0154866938181814
"NGC",-20,75.5124925468832,-19.9988870531388,0.326035412387826,89.8044172262788,89.6088344525576,1.56396920007166,-0.999944352656942,0.0163017706193913
"NGC",-20,75.5124925468846,-19.9987729765741,0.342336910421027,89.7946380875927,89.5892761751855,1.5636278437355,-0.999938648828704,0.0171168455210513
"NGC",-20,75.5124925468864,-19.9986533353964,0.358638368563713,89.7848589489067,89.5697178978134,1.56328648739934,-0.999932666769822,0.0179319184281857
"NGC",-20,75.5124925468888,-19.9985281296198,0.374939784916361,89.7750798102206,89.5501596204413,1.56294513106318,-0.999926406480992,0.0187469892458181
"NGC",-20,75.5124925468916,-19.9983973592589,0.391241157579484,89.7653006715346,89.5306013430691,1.56260377472701,-0.999919867962944,0.0195620578789742
"NGC",-20,75.5124925468951,-19.9982610243288,0.407542484653569,89.7555215328485,89.511043065697,1.56226241839085,-0.99991305121644,0.0203771242326784
"NGC",-20,75.5124925468994,-19.9981191248455,0.423843764239118,89.7457423941624,89.4914847883249,1.56192106205469,-0.999905956242275,0.0211921882119559
"NGC",-20,75.5124925469047,-19.9979716608255,0.440144994436639,89.7359632554764,89.4719265109528,1.56157970571853,-0.999898583041275,0.022007249721832
"NGC",-20,75.512492546911,-19.997818632286,0.456446173346637,89.7261841167903,89.4523682335807,1.56123834938237,-0.999890931614299,0.0228223086673318
"NGC",-20,75.5124925469184,-19.9976600392448,0.472747299069652,89.7164049781043,89.4328099562085,1.5608969930462,-0.999883001962239,0.0236373649534826
"NGC",-20,75.5124925469273,-19.9974958817204,0.489048369706201,89.7066258394182,89.4132516788364,1.56055563671004,-0.999874794086018,0.0244524184853101
"NGC",-20,75.5124925469379,-19.9973261597319,0.505349383356818,89.6968467007321,89.3936934014643,1.56021428037388,-0.999866307986594,0.0252674691678409
"NGC",-20,75.5124925469502,-19.9971508732991,0.521650338122043,89.6870675620461,89.3741351240922,1.55987292403772,-0.999857543664955,0.0260825169061021
"NGC",-20,75.5124925469647,-19.9969700224424,0.537951232102412,89.67728842336,89.35457684672,1.55953156770156,-0.999848501122122,0.0268975616051206
"NGC",-20,75.5124925469815,-19.996783607183,0.554252063398502,89.667509284674,89.3350185693479,1.5591902113654,-0.999839180359149,0.0277126031699251
"NGC",-20,75.512492547001,-19.9965916275424,0.570552830110864,89.6577301459879,89.3154602919758,1.55884885502923,-0.999829581377122,0.0285276415055432
"NGC",-20,75.5124925470235,-19.9963940835432,0.58685353034007,89.6479510073019,89.2959020146037,1.55850749869307,-0.999819704177159,0.0293426765170035
"NGC",-20,75.5124925470494,-19.9961909752083,0.603154162186698,89.6381718686158,89.2763437372316,1.55816614235691,-0.999809548760413,0.0301577081093349
"NGC",-20,75.512492547079,-19.9959823025613,0.619454723751323,89.6283927299297,89.2567854598595,1.55782478602075,-0.999799115128065,0.0309727361875662
"NGC",-20,75.5124925471127,-19.9957680656266,0.635755213134564,89.6186135912437,89.2372271824873,1.55748342968459,-0.999788403281331,0.0317877606567282
"NGC",-20,75.512492547151,-19.9955482644292,0.652055628437013,89.6088344525576,89.2176689051152,1.55714207334842,-0.99977741322146,0.0326027814218507
"NGC",-20,75.5124925471945,-19.9953228989947,0.668355967759286,89.5990553138715,89.1981106277431,1.55680071701226,-0.999766144949733,0.0334177983879643
"NGC",-20,75.5124925472436,-19.9950919693493,0.684656229202005,89.5892761751855,89.178552350371,1.5564593606761,-0.999754598467463,0.0342328114601002
"NGC",-20,75.5124925472989,-19.9948554755199,0.700956410865792,89.5794970364994,89.1589940729989,1.55611800433994,-0.999742773775994,0.0350478205432896
"NGC",-20,75.512492547361,-19.9946134175341,0.717256510851312,89.5697178978134,89.1394357956267,1.55577664800378,-0.999730670876704,0.0358628255425656
"NGC",-20,75.5124925474306,-19.9943657954201,0.733556527259207,89.5599387591273,89.1198775182546,1.55543529166762,-0.999718289771005,0.0366778263629603
"NGC",-20,75.5124925475083,-19.9941126092068,0.749856458190141,89.5501596204412,89.1003192408825,1.55509393533145,-0.999705630460339,0.0374928229095071
"NGC",-20,75.512492547595,-19.9938538589236,0.76615630174479,89.5403804817552,89.0807609635104,1.55475257899529,-0.99969269294618,0.0383078150872395
"NGC",-20,75.5124925476915,-19.9935895446007,0.782456056023828,89.5306013430691,89.0612026861383,1.55441122265913,-0.999679477230036,0.0391228028011914
"NGC",-20,75.5124925477985,-19.993319666269,0.798755719127973,89.5208222043831,89.0416444087661,1.55406986632297,-0.999665983313448,0.0399377859563986
"NGC",-19.9999999999999,75.512492547917,-19.9930442239597,0.815055289157923,89.511043065697,89.022086131394,1.55372850998681,-0.999652211197987,0.0407527644578962
"NGC",-19.9999999999999,75.5124925480479,-19.9927632177052,0.8313547642144,89.5012639270109,89.0025278540219,1.55338715365065,-0.999638160885259,0.04156773821072
"NGC",-19.9999999999999,75.5124925481924,-19.992476647538,0.847654142398137,89.4914847883249,88.9829695766498,1.55304579731448,-0.9996238323769,0.0423827071199069
"NGC",-19.9999999999999,75.5124925483514,-19.9921845134916,0.863953421809869,89.4817056496388,88.9634112992777,1.55270444097832,-0.99960922567458,0.0431976710904934
"NGC",-19.9999999999999,75.5124925485262,-19.9918868156,0.880252600550374,89.4719265109528,88.9438530219055,1.55236308464216,-0.999594340780002,0.0440126300275187
"NGC",-19.9999999999999,75.512492548718,-19.991583553898,0.896551676720415,89.4621473722667,88.9242947445334,1.552021728306,-0.999579177694898,0.0448275838360207
"NGC",-19.9999999999999,75.5124925489279,-19.9912747284208,0.912850648420776,89.4523682335806,88.9047364671613,1.55168037196984,-0.999563736421038,0.0456425324210388
"NGC",-19.9999999999998,75.5124925491575,-19.9909603392044,0.929149513752257,89.4425890948946,88.8851781897892,1.55133901563367,-0.999548016960219,0.0464574756876128
"NGC",-19.9999999999998,75.5124925494081,-19.9906403862855,0.945448270815658,89.4328099562085,88.8656199124171,1.55099765929751,-0.999532019314273,0.0472724135407829
"NGC",-19.9999999999998,75.5124925496813,-19.9903148697013,0.96174691771183,89.4230308175225,88.846061635045,1.55065630296135,-0.999515743485065,0.0480873458855915
"NGC",-19.9999999999998,75.5124925499787,-19.9899837894898,0.978045452541603,89.4132516788364,88.8265033576728,1.55031494662519,-0.99949918947449,0.0489022726270802
"NGC",-19.9999999999997,75.5124925503019,-19.9896471456896,0.994343873405835,89.4034725401503,88.8069450803007,1.54997359028903,-0.999482357284479,0.0497171936702917
"NGC",-19.9999999999997,75.5124925506527,-19.9893049383398,1.0106421784054,89.3936934014643,88.7873868029286,1.54963223395287,-0.999465246916991,0.0505321089202698
"NGC",-19.9999999999996,75.512492551033,-19.9889571674804,1.02694036564117,89.3839142627782,88.7678285255565,1.5492908776167,-0.999447858374022,0.0513470182820583
"NGC",-19.9999999999996,75.5124925514447,-19.9886038331519,1.04323843321407,89.3741351240922,88.7482702481844,1.54894952128054,-0.999430191657596,0.0521619216607035
"NGC",-19.9999999999995,75.5124925518899,-19.9882449353954,1.05953637922502,89.3643559854061,88.7287119708122,1.54860816494438,-0.999412246769772,0.0529768189612508
"NGC",-19.9999999999995,75.5124925523706,-19.9878804742528,1.07583420177494,89.35457684672,88.7091536934401,1.54826680860822,-0.999394023712642,0.0537917100887471
"NGC",-19.9999999999994,75.5124925528892,-19.9875104497666,1.0921318989648,89.344797708034,88.689595416068,1.54792545227206,-0.999375522488329,0.0546065949482401
"NGC",-19.9999999999993,75.512492553448,-19.9871348619798,1.10842946889556,89.3350185693479,88.6700371386959,1.5475840959359,-0.999356743098989,0.0554214734447778
"NGC",-19.9999999999993,75.5124925540494,-19.9867537109362,1.12472690966821,89.3252394306619,88.6504788613237,1.54724273959973,-0.999337685546809,0.0562363454834107
"NGC",-19.9999999999992,75.512492554696,-19.9863669966802,1.14102421938378,89.3154602919758,88.6309205839516,1.54690138326357,-0.99931834983401,0.0570512109691888
"NGC",-19.9999999999991,75.5124925553905,-19.9859747192569,1.15732139614326,89.3056811532898,88.6113623065795,1.54656002692741,-0.999298735962846,0.0578660698071631
"NGC",-19.9999999999989,75.5124925561357,-19.985576878712,1.17361843804772,89.2959020146037,88.5918040292074,1.54621867059125,-0.999278843935602,0.058680921902386
"NGC",-19.9999999999988,75.5124925569344,-19.9851734750919,1.1899153431982,89.2861228759176,88.5722457518353,1.54587731425509,-0.999258673754594,0.0594957671599101
"NGC",-19.9999999999987,75.5124925577898,-19.9847645084435,1.20621210969581,89.2763437372316,88.5526874744632,1.54553595791892,-0.999238225422175,0.0603106054847906
"NGC",-19.9999999999985,75.512492558705,-19.9843499788145,1.22250873564164,89.2665645985455,88.533129197091,1.54519460158276,-0.999217498940726,0.061125436782082
"NGC",-19.9999999999984,75.5124925596833,-19.9839298862532,1.23880521913681,89.2567854598595,88.5135709197189,1.5448532452466,-0.999196494312662,0.0619402609568406
"NGC",-19.9999999999982,75.5124925607281,-19.9835042308086,1.25510155828247,89.2470063211734,88.4940126423468,1.54451188891044,-0.999175211540431,0.0627550779141235
"NGC",-19.999999999998,75.5124925618431,-19.9830730125302,1.27139775117977,89.2372271824873,88.4744543649747,1.54417053257428,-0.999153650626512,0.0635698875589884
"NGC",-19.9999999999978,75.5124925630319,-19.9826362314684,1.28769379592992,89.2274480438013,88.4548960876025,1.54382917623812,-0.999131811573418,0.0643846897964958
"NGC",-19.9999999999976,75.5124925642984,-19.9821938876739,1.30398969063411,89.2176689051152,88.4353378102304,1.54348781990195,-0.999109694383693,0.0651994845317053
"NGC",-19.9999999999973,75.5124925656465,-19.9817459811983,1.32028543339357,89.2078897664292,88.4157795328583,1.54314646356579,-0.999087299059915,0.0660142716696785
"NGC",-19.999999999997,75.5124925670805,-19.9812925120938,1.33658102230956,89.1981106277431,88.3962212554862,1.54280510722963,-0.999064625604692,0.0668290511154781
"NGC",-19.9999999999967,75.5124925686047,-19.9808334804133,1.35287645548335,89.188331489057,88.3766629781141,1.54246375089347,-0.999041674020667,0.0676438227741673
"NGC",-19.9999999999964,75.5124925702235,-19.9803688862103,1.36917173101624,89.178552350371,88.357104700742,1.54212239455731,-0.999018444310514,0.0684585865508121
"NGC",-19.999999999996,75.5124925719416,-19.9798987295388,1.38546684700956,89.1687732116849,88.3375464233698,1.54178103822114,-0.998994936476939,0.0692733423504781
"NGC",-19.9999999999957,75.5124925737639,-19.9794230104536,1.40176180156465,89.1589940729989,88.3179881459977,1.54143968188498,-0.998971150522681,0.0700880900782326
"NGC",-19.9999999999952,75.5124925756953,-19.9789417290102,1.41805659278289,89.1492149343128,88.2984298686256,1.54109832554882,-0.998947086450512,0.0709028296391443
"NGC",-19.9999999999948,75.5124925777409,-19.9784548852647,1.43435121876565,89.1394357956267,88.2788715912535,1.54075696921266,-0.998922744263235,0.0717175609382825
"NGC",-19.9999999999943,75.5124925799062,-19.9779624792737,1.45064567761438,89.1296566569407,88.2593133138814,1.5404156128765,-0.998898123963687,0.0725322838807192
"NGC",-19.9999999999937,75.5124925821966,-19.9774645110947,1.46693996743053,89.1198775182546,88.2397550365092,1.54007425654034,-0.998873225554736,0.0733469983715264
"NGC",-19.9999999999932,75.5124925846178,-19.9769609807857,1.48323408631556,89.1100983795686,88.2201967591371,1.53973290020417,-0.998848049039283,0.0741617043157779
"NGC",-19.9999999999925,75.5124925871759,-19.9764518884052,1.49952803237097,89.1003192408825,88.200638481765,1.53939154386801,-0.998822594420261,0.0749764016185486
"NGC",-19.9999999999919,75.5124925898769,-19.9759372340127,1.51582180369829,89.0905401021964,88.1810802043929,1.53905018753185,-0.998796861700637,0.0757910901849146
"NGC",-19.9999999999911,75.5124925927271,-19.9754170176682,1.53211539839909,89.0807609635104,88.1615219270208,1.53870883119569,-0.998770850883408,0.0766057699199546
"NGC",-19.9999999999904,75.5124925957331,-19.9748912394321,1.54840881457495,89.0709818248243,88.1419636496486,1.53836747485953,-0.998744561971605,0.0774204407287475
"NGC",-19.9999999999895,75.5124925989015,-19.9743598993658,1.56470205032748,89.0612026861383,88.1224053722765,1.53802611852336,-0.99871799496829,0.0782351025163738
"NGC",-19.9999999999886,75.5124926022394,-19.9738229975312,1.58099510375832,89.0514235474522,88.1028470949044,1.5376847621872,-0.998691149876559,0.0790497551879158
"NGC",-19.9999999999876,75.512492605754,-19.9732805339908,1.59728797296913,89.0416444087661,88.0832888175323,1.53734340585104,-0.998664026699539,0.0798643986484565
"NGC",-19.9999999999866,75.5124926094525,-19.9727325088078,1.61358065606164,89.0318652700801,88.0637305401602,1.53700204951488,-0.998636625440391,0.0806790328030821
"NGC",-19.9999999999855,75.5124926133426,-19.9721789220461,1.62987315113757,89.022086131394,88.044172262788,1.53666069317872,-0.998608946102306,0.0814936575568787
"NGC",-19.9999999999843,75.5124926174323,-19.9716197737702,1.64616545629869,89.012306992708,88.0246139854159,1.53631933684256,-0.99858098868851,0.0823082728149346
"NGC",-19.999999999983,75.5124926217296,-19.9710550640452,1.66245756964679,89.0025278540219,88.0050557080438,1.53597798050639,-0.99855275320226,0.0831228784823396
"NGC",-19.9999999999816,75.5124926262429,-19.9704847929369,1.67874948928369,88.9927487153358,87.9854974306717,1.53563662417023,-0.998524239646846,0.0839374744641845
"NGC",-19.9999999999801,75.5124926309807,-19.9699089605118,1.69504121331127,88.9829695766498,87.9659391532996,1.53529526783407,-0.998495448025588,0.0847520606655634
"NGC",-19.9999999999785,75.512492635952,-19.9693275668368,1.71133273983141,88.9731904379637,87.9463808759274,1.53495391149791,-0.998466378341841,0.0855666369915706
"NGC",-19.9999999999768,75.5124926411658,-19.9687406119799,1.72762406694605,88.9634112992777,87.9268225985553,1.53461255516175,-0.998437030598993,0.0863812033473024
"NGC",-19.999999999975,75.5124926466315,-19.9681480960092,1.74391519275714,88.9536321605916,87.9072643211832,1.53427119882558,-0.998407404800461,0.0871957596378569
"NGC",-19.9999999999731,75.5124926523587,-19.967550018994,1.76020611536667,88.9438530219055,87.8877060438111,1.53392984248942,-0.998377500949698,0.0880103057683334
"NGC",-19.9999999999711,75.5124926583575,-19.9669463810037,1.77649683287669,88.9340738832195,87.868147766439,1.53358848615326,-0.998347319050187,0.0888248416438347
"NGC",-19.9999999999689,75.5124926646379,-19.9663371821089,1.79278734338927,88.9242947445334,87.8485894890669,1.5332471298171,-0.998316859105443,0.0896393671694636
"NGC",-19.9999999999665,75.5124926712105,-19.9657224223803,1.8090776450065,88.9145156058474,87.8290312116947,1.53290577348094,-0.998286121119016,0.0904538822503252
"NGC",-19.999999999964,75.512492678086,-19.9651021018897,1.82536773583054,88.9047364671613,87.8094729343226,1.53256441714478,-0.998255105094487,0.0912683867915269
"NGC",-19.9999999999614,75.5124926852755,-19.9644762207093,1.84165761396354,88.8949573284752,87.7899146569505,1.53222306080861,-0.998223811035467,0.0920828806981768
"NGC",-19.9999999999586,75.5124926927905,-19.9638447789121,1.85794727750774,88.8851781897892,87.7703563795784,1.53188170447245,-0.998192238945604,0.092897363875387
"NGC",-19.9999999999556,75.5124927006424,-19.9632077765715,1.8742367245654,88.8753990511031,87.7507981022062,1.53154034813629,-0.998160388828574,0.0937118362282698
"NGC",-19.9999999999524,75.5124927088435,-19.9625652137618,1.8905259532388,88.8656199124171,87.7312398248341,1.53119899180013,-0.998128260688088,0.09452629766194
"NGC",-19.999999999949,75.512492717406,-19.9619170905578,1.90681496163029,88.855840773731,87.711681547462,1.53085763546397,-0.998095854527888,0.0953407480815143
"NGC",-19.9999999999454,75.5124927263424,-19.961263407035,1.92310374784222,88.846061635045,87.6921232700899,1.53051627912781,-0.99806317035175,0.0961551873921109
"NGC",-19.9999999999416,75.5124927356658,-19.9606041632696,1.93939230997704,88.8362824963589,87.6725649927178,1.53017492279164,-0.99803020816348,0.0969696154988519
"NGC",-19.9999999999375,75.5124927453894,-19.9599393593384,1.95568064613719,88.8265033576728,87.6530067153457,1.52983356645548,-0.997996967966918,0.0977840323068596
"NGC",-19.9999999999332,75.512492755527,-19.9592689953187,1.97196875442518,88.8167242189868,87.6334484379735,1.52949221011932,-0.997963449765936,0.0985984377212591
"NGC",-19.9999999999287,75.5124927660924,-19.9585930712888,1.98825663294355,88.8069450803007,87.6138901606014,1.52915085378316,-0.997929653564439,0.0994128316471776
"NGC",-19.9999999999239,75.5124927771,-19.9579115873272,2.00454427979488,88.7971659416147,87.5943318832293,1.528809497447,-0.997895579366362,0.100227213989744
"NGC",-19.9999999999188,75.5124927885646,-19.9572245435135,2.02083169308182,88.7873868029286,87.5747736058572,1.52846814111083,-0.997861227175674,0.101041584654091
"NGC",-19.9999999999134,75.512492800501,-19.9565319399276,2.03711887090704,88.7776076642425,87.555215328485,1.52812678477467,-0.997826596996378,0.101855943545352
"NGC",-19.9999999999077,75.5124928129249,-19.9558337766501,2.05340581137326,88.7678285255565,87.5356570511129,1.52778542843851,-0.997791688832506,0.102670290568663
"NGC",-19.9999999999017,75.5124928258519,-19.9551300537625,2.06969251258325,88.7580493868704,87.5160987737408,1.52744407210235,-0.997756502688124,0.103484625629162
"NGC",-19.9999999998953,75.5124928392982,-19.9544207713466,2.08597897263982,88.7482702481844,87.4965404963687,1.52710271576619,-0.997721038567331,0.104298948631991
"NGC",-19.9999999998886,75.5124928532805,-19.9537059294851,2.10226518964584,88.7384911094983,87.4769822189966,1.52676135943003,-0.997685296474257,0.105113259482292
"NGC",-19.9999999998815,75.5124928678156,-19.9529855282613,2.11855116170423,88.7287119708122,87.4574239416244,1.52642000309386,-0.997649276413064,0.105927558085212
"NGC",-19.999999999874,75.512492882921,-19.952259567759,2.13483688691795,88.7189328321262,87.4378656642523,1.5260786467577,-0.997612978387949,0.106741844345897
"NGC",-19.9999999998661,75.5124928986144,-19.9515280480628,2.15112236339,88.7091536934401,87.4183073868802,1.52573729042154,-0.997576402403138,0.1075561181695
"NGC",-19.9999999998577,75.5124929149139,-19.9507909692578,2.16740758922343,88.6993745547541,87.3987491095081,1.52539593408538,-0.99753954846289,0.108370379461171
"NGC",-19.9999999998489,75.5124929318382,-19.95004833143,2.18369256252138,88.689595416068,87.379190832136,1.52505457774922,-0.9975024165715,0.109184628126069
"NGC",-19.9999999998397,75.5124929494063,-19.9493001346658,2.19997728138701,88.6798162773819,87.3596325547639,1.52471322141305,-0.997465006733289,0.10999886406935
"NGC",-19.9999999998299,75.5124929676377,-19.9485463790523,2.21626174392352,88.6700371386959,87.3400742773917,1.52437186507689,-0.997427318952616,0.110813087196176
"NGC",-19.9999999998196,75.5124929865521,-19.9477870646774,2.2325459482342,88.6602580000098,87.3205160000196,1.52403050874073,-0.997389353233869,0.11162729741171
"NGC",-19.9999999998088,75.5124930061701,-19.9470221916294,2.24882989242234,88.6504788613237,87.3009577226475,1.52368915240457,-0.997351109581469,0.112441494621117
"NGC",-19.9999999997975,75.5124930265123,-19.9462517599974,2.26511357459137,88.6406997226377,87.2813994452754,1.52334779606841,-0.99731258799987,0.113255678729568
"NGC",-19.9999999997855,75.5124930476,-19.9454757698711,2.28139699284468,88.6309205839516,87.2618411679033,1.52300643973225,-0.997273788493557,0.114069849642234
"NGC",-19.9999999997729,75.5124930694549,-19.944694221341,2.29768014528579,88.6211414452656,87.2422828905311,1.52266508339608,-0.997234711067049,0.11488400726429
"NGC",-19.9999999997597,75.5124930920992,-19.9439071144979,2.31396303001824,88.6113623065795,87.222724613159,1.52232372705992,-0.997195355724897,0.115698151500912
"NGC",-19.9999999997458,75.5124931155555,-19.9431144494336,2.33024564514561,88.6015831678935,87.2031663357869,1.52198237072376,-0.997155722471681,0.116512282257281
"NGC",-19.9999999997313,75.512493139847,-19.9423162262404,2.34652798877161,88.5918040292074,87.1836080584148,1.5216410143876,-0.997115811312019,0.11732639943858
"NGC",-19.999999999716,75.5124931649974,-19.9415124450111,2.36281005899994,88.5820248905213,87.1640497810427,1.52129965805144,-0.997075622250555,0.118140502949997
"NGC",-19.9999999996999,75.5124931910307,-19.9407031058394,2.37909185393438,88.5722457518353,87.1444915036705,1.52095830171528,-0.997035155291971,0.118954592696719
"NGC",-19.999999999683,75.5124932179716,-19.9398882088196,2.39537337167879,88.5624666131492,87.1249332262984,1.52061694537911,-0.996994410440978,0.11976866858394
"NGC",-19.9999999996654,75.5124932458452,-19.9390677540464,2.41165461033706,88.5526874744632,87.1053749489263,1.52027558904295,-0.996953387702319,0.120582730516853
"NGC",-19.9999999996468,75.5124932746773,-19.9382417416154,2.42793556801318,88.5429083357771,87.0858166715542,1.51993423270679,-0.996912087080771,0.121396778400659
"NGC",-19.9999999996274,75.512493304494,-19.9374101716228,2.44421624281118,88.533129197091,87.0662583941821,1.51959287637063,-0.996870508581142,0.122210812140559
"NGC",-19.9999999996071,75.512493335322,-19.9365730441655,2.46049663283515,88.523350058405,87.0467001168099,1.51925152003447,-0.996828652208273,0.123024831641757
"NGC",-19.9999999995857,75.5124933671886,-19.9357303593407,2.47677673618925,88.5135709197189,87.0271418394378,1.5189101636983,-0.996786517967037,0.123838836809463
"NGC",-19.9999999995634,75.5124934001217,-19.9348821172468,2.49305655097772,88.5037917810328,87.0075835620657,1.51856880736214,-0.996744105862338,0.124652827548886
"NGC",-19.99999999954,75.5124934341496,-19.9340283179823,2.50933607530487,88.4940126423468,86.9880252846936,1.51822745102598,-0.996701415899115,0.125466803765243
"NGC",-19.9999999995156,75.5124934693013,-19.9331689616467,2.52561530727504,88.4842335036607,86.9684670073215,1.51788609468982,-0.996658448082336,0.126280765363752
"NGC",-19.99999999949,75.5124935056062,-19.9323040483401,2.54189424499269,88.4744543649747,86.9489087299494,1.51754473835366,-0.996615202417004,0.127094712249634
"NGC",-19.9999999994632,75.5124935430945,-19.931433578163,2.5581728865623,88.4646752262886,86.9293504525772,1.5172033820175,-0.996571678908152,0.127908644328115
"NGC",-19.9999999994353,75.5124935817969,-19.9305575512169,2.57445123008845,88.4548960876025,86.9097921752051,1.51686202568133,-0.996527877560846,0.128722561504423
"NGC",-19.999999999406,75.5124936217445,-19.9296759676037,2.59072927367581,88.4451169489165,86.890233897833,1.51652066934517,-0.996483798380186,0.12953646368379
"NGC",-19.9999999993754,75.5124936629694,-19.928788827426,2.60700701542907,88.4353378102304,86.8706756204609,1.51617931300901,-0.996439441371301,0.130350350771454
"NGC",-19.9999999993435,75.5124937055039,-19.9278961307871,2.62328445345304,88.4255586715444,86.8511173430887,1.51583795667285,-0.996394806539355,0.131164222672652
"NGC",-19.9999999993101,75.5124937493812,-19.9269978777908,2.63956158585258,88.4157795328583,86.8315590657166,1.51549660033669,-0.996349893889542,0.131978079292629
"NGC",-19.9999999992753,75.5124937946349,-19.9260940685418,2.65583841073263,88.4060003941723,86.8120007883445,1.51515524400052,-0.996304703427089,0.132791920536632
"NGC",-19.999999999239,75.5124938412995,-19.9251847031451,2.67211492619822,88.3962212554862,86.7924425109724,1.51481388766436,-0.996259235157256,0.133605746309911
"NGC",-19.999999999201,75.5124938894099,-19.9242697817067,2.68839113035444,88.3864421168001,86.7728842336003,1.5144725313282,-0.996213489085334,0.134419556517722
"NGC",-19.9999999991614,75.5124939390017,-19.9233493043329,2.70466702130647,88.3766629781141,86.7533259562281,1.51413117499204,-0.996167465216647,0.135233351065323
"NGC",-19.9999999991201,75.5124939901113,-19.922423271131,2.72094259715955,88.366883839428,86.733767678856,1.51378981865588,-0.996121163556551,0.136047129857978
"NGC",-19.9999999990771,75.5124940427756,-19.9214916822087,2.73721785601902,88.357104700742,86.7142094014839,1.51344846231972,-0.996074584110434,0.136860892800951
"NGC",-19.9999999990322,75.5124940970323,-19.9205545376743,2.75349279599031,88.3473255620559,86.6946511241118,1.51310710598355,-0.996027726883715,0.137674639799515
"NGC",-19.9999999989854,75.5124941529197,-19.919611837637,2.7697674151789,88.3375464233698,86.6750928467397,1.51276574964739,-0.995980591881847,0.138488370758945
"NGC",-19.9999999989366,75.5124942104767,-19.9186635822063,2.78604171169039,88.3277672846838,86.6555345693675,1.51242439331123,-0.995933179110315,0.139302085584519
"NGC",-19.9999999988858,75.512494269743,-19.9177097714927,2.80231568363043,88.3179881459977,86.6359762919954,1.51208303697507,-0.995885488574635,0.140115784181521
"NGC",-19.9999999988328,75.5124943307592,-19.9167504056071,2.81858932910476,88.3082090073117,86.6164180146233,1.51174168063891,-0.995837520280355,0.140929466455238
"NGC",-19.9999999987777,75.5124943935662,-19.9157854846611,2.83486264621925,88.2984298686256,86.5968597372512,1.51140032430274,-0.995789274233056,0.141743132310963
"NGC",-19.9999999987204,75.5124944582059,-19.914815008767,2.85113563307982,88.2886507299395,86.5773014598791,1.51105896796658,-0.995740750438352,0.142556781653991
"NGC",-19.9999999986606,75.5124945247209,-19.9138389780377,2.86740828779247,88.2788715912535,86.5577431825069,1.51071761163042,-0.995691948901886,0.143370414389623
"NGC",-19.9999999985985,75.5124945931545,-19.9128573925867,2.88368060846331,88.2690924525674,86.5381849051348,1.51037625529426,-0.995642869629337,0.144184030423165
"NGC",-19.9999999985339,75.5124946635507,-19.9118702525283,2.89995259319853,88.2593133138814,86.5186266277627,1.5100348989581,-0.995593512626413,0.144997629659926
"NGC",-19.9999999984666,75.5124947359543,-19.9108775579771,2.91622424010443,88.2495341751953,86.4990683503906,1.50969354262194,-0.995543877898856,0.145811212005221
"NGC",-19.9999999983967,75.512494810411,-19.9098793090488,2.93249554728739,88.2397550365093,86.4795100730185,1.50935218628577,-0.995493965452438,0.146624777364369
"NGC",-19.999999998324,75.512494886967,-19.9088755058593,2.94876651285387,88.2299758978232,86.4599517956464,1.50901082994961,-0.995443775292965,0.147438325642694
"NGC",-19.9999999982484,75.5124949656696,-19.9078661485255,2.96503713491046,88.2201967591371,86.4403935182742,1.50866947361345,-0.995393307426276,0.148251856745523
"NGC",-19.9999999981698,75.5124950465665,-19.9068512371648,2.9813074115638,88.2104176204511,86.4208352409021,1.50832811727729,-0.995342561858238,0.14906537057819
"NGC",-19.9999999980882,75.5124951297065,-19.9058307718951,2.99757734092069,88.200638481765,86.40127696353,1.50798676094113,-0.995291538594754,0.149878867046035
"NGC",-19.9999999980035,75.5124952151392,-19.9048047528351,3.01384692108798,88.1908593430789,86.3817186861579,1.50764540460497,-0.995240237641757,0.150692346054399
"NGC",-19.9999999979154,75.5124953029149,-19.9037731801042,3.03011615017262,88.1810802043929,86.3621604087858,1.5073040482688,-0.995188659005212,0.151505807508631
"NGC",-19.999999997824,75.5124953930847,-19.9027360538224,3.04638502628169,88.1713010657068,86.3426021314136,1.50696269193264,-0.995136802691118,0.152319251314085
"NGC",-19.9999999977291,75.5124954857007,-19.9016933741101,3.06265354752235,88.1615219270208,86.3230438540415,1.50662133559648,-0.995084668705505,0.153132677376117
"NGC",-19.9999999976305,75.5124955808157,-19.9006451410886,3.07892171200188,88.1517427883347,86.3034855766694,1.50627997926032,-0.995032257054432,0.153946085600094
"NGC",-19.9999999975283,75.5124956784833,-19.8995913548799,3.09518951782766,88.1419636496486,86.2839272992973,1.50593862292416,-0.994979567743995,0.154759475891383
"NGC",-19.9999999974222,75.5124957787583,-19.8985320156064,3.11145696310716,88.1321845109626,86.2643690219251,1.50559726658799,-0.994926600780319,0.155572848155358
"NGC",-19.9999999973122,75.5124958816959,-19.8974671233912,3.12772404594797,88.1224053722765,86.244810744553,1.50525591025183,-0.994873356169562,0.156386202297399
"NGC",-19.999999997198,75.5124959873525,-19.8963966783582,3.1439907644578,88.1126262335905,86.2252524671809,1.50491455391567,-0.994819833917912,0.15719953822289
"NGC",-19.9999999970797,75.5124960957854,-19.8953206806318,3.16025711674446,88.1028470949044,86.2056941898088,1.50457319757951,-0.994766034031592,0.158012855837223
"NGC",-19.999999996957,75.5124962070526,-19.8942391303371,3.17652310091586,88.0930679562183,86.1861359124367,1.50423184124335,-0.994711956516855,0.158826155045793
"NGC",-19.9999999968297,75.5124963212131,-19.8931520275997,3.19278871508005,88.0832888175323,86.1665776350646,1.50389048490719,-0.994657601379987,0.159639435754002
"NGC",-19.9999999966979,75.5124964383269,-19.8920593725461,3.20905395734516,88.0735096788462,86.1470193576924,1.50354912857102,-0.994602968627305,0.160452697867258
"NGC",-19.9999999965613,75.5124965584548,-19.8909611653032,3.22531882581944,88.0637305401602,86.1274610803203,1.50320777223486,-0.994548058265158,0.161265941290972
"NGC",-19.9999999964198,75.5124966816587,-19.8898574059985,3.24158331861131,88.0539514014741,86.1079028029482,1.5028664158987,-0.994492870299927,0.162079165930566
"NGC",-19.9999999962732,75.5124968080012,-19.8887480947605,3.25784743382924,88.044172262788,86.0883445255761,1.50252505956254,-0.994437404738026,0.162892371691462
"NGC",-19.9999999961213,75.5124969375461,-19.887633231718,3.27411116958185,88.034393124102,86.068786248204,1.50218370322638,-0.994381661585899,0.163705558479093
"NGC",-19.9999999959641,75.5124970703581,-19.8865128170005,3.29037452397788,88.0246139854159,86.0492279708318,1.50184234689021,-0.994325640850024,0.164518726198894
"NGC",-19.9999999958014,75.5124972065028,-19.8853868507382,3.30663749512617,88.0148348467299,86.0296696934597,1.50150099055405,-0.994269342536909,0.165331874756309
"NGC",-19.9999999956329,75.5124973460468,-19.8842553330619,3.32290008113573,88.0050557080438,86.0101114160876,1.50115963421789,-0.994212766653095,0.166145004056787
"NGC",-19.9999999954585,75.5124974890578,-19.8831182641031,3.33916228011566,87.9952765693577,85.9905531387155,1.50081827788173,-0.994155913205154,0.166958114005783
"NGC",-19.9999999952781,75.5124976356043,-19.8819756439938,3.35542409017518,87.9854974306717,85.9709948613434,1.50047692154557,-0.994098782199691,0.167771204508759
"NGC",-19.9999999950914,75.5124977857562,-19.8808274728668,3.37168550942366,87.9757182919856,85.9514365839712,1.50013556520941,-0.994041373643342,0.168584275471183
"NGC",-19.9999999948983,75.512497939584,-19.8796737508555,3.38794653597058,87.9659391532996,85.9318783065991,1.49979420887324,-0.993983687542775,0.169397326798529
"NGC",-19.9999999946986,75.5124980971594,-19.8785144780938,3.40420716792558,87.9561600146135,85.912320029227,1.49945285253708,-0.99392572390469,0.170210358396279
"NGC",-19.999999994492,75.5124982585553,-19.8773496547164,3.4204674033984,87.9463808759274,85.8927617518549,1.49911149620092,-0.993867482735819,0.17102337016992
"NGC",-19.9999999942785,75.5124984238454,-19.8761792808585,3.43672724049892,87.9366017372414,85.8732034744828,1.49877013986476,-0.993808964042924,0.171836362024946
"NGC",-19.9999999940577,75.5124985931047,-19.875003356656,3.45298667733717,87.9268225985553,85.8536451971106,1.4984287835286,-0.993750167832802,0.172649333866858
"NGC",-19.9999999938295,75.512498766409,-19.8738218822456,3.46924571202328,87.9170434598693,85.8340869197385,1.49808742719244,-0.993691094112278,0.173462285601164
"NGC",-19.9999999935937,75.5124989438355,-19.8726348577643,3.48550434266759,87.9072643211832,85.8145286423664,1.49774607085627,-0.993631742888213,0.174275217133379
"NGC",-19.9999999933501,75.5124991254623,-19.8714422833499,3.50176256738051,87.8974851824971,85.7949703649943,1.49740471452011,-0.993572114167495,0.175088128369025
"NGC",-19.9999999930983,75.5124993113687,-19.870244159141,3.51802038427261,87.8877060438111,85.7754120876222,1.49706335818395,-0.993512207957049,0.17590101921363
"NGC",-19.9999999928383,75.512499501635,-19.8690404852765,3.53427779145461,87.877926905125,85.75585381025,1.49672200184779,-0.993452024263827,0.176713889572731
"NGC",-19.9999999925697,75.5124996963428,-19.8678312618963,3.55053478703737,87.868147766439,85.7362955328779,1.49638064551163,-0.993391563094815,0.177526739351869
"NGC",-19.9999999922924,75.5124998955747,-19.8666164891406,3.56679136913191,87.8583686277529,85.7167372555058,1.49603928917546,-0.99333082445703,0.178339568456596
"NGC",-19.999999992006,75.5125000994145,-19.8653961671505,3.58304753584937,87.8485894890669,85.6971789781337,1.4956979328393,-0.993269808357522,0.179152376792469
"NGC",-19.9999999917104,75.5125003079472,-19.8641702960674,3.59930328530107,87.8388103503808,85.6776207007616,1.49535657650314,-0.993208514803372,0.179965164265053
"NGC",-19.9999999914052,75.5125005212589,-19.8629388760338,3.61555861559844,87.8290312116947,85.6580624233894,1.49501522016698,-0.993146943801691,0.180777930779922
"NGC",-19.9999999910902,75.5125007394369,-19.8617019071925,3.63181352485309,87.8192520730087,85.6385041460173,1.49467386383082,-0.993085095359624,0.181590676242654
"NGC",-19.9999999907652,75.5125009625698,-19.8604593896869,3.64806801117679,87.8094729343226,85.6189458686452,1.49433250749466,-0.993022969484346,0.18240340055884
"NGC",-19.9999999904299,75.5125011907472,-19.8592113236613,3.66432207268145,87.7996937956365,85.5993875912731,1.49399115115849,-0.992960566183065,0.183216103634073
"NGC",-19.9999999900839,75.5125014240601,-19.8579577092604,3.68057570747915,87.7899146569505,85.579829313901,1.49364979482233,-0.992897885463019,0.184028785373957
"NGC",-19.9999999897271,75.5125016626008,-19.8566985466296,3.6968289136821,87.7801355182644,85.5602710365288,1.49330843848617,-0.992834927331479,0.184841445684105
"NGC",-19.999999989359,75.5125019064624,-19.8554338359149,3.71308168940269,87.7703563795784,85.5407127591567,1.49296708215001,-0.992771691795747,0.185654084470134
"NGC",-19.9999999889795,75.5125021557399,-19.8541635772631,3.72933403275349,87.7605772408923,85.5211544817846,1.49262572581385,-0.992708178863156,0.186466701637674
"NGC",-19.9999999885881,75.5125024105289,-19.8528877708215,3.7455859418472,87.7507981022063,85.5015962044125,1.49228436947768,-0.992644388541073,0.18727929709236
"NGC",-19.9999999881847,75.5125026709268,-19.8516064167378,3.76183741479672,87.7410189635202,85.4820379270404,1.49194301314152,-0.992580320836892,0.188091870739836
"NGC",-19.9999999877688,75.5125029370319,-19.8503195151609,3.77808844971507,87.7312398248341,85.4624796496683,1.49160165680536,-0.992515975758043,0.188904422485754
"NGC",-19.9999999873402,75.5125032089441,-19.8490270662397,3.79433904471548,87.7214606861481,85.4429213722961,1.4912603004692,-0.992451353311986,0.189716952235774
"NGC",-19.9999999868984,75.5125034867644,-19.8477290701242,3.81058919791134,87.711681547462,85.423363094924,1.49091894413304,-0.992386453506211,0.190529459895567
"NGC",-19.9999999864432,75.5125037705953,-19.8464255269648,3.82683890741622,87.701902408776,85.4038048175519,1.49057758779688,-0.992321276348241,0.191341945370811
"NGC",-19.9999999859743,75.5125040605403,-19.8451164369126,3.84308817134383,87.6921232700899,85.3842465401798,1.49023623146071,-0.992255821845631,0.192154408567192
"NGC",-19.9999999854912,75.5125043567047,-19.8438018001193,3.8593369878081,87.6823441314038,85.3646882628076,1.48989487512455,-0.992190090005965,0.192966849390405
"NGC",-19.9999999849936,75.5125046591946,-19.8424816167372,3.87558535492309,87.6725649927178,85.3451299854355,1.48955351878839,-0.992124080836861,0.193779267746155
"NGC",-19.9999999844811,75.5125049681181,-19.8411558869194,3.8918332708031,87.6627858540317,85.3255717080634,1.48921216245223,-0.992057794345968,0.194591663540155
"NGC",-19.9999999839534,75.5125052835842,-19.8398246108193,3.90808073356257,87.6530067153456,85.3060134306913,1.48887080611607,-0.991991230540965,0.195404036678128
"NGC",-19.99999998341,75.5125056057034,-19.8384877885913,3.92432774131612,87.6432275766596,85.2864551533192,1.4885294497799,-0.991924389429563,0.196216387065806
"NGC",-19.9999999828506,75.5125059345877,-19.8371454203901,3.94057429217857,87.6334484379735,85.266896875947,1.48818809344374,-0.991857271019505,0.197028714608929
"NGC",-19.9999999822748,75.5125062703504,-19.8357975063713,3.95682038426492,87.6236692992875,85.247338598575,1.48784673710758,-0.991789875318565,0.197841019213246
"NGC",-19.9999999816821,75.5125066131063,-19.8344440466909,3.97306601569039,87.6138901606014,85.2277803212028,1.48750538077142,-0.991722202334547,0.198653300784519
"NGC",-19.9999999810721,75.5125069629715,-19.8330850415058,3.98931118457033,87.6041110219153,85.2082220438307,1.48716402443526,-0.991654252075289,0.199465559228517
"NGC",-19.9999999804444,75.5125073200639,-19.8317204909732,4.00555588902035,87.5943318832293,85.1886637664586,1.4868226680991,-0.991586024548658,0.200277794451017
"NGC",-19.9999999797985,75.5125076845023,-19.8303503952511,4.02180012715619,87.5845527445432,85.1691054890864,1.48648131176293,-0.991517519762554,0.201090006357809
"NGC",-19.9999999791341,75.5125080564075,-19.8289747544981,4.03804389709382,87.5747736058572,85.1495472117143,1.48613995542677,-0.991448737724907,0.201902194854691
"NGC",-19.9999999784505,75.5125084359014,-19.8275935688735,4.05428719694943,87.5649944671711,85.1299889343422,1.48579859909061,-0.991379678443677,0.202714359847472
"NGC",-19.9999999777475,75.5125088231077,-19.8262068385372,4.07053002483938,87.555215328485,85.1104306569701,1.48545724275445,-0.991310341926859,0.203526501241969
"NGC",-19.9999999770245,75.5125092181515,-19.8248145636495,4.08677237888024,87.545436189799,85.090872379598,1.48511588641829,-0.991240728182476,0.204338618944012
"NGC",-19.999999976281,75.5125096211592,-19.8234167443717,4.10301425718877,87.5356570511129,85.0713141022259,1.48477453008213,-0.991170837218583,0.205150712859439
"NGC",-19.9999999755165,75.512510032259,-19.8220133808654,4.11925565788196,87.5258779124269,85.0517558248537,1.48443317374596,-0.991100669043268,0.205962782894098
"NGC",-19.9999999747305,75.5125104515806,-19.8206044732929,4.135496579077,87.5160987737408,85.0321975474816,1.4840918174098,-0.991030223664646,0.20677482895385
"NGC",-19.9999999739226,75.5125108792552,-19.8191900218173,4.15173701889131,87.5063196350548,85.0126392701095,1.48375046107364,-0.990959501090867,0.207586850944565
"NGC",-19.9999999730921,75.5125113154156,-19.8177700266022,4.16797697544248,87.4965404963687,84.9930809927374,1.48340910473748,-0.99088850133011,0.208398848772124
"NGC",-19.9999999722385,75.5125117601961,-19.8163444878117,4.18421644684834,87.4867613576826,84.9735227153653,1.48306774840132,-0.990817224390587,0.209210822342417
"NGC",-19.9999999713613,75.5125122137328,-19.8149134056108,4.20045543122693,87.4769822189966,84.9539644379932,1.48272639206515,-0.990745670280539,0.210022771561347
"NGC",-19.99999997046,75.5125126761632,-19.8134767801648,4.21669392669655,87.4672030803105,84.934406160621,1.48238503572899,-0.990673839008239,0.210834696334827
"NGC",-19.9999999695339,75.5125131476265,-19.8120346116398,4.23293193137565,87.4574239416245,84.9148478832489,1.48204367939283,-0.99060173058199,0.211646596568782
"NGC",-19.9999999685825,75.5125136282636,-19.8105869002026,4.24916944338295,87.4476448029384,84.8952896058768,1.48170232305667,-0.99052934501013,0.212458472169148
"NGC",-19.9999999676051,75.5125141182168,-19.8091336460204,4.26540646083739,87.4378656642523,84.8757313285047,1.48136096672051,-0.990456682301021,0.21327032304187
"NGC",-19.9999999666013,75.5125146176305,-19.8076748492613,4.28164298185812,87.4280865255663,84.8561730511325,1.48101961038435,-0.990383742463063,0.214082149092906
"NGC",-19.9999999655703,75.5125151266503,-19.8062105100936,4.29787900456455,87.4183073868802,84.8366147737604,1.48067825404818,-0.990310525504682,0.214893950228228
"NGC",-19.9999999645116,75.5125156454237,-19.8047406286868,4.3141145270763,87.4085282481942,84.8170564963883,1.48033689771202,-0.990237031434338,0.215705726353815
"NGC",-19.9999999634245,75.5125161741,-19.8032652052104,4.33034954751322,87.3987491095081,84.7974982190162,1.47999554137586,-0.99016326026052,0.216517477375661
"NGC",-19.9999999623083,75.51251671283,-19.801784239835,4.34658406399542,87.388969970822,84.7779399416441,1.4796541850397,-0.990089211991748,0.217329203199771
"NGC",-19.9999999611625,75.5125172617664,-19.8002977327315,4.36281807464321,87.379190832136,84.758381664272,1.47931282870354,-0.990014886636574,0.21814090373216
"NGC",-19.9999999599862,75.5125178210637,-19.7988056840716,4.37905157757719,87.3694116934499,84.7388233868998,1.47897147236737,-0.98994028420358,0.218952578878859
"NGC",-19.9999999587789,75.5125183908777,-19.7973080940276,4.39528457091817,87.3596325547639,84.7192651095277,1.47863011603121,-0.989865404701378,0.219764228545908
"NGC",-19.9999999575398,75.5125189713665,-19.7958049627723,4.41151705278721,87.3498534160778,84.6997068321556,1.47828875969505,-0.989790248138614,0.22057585263936
"NGC",-19.9999999562682,75.5125195626898,-19.7942962904792,4.42774902130563,87.3400742773917,84.6801485547835,1.47794740335889,-0.989714814523961,0.221387451065281
"NGC",-19.9999999549634,75.5125201650089,-19.7927820773225,4.44398047459498,87.3302951387057,84.6605902774114,1.47760604702273,-0.989639103866124,0.222199023729749
"NGC",-19.9999999536246,75.5125207784871,-19.7912623234768,4.46021141077709,87.3205160000196,84.6410320000392,1.47726469068657,-0.98956311617384,0.223010570538855
"NGC",-19.9999999522511,75.5125214032896,-19.7897370291175,4.47644182797403,87.3107368613336,84.6214737226671,1.4769233343504,-0.989486851455874,0.223822091398702
"NGC",-19.9999999508422,75.5125220395832,-19.7882061944205,4.49267172430813,87.3009577226475,84.601915445295,1.47658197801424,-0.989410309721026,0.224633586215406
"NGC",-19.9999999493969,75.5125226875366,-19.7866698195624,4.50890109790196,87.2911785839614,84.5823571679229,1.47624062167808,-0.989333490978122,0.225445054895098
"NGC",-19.9999999479146,75.5125233473206,-19.7851279047204,4.52512994687837,87.2813994452754,84.5627988905508,1.47589926534192,-0.98925639523602,0.226256497343919
"NGC",-19.9999999463944,75.5125240191075,-19.7835804500722,4.5413582693605,87.2716203065893,84.5432406131786,1.47555790900576,-0.98917902250361,0.227067913468025
"NGC",-19.9999999448355,75.5125247030718,-19.7820274557962,4.55758606347171,87.2618411679033,84.5236823358065,1.4752165526696,-0.989101372789812,0.227879303173586
"NGC",-19.9999999432371,75.5125253993897,-19.7804689220715,4.57381332733566,87.2520620292172,84.5041240584344,1.47487519633343,-0.989023446103576,0.228690666366783
"NGC",-19.9999999415982,75.5125261082394,-19.7789048490777,4.59004005907627,87.2422828905311,84.4845657810623,1.47453383999727,-0.988945242453883,0.229502002953813
"NGC",-19.9999999399181,75.512526829801,-19.7773352369949,4.60626625681772,87.2325037518451,84.4650075036902,1.47419248366111,-0.988866761849743,0.230313312840886
"NGC",-19.9999999381958,75.5125275642567,-19.775760086004,4.62249191868452,87.222724613159,84.445449226318,1.47385112732495,-0.988788004300199,0.231124595934226
"NGC",-19.9999999364304,75.5125283117904,-19.7741793962864,4.63871704280139,87.212945474473,84.4258909489459,1.47350977098879,-0.988708969814322,0.23193585214007
"NGC",-19.999999934621,75.5125290725882,-19.7725931680243,4.65494162729339,87.2031663357869,84.4063326715738,1.47316841465262,-0.988629658401216,0.23274708136467
"NGC",-19.9999999327667,75.5125298468379,-19.7710014014002,4.67116567028583,87.1933871971008,84.3867743942017,1.47282705831646,-0.988550070070012,0.233558283514291
"NGC",-19.9999999308665,75.5125306347296,-19.7694040965975,4.6873891699043,87.1836080584148,84.3672161168296,1.4724857019803,-0.988470204829874,0.234369458495215
"NGC",-19.9999999289194,75.5125314364552,-19.7678012537999,4.70361212427472,87.1738289197287,84.3476578394574,1.47214434564414,-0.988390062689995,0.235180606213736
"NGC",-19.9999999269245,75.5125322522089,-19.766192873192,4.71983453152328,87.1640497810426,84.3280995620853,1.47180298930798,-0.9883096436596,0.235991726576164
"NGC",-19.9999999248807,75.5125330821866,-19.7645789549588,4.73605638977645,87.1542706423566,84.3085412847132,1.47146163297182,-0.988228947747942,0.236802819488823
"NGC",-19.9999999227871,75.5125339265865,-19.7629594992861,4.75227769716102,87.1444915036705,84.2889830073411,1.47112027663565,-0.988147974964306,0.237613884858051
"NGC",-19.9999999206425,75.5125347856088,-19.7613345063601,4.76849845180406,87.1347123649845,84.269424729969,1.47077892029949,-0.988066725318005,0.238424922590203
"NGC",-19.999999918446,75.5125356594557,-19.7597039763677,4.78471865183297,87.1249332262984,84.2498664525968,1.47043756396333,-0.987985198818385,0.239235932591648
"NGC",-19.9999999161964,75.5125365483317,-19.7580679094964,4.80093829537544,87.1151540876124,84.2303081752247,1.47009620762717,-0.987903395474821,0.240046914768772
"NGC",-19.9999999138927,75.5125374524432,-19.7564263059343,4.81715738055945,87.1053749489263,84.2107498978526,1.46975485129101,-0.987821315296717,0.240857869027973
"NGC",-19.9999999115336,75.5125383719988,-19.7547791658702,4.83337590551333,87.0955958102402,84.1911916204805,1.46941349495484,-0.987738958293508,0.241668795275667
"NGC",-19.9999999091182,75.5125393072094,-19.7531264894932,4.84959386836569,87.0858166715542,84.1716333431084,1.46907213861868,-0.987656324474659,0.242479693418284
"NGC",-19.9999999066453,75.5125402582878,-19.7514682769933,4.86581126724548,87.0760375328681,84.1520750657362,1.46873078228252,-0.987573413849665,0.243290563362274
"NGC",-19.9999999041136,75.5125412254492,-19.749804528561,4.88202810028195,87.0662583941821,84.1325167883641,1.46838942594636,-0.987490226428051,0.244101405014097
"NGC",-19.999999901522,75.5125422089109,-19.7481352443874,4.89824436560468,87.056479255496,84.112958510992,1.4680480696102,-0.987406762219372,0.244912218280234
"NGC",-19.9999998988692,75.5125432088924,-19.7464604246643,4.91446006134359,87.04670011681,84.0934002336199,1.46770671327404,-0.987323021233214,0.245723003067179
"NGC",-19.9999998961541,75.5125442256154,-19.7447800695838,4.93067518562889,87.0369209781239,84.0738419562478,1.46736535693787,-0.98723900347919,0.246533759281444
"NGC",-19.9999998933754,75.5125452593039,-19.7430941793389,4.94688973659116,87.0271418394378,84.0542836788756,1.46702400060171,-0.987154708966944,0.247344486829558
"NGC",-19.9999998905318,75.512546310184,-19.7414027541231,4.9631037123613,87.0173627007518,84.0347254015035,1.46668264426555,-0.987070137706153,0.248155185618065
"NGC",-19.999999887622,75.5125473784843,-19.7397057941304,4.97931711107053,87.0075835620657,84.0151671241314,1.46634128792939,-0.986985289706519,0.248965855553527
"NGC",-19.9999998846447,75.5125484644355,-19.7380032995555,4.99552993085044,86.9978044233796,83.9956088467593,1.46599993159323,-0.986900164977777,0.249776496542522
"NGC",-19.9999998815985,75.5125495682707,-19.7362952705938,5.01174216983292,86.9880252846936,83.9760505693872,1.46565857525706,-0.986814763529691,0.250587108491646
"NGC",-19.9999998784822,75.5125506902252,-19.7345817074411,5.02795382615025,86.9782461460075,83.9564922920151,1.4653172189209,-0.986729085372053,0.251397691307513
"NGC",-19.9999998752942,75.5125518305368,-19.7328626102937,5.04416489793503,86.9684670073215,83.9369340146429,1.46497586258474,-0.986643130514686,0.252208244896752
"NGC",-19.9999998720332,75.5125529894455,-19.7311379793489,5.06037538332023,86.9586878686354,83.9173757372708,1.46463450624858,-0.986556898967444,0.253018769166011
"NGC",-19.9999998686978,75.5125541671936,-19.7294078148042,5.07658528043914,86.9489087299493,83.8978174598987,1.46429314991242,-0.986470390740209,0.253829264021957
"NGC",-19.9999998652866,75.512555364026,-19.7276721168578,5.09279458742544,86.9391295912633,83.8782591825266,1.46395179357626,-0.986383605842891,0.254639729371272
"NGC",-19.9999998617979,75.5125565801897,-19.7259308857086,5.10900330241316,86.9293504525772,83.8587009051544,1.46361043724009,-0.986296544285433,0.255450165120658
"NGC",-19.9999998582304,75.5125578159345,-19.7241841215561,5.1252114235367,86.9195713138912,83.8391426277823,1.46326908090393,-0.986209206077804,0.256260571176835
"NGC",-19.9999998545825,75.5125590715123,-19.7224318246001,5.1414189489308,86.9097921752051,83.8195843504102,1.46292772456777,-0.986121591230006,0.25707094744654
"NGC",-19.9999998508527,75.5125603471774,-19.7206739950413,5.1576258767306,86.900013036519,83.8000260730381,1.46258636823161,-0.986033699752067,0.25788129383653
"NGC",-19.9999998470393,75.5125616431868,-19.7189106330809,5.17383220507159,86.890233897833,83.780467795666,1.46224501189545,-0.985945531654047,0.25869161025358
"NGC",-19.9999998431409,75.5125629597998,-19.7171417389207,5.19003793208966,86.8804547591469,83.7609095182939,1.46190365555929,-0.985857086946033,0.259501896604483
"NGC",-19.9999998391557,75.5125642972783,-19.7153673127629,5.20624305592104,86.8706756204609,83.7413512409217,1.46156229922312,-0.985768365638144,0.260312152796052
"NGC",-19.9999998350821,75.5125656558866,-19.7135873548105,5.22244757470239,86.8608964817748,83.7217929635496,1.46122094288696,-0.985679367740525,0.261122378735119
"NGC",-19.9999998309184,75.5125670358916,-19.7118018652671,5.23865148657071,86.8511173430887,83.7022346861775,1.4608795865508,-0.985590093263353,0.261932574328535
"NGC",-19.999999826663,75.5125684375625,-19.7100108443366,5.2548547896634,86.8413382044027,83.6826764088054,1.46053823021464,-0.985500542216832,0.26274273948317
"NGC",-19.9999998223141,75.5125698611715,-19.7082142922239,5.27105748211828,86.8315590657166,83.6631181314333,1.46019687387848,-0.985410714611197,0.263552874105914
"NGC",-19.9999998178699,75.5125713069929,-19.7064122091342,5.28725956207353,86.8217799270306,83.6435598540611,1.45985551754231,-0.985320610456712,0.264362978103677
"NGC",-19.9999998133286,75.512572775304,-19.7046045952734,5.30346102766775,86.8120007883445,83.624001576689,1.45951416120615,-0.985230229763668,0.265173051383387
"NGC",-19.9999998086885,75.5125742663842,-19.7027914508477,5.31966187703992,86.8022216496584,83.6044432993169,1.45917280486999,-0.985139572542386,0.265983093851996
"NGC",-19.9999998039478,75.5125757805161,-19.7009727760644,5.33586210832942,86.7924425109724,83.5848850219448,1.45883144853383,-0.985048638803218,0.266793105416471
"NGC",-19.9999997991044,75.5125773179844,-19.6991485711308,5.35206171967609,86.7826633722863,83.5653267445727,1.45849009219767,-0.984957428556541,0.267603085983804
"NGC",-19.9999997941565,75.5125788790768,-19.6973188362553,5.36826070922011,86.7728842336003,83.5457684672005,1.45814873586151,-0.984865941812765,0.268413035461006
"NGC",-19.9999997891023,75.5125804640836,-19.6954835716465,5.38445907510213,86.7631050949142,83.5262101898284,1.45780737952534,-0.984774178582326,0.269222953755106
"NGC",-19.9999997839397,75.5125820732976,-19.6936427775138,5.40065681546317,86.7533259562281,83.5066519124563,1.45746602318918,-0.984682138875689,0.270032840773159
"NGC",-19.9999997786668,75.5125837070144,-19.691796454067,5.41685392844471,86.7435468175421,83.4870936350842,1.45712466685302,-0.98458982270335,0.270842696422236
"NGC",-19.9999997732815,75.5125853655326,-19.6899446015166,5.43305041218864,86.733767678856,83.4675353577121,1.45678331051686,-0.98449723007583,0.271652520609432
"NGC",-19.9999997677818,75.512587049153,-19.6880872200737,5.44924626483728,86.72398854017,83.4479770803399,1.4564419541807,-0.984404361003683,0.272462313241864
"NGC",-19.9999997621655,75.5125887581795,-19.6862243099498,5.46544148453337,86.7142094014839,83.4284188029678,1.45610059784453,-0.984311215497488,0.273272074226668
"NGC",-19.9999997564307,75.5125904929189,-19.6843558713571,5.48163606942009,86.7044302627978,83.4088605255957,1.45575924150837,-0.984217793567854,0.274081803471005
"NGC",-19.9999997505752,75.5125922536803,-19.6824819045084,5.49783001764106,86.6946511241118,83.3893022482236,1.45541788517221,-0.984124095225419,0.274891500882053
"NGC",-19.9999997445967,75.512594040776,-19.680602409617,5.51402332734035,86.6848719854257,83.3697439708515,1.45507652883605,-0.984030120480849,0.275701166367018
"NGC",-19.999999738493,75.512595854521,-19.6787173868967,5.53021599666247,86.6750928467397,83.3501856934793,1.45473517249989,-0.983935869344837,0.276510799833123
"NGC",-19.999999732262,75.5125976952331,-19.6768268365622,5.54640802375236,86.6653137080536,83.3306274161072,1.45439381616373,-0.983841341828108,0.277320401187618
"NGC",-19.9999997259014,75.512599563233,-19.6749307588282,5.56259940675544,86.6555345693675,83.3110691387351,1.45405245982756,-0.983746537941411,0.278129970337772
"NGC",-19.9999997194087,75.5126014588443,-19.6730291539105,5.57879014381755,86.6457554306815,83.291510861363,1.4537111034914,-0.983651457695527,0.278939507190878
"NGC",-19.9999997127818,75.5126033823933,-19.6711220220253,5.59498023308505,86.6359762919954,83.2719525839909,1.45336974715524,-0.983556101101263,0.279749011654252
"NGC",-19.9999997060182,75.5126053342095,-19.6692093633891,5.6111696727047,86.6261971533094,83.2523943066187,1.45302839081908,-0.983460468169454,0.280558483635235
"NGC",-19.9999996991155,75.5126073146251,-19.6672911782193,5.62735846082375,86.6164180146233,83.2328360292466,1.45268703448292,-0.983364558910965,0.281367923041188
"NGC",-19.9999996920713,75.5126093239754,-19.6653674667338,5.64354659558993,86.6066388759373,83.2132777518745,1.45234567814675,-0.983268373336688,0.282177329779497
"NGC",-19.999999684883,75.5126113625984,-19.6634382291509,5.65973407515143,86.5968597372512,83.1937194745024,1.45200432181059,-0.983171911457544,0.282986703757571
"NGC",-19.9999996775481,75.5126134308353,-19.6615034656896,5.67592089765692,86.5870805985651,83.1741611971303,1.45166296547443,-0.983075173284478,0.283796044882846
"NGC",-19.9999996700642,75.5126155290303,-19.6595631765694,5.69210706125557,86.5773014598791,83.1546029197581,1.45132160913827,-0.982978158828469,0.284605353062778
"NGC",-19.9999996624285,75.5126176575304,-19.6576173620104,5.708292564097,86.567522321193,83.135044642386,1.45098025280211,-0.98288086810052,0.28541462820485
"NGC",-19.9999996546386,75.5126198166859,-19.6556660222333,5.72447740433135,86.557743182507,83.1154863650139,1.45063889646595,-0.982783301111663,0.286223870216567
"NGC",-19.9999996466916,75.51262200685,-19.6537091574592,5.74066158010921,86.5479640438209,83.0959280876418,1.45029754012978,-0.982685457872958,0.287033079005461
"NGC",-19.9999996385848,75.512624228379,-19.6517467679098,5.75684508958174,86.5381849051348,83.0763698102697,1.44995618379362,-0.982587338395491,0.287842254479087
"NGC",-19.9999996303157,75.5126264816321,-19.6497788538076,5.77302793090053,86.5284057664488,83.0568115328976,1.44961482745746,-0.982488942690378,0.288651396545027
"NGC",-19.9999996218812,75.512628766972,-19.6478054153752,5.78921010221771,86.5186266277627,83.0372532555254,1.4492734711213,-0.982390270768761,0.289460505110885
"NGC",-19.9999996132787,75.5126310847641,-19.6458264528362,5.8053916016859,86.5088474890767,83.0176949781533,1.44893211478514,-0.982291322641811,0.290269580084295
"NGC",-19.9999996045053,75.5126334353772,-19.6438419664145,5.82157242745823,86.4990683503906,82.9981367007812,1.44859075844898,-0.982192098320726,0.291078621372911
"NGC",-19.9999995955579,75.5126358191831,-19.6418519563346,5.83775257768837,86.4892892117045,82.9785784234091,1.44824940211281,-0.98209259781673,0.291887628884418
"NGC",-19.9999995864338,75.5126382365569,-19.6398564228215,5.8539320505305,86.4795100730185,82.959020146037,1.44790804577665,-0.981992821141076,0.292696602526525
"NGC",-19.9999995771299,75.5126406878768,-19.6378553661009,5.8701108441393,86.4697309343324,82.9394618686648,1.44756668944049,-0.981892768305045,0.293505542206965
"NGC",-19.9999995676431,75.5126431735244,-19.6358487863989,5.88628895667,86.4599517956463,82.9199035912927,1.44722533310433,-0.981792439319944,0.2943144478335
"NGC",-19.9999995579704,75.5126456938841,-19.6338366839421,5.90246638627835,86.4501726569603,82.9003453139206,1.44688397676817,-0.981691834197107,0.295123319313917
"NGC",-19.9999995481087,75.5126482493441,-19.6318190589579,5.91864313112066,86.4403935182742,82.8807870365485,1.446542620432,-0.981590952947896,0.295932156556033
"NGC",-19.9999995380548,75.5126508402954,-19.629795911674,5.93481918935375,86.4306143795882,82.8612287591764,1.44620126409584,-0.981489795583699,0.296740959467688
"NGC",-19.9999995278055,75.5126534671325,-19.6277672423187,5.95099455913499,86.4208352409021,82.8416704818042,1.44585990775968,-0.981388362115934,0.29754972795675
"NGC",-19.9999995173575,75.5126561302532,-19.6257330511209,5.96716923862231,86.411056102216,82.8221122044321,1.44551855142352,-0.981286652556043,0.298358461931116
"NGC",-19.9999995067076,75.5126588300587,-19.6236933383099,5.98334322597417,86.40127696353,82.80255392706,1.44517719508736,-0.981184666915496,0.299167161298708
"NGC",-19.9999994958524,75.5126615669532,-19.6216481041158,5.99951651934961,86.3914978248439,82.7829956496879,1.4448358387512,-0.98108240520579,0.29997582596748
"NGC",-19.9999994847885,75.5126643413448,-19.619597348769,6.01568911690821,86.3817186861579,82.7634373723157,1.44449448241503,-0.980979867438448,0.300784455845411
"NGC",-19.9999994735125,75.5126671536444,-19.6175410725004,6.03186101681014,86.3719395474718,82.7438790949436,1.44415312607887,-0.980877053625021,0.301593050840507
"NGC",-19.9999994620208,75.5126700042666,-19.6154792755417,6.0480322172161,86.3621604087858,82.7243208175715,1.44381176974271,-0.980773963777087,0.302401610860805
"NGC",-19.9999994503101,75.5126728936296,-19.613411958125,6.06420271628737,86.3523812700997,82.7047625401994,1.44347041340655,-0.98067059790625,0.303210135814369
"NGC",-19.9999994383766,75.5126758221546,-19.6113391204828,6.08037251218586,86.3426021314136,82.6852042628273,1.44312905707039,-0.980566956024138,0.304018625609293
"NGC",-19.9999994262168,75.5126787902666,-19.6092607628482,6.096541603074,86.3328229927276,82.6656459854551,1.44278770073422,-0.980463038142411,0.3048270801537
"NGC",-19.999999413827,75.512681798394,-19.607176885455,6.11270998711482,86.3230438540415,82.646087708083,1.44244634439806,-0.980358844272751,0.305635499355741
"NGC",-19.9999994012034,75.5126848469685,-19.6050874885374,6.12887766247195,86.3132647153555,82.6265294307109,1.4421049880619,-0.980254374426869,0.306443883123597
"NGC",-19.9999993883423,75.5126879364255,-19.60299257233,6.14504462730959,86.3034855766694,82.6069711533388,1.44176363172574,-0.9801496286165,0.30725223136548
"NGC",-19.9999993752399,75.5126910672039,-19.6008921370681,6.16121087979259,86.2937064379833,82.5874128759667,1.44142227538958,-0.980044606853407,0.308060543989629
"NGC",-19.9999993618922,75.5126942397462,-19.5987861829876,6.17737641808634,86.2839272992973,82.5678545985946,1.44108091905342,-0.979939309149379,0.308868820904317
"NGC",-19.9999993482954,75.5126974544983,-19.5966747103246,6.19354124035688,86.2741481606112,82.5482963212224,1.44073956271725,-0.979833735516231,0.309677062017844
"NGC",-19.9999993344454,75.5127007119099,-19.5945577193161,6.20970534477083,86.2643690219251,82.5287380438503,1.44039820638109,-0.979727885965805,0.310485267238542
"NGC",-19.9999993203382,75.5127040124342,-19.5924352101993,6.22586872949545,86.2545898832391,82.5091797664782,1.44005685004493,-0.979621760509966,0.311293436474772
"NGC",-19.9999993059698,75.512707356528,-19.5903071832122,6.24203139269862,86.244810744553,82.4896214891061,1.43971549370877,-0.979515359160608,0.312101569634931
"NGC",-19.9999992913359,75.5127107446519,-19.588173638593,6.25819333254882,86.235031605867,82.470063211734,1.43937413737261,-0.97940868192965,0.312909666627441
"NGC",-19.9999992764324,75.5127141772699,-19.5860345765808,6.27435454721518,86.2252524671809,82.4505049343618,1.43903278103645,-0.979301728829038,0.313717727360759
"NGC",-19.9999992612551,75.51271765485,-19.5838899974148,6.29051503486747,86.2154733284949,82.4309466569897,1.43869142470028,-0.97919449987074,0.314525751743373
"NGC",-19.9999992457996,75.5127211778637,-19.5817399013351,6.30667479367605,86.2056941898088,82.4113883796176,1.43835006836412,-0.979086995066754,0.315333739683803
"NGC",-19.9999992300615,75.5127247467863,-19.579584288582,6.322833821812,86.1959150511227,82.3918301022455,1.43800871202796,-0.978979214429101,0.3161416910906
"NGC",-19.9999992140364,75.5127283620968,-19.5774231593966,6.33899211744698,86.1861359124367,82.3722718248734,1.4376673556918,-0.978871157969829,0.316949605872349
"NGC",-19.9999991977199,75.5127320242781,-19.5752565140202,6.35514967875334,86.1763567737506,82.3527135475012,1.43732599935564,-0.97876282570101,0.317757483937667
"NGC",-19.9999991811073,75.5127357338167,-19.5730843526949,6.37130650390406,86.1665776350646,82.3331552701291,1.43698464301947,-0.978654217634743,0.318565325195203
"NGC",-19.9999991641942,75.5127394912031,-19.570906675663,6.3874625910728,86.1567984963785,82.313596992757,1.43664328668331,-0.978545333783152,0.31937312955364
"NGC",-19.9999991469758,75.5127432969315,-19.5687234831677,6.40361793843387,86.1470193576924,82.2940387153849,1.43630193034715,-0.978436174158384,0.320180896921694
"NGC",-19.9999991294473,75.5127471515001,-19.5665347754523,6.41977254416228,86.1372402190064,82.2744804380128,1.43596057401099,-0.978326738772615,0.320988627208114
"NGC",-19.9999991116042,75.5127510554106,-19.5643405527609,6.43592640643368,86.1274610803203,82.2549221606406,1.43561921767483,-0.978217027638043,0.321796320321684
"NGC",-19.9999990934414,75.5127550091692,-19.5621408153378,6.4520795234244,86.1176819416343,82.2353638832685,1.43527786133867,-0.978107040766892,0.32260397617122
"NGC",-19.9999990749541,75.5127590132854,-19.5599355634283,6.46823189331149,86.1079028029482,82.2158056058964,1.4349365050025,-0.977996778171413,0.323411594665575
"NGC",-19.9999990561373,75.512763068273,-19.5577247972776,6.48438351427266,86.0981236642621,82.1962473285243,1.43459514866634,-0.977886239863878,0.324219175713633
"NGC",-19.999999036986,75.5127671746497,-19.5555085171317,6.50053438448633,86.0883445255761,82.1766890511522,1.43425379233018,-0.977775425856586,0.325026719224317
"NGC",-19.9999990174951,75.5127713329371,-19.5532867232372,6.5166845021316,86.07856538689,82.15713077378,1.43391243599402,-0.977664336161862,0.32583422510658
"NGC",-19.9999989976594,75.5127755436608,-19.5510594158411,6.53283386538829,86.068786248204,82.1375724964079,1.43357107965786,-0.977552970792054,0.326641693269414
"NGC",-19.9999989774737,75.5127798073505,-19.5488265951907,6.5489824724369,86.0590071095179,82.1180142190358,1.4332297233217,-0.977441329759533,0.327449123621845
"NGC",-19.9999989569327,75.5127841245398,-19.546588261534,6.5651303214587,86.0492279708319,82.0984559416637,1.43288836698553,-0.977329413076699,0.328256516072935
"NGC",-19.9999989360311,75.5127884957665,-19.5443444151194,6.58127741063564,86.0394488321458,82.0788976642916,1.43254701064937,-0.977217220755972,0.329063870531782
"NGC",-19.9999989147633,75.5127929215724,-19.542095056196,6.59742373815037,86.0296696934597,82.0593393869194,1.43220565431321,-0.977104752809799,0.329871186907519
"NGC",-19.9999988931241,75.5127974025035,-19.539840185013,6.61356930218633,86.0198905547737,82.0397811095473,1.43186429797705,-0.97699200925065,0.330678465109316
"NGC",-19.9999988711076,75.5128019391097,-19.5375798018204,6.62971410092762,86.0101114160876,82.0202228321752,1.43152294164089,-0.976878990091019,0.331485705046381
"NGC",-19.9999988487084,75.5128065319452,-19.5353139068685,6.64585813255916,86.0003322774016,82.0006645548031,1.43118158530472,-0.976765695343426,0.332292906627958
"NGC",-19.9999988259208,75.5128111815685,-19.5330425004083,6.66200139526654,85.9905531387155,81.981106277431,1.43084022896856,-0.976652125020414,0.333100069763327
"NGC",-19.9999988027389,75.512815888542,-19.530765582691,6.67814388723615,85.9807740000294,81.9615480000588,1.4304988726324,-0.976538279134549,0.333907194361808
"NGC",-19.9999987791568,75.5128206534325,-19.5284831539684,6.69428560665511,85.9709948613434,81.9419897226867,1.43015751629624,-0.976424157698421,0.334714280332755
"NGC",-19.9999987551688,75.5128254768109,-19.5261952144929,6.71042655171128,85.9612157226573,81.9224314453146,1.42981615996008,-0.976309760724645,0.335521327585564
"NGC",-19.9999987307688,75.5128303592524,-19.5239017645172,6.72656672059333,85.9514365839712,81.9028731679425,1.42947480362392,-0.97619508822586,0.336328336029666
"NGC",-19.9999987059507,75.5128353013367,-19.5216028042945,6.74270611149067,85.9416574452852,81.8833148905704,1.42913344728775,-0.976080140214726,0.337135305574533
"NGC",-19.9999986807084,75.5128403036473,-19.5192983340786,6.75884472259348,85.9318783065991,81.8637566131982,1.42879209095159,-0.97596491670393,0.337942236129674
"NGC",-19.9999986550357,75.5128453667725,-19.5169883541236,6.77498255209274,85.9220991679131,81.8441983358261,1.42845073461543,-0.975849417706179,0.338749127604637
"NGC",-19.9999986289263,75.5128504913046,-19.5146728646841,6.79111959818018,85.912320029227,81.824640058454,1.42810937827927,-0.975733643234205,0.339555979909009
"NGC",-19.9999986023738,75.5128556778406,-19.5123518660153,6.80725585904837,85.902540890541,81.8050817810819,1.42776802194311,-0.975617593300765,0.340362792952418
"NGC",-19.9999985753718,75.5128609269814,-19.5100253583727,6.82339133289064,85.8927617518549,81.7855235037098,1.42742666560694,-0.975501267918637,0.341169566644532
"NGC",-19.9999985479137,75.5128662393328,-19.5076933420124,6.83952601790111,85.8829826131688,81.7659652263376,1.42708530927078,-0.975384667100621,0.341976300895056
"NGC",-19.9999985199929,75.5128716155046,-19.5053558171909,6.85565991227475,85.8732034744828,81.7464069489655,1.42674395293462,-0.975267790859543,0.342782995613738
"NGC",-19.9999984916029,75.5128770561114,-19.503012784165,6.87179301420729,85.8634243357967,81.7268486715934,1.42640259659846,-0.975150639208251,0.343589650710364
"NGC",-19.9999984627367,75.5128825617721,-19.5006642431923,6.88792532189532,85.8536451971106,81.7072903942213,1.4260612402623,-0.975033212159614,0.344396266094766
"NGC",-19.9999984333876,75.51288813311,-19.4983101945305,6.90405683353623,85.8438660584246,81.6877321168492,1.42571988392614,-0.974915509726525,0.345202841676811
"NGC",-19.9999984035486,75.5128937707532,-19.495950638438,6.92018754732824,85.8340869197385,81.6681738394771,1.42537852758997,-0.974797531921901,0.346009377366412
"NGC",-19.9999983732128,75.512899475334,-19.4935855751736,6.9363174614704,85.8243077810525,81.6486155621049,1.42503717125381,-0.974679278758679,0.34681587307352
"NGC",-19.999998342373,75.5129052474895,-19.4912150049964,6.95244657416259,85.8145286423664,81.6290572847328,1.42469581491765,-0.974560750249821,0.347622328708129
"NGC",-19.999998311022,75.5129110878612,-19.4888389281662,6.96857488360557,85.8047495036804,81.6094990073607,1.42435445858149,-0.974441946408309,0.348428744180279
"NGC",-19.9999982791527,75.5129169970954,-19.486457344943,6.98470238800092,85.7949703649943,81.5899407299886,1.42401310224533,-0.974322867247149,0.349235119400046
"NGC",-19.9999982467575,75.5129229758429,-19.4840702555874,7.00082908555107,85.7851912263082,81.5703824526165,1.42367174590916,-0.974203512779368,0.350041454277553
"NGC",-19.9999982138292,75.5129290247591,-19.4816776603603,7.01695497445932,85.7754120876222,81.5508241752443,1.423330389573,-0.974083883018016,0.350847748722966
"NGC",-19.9999981803602,75.5129351445043,-19.4792795595233,7.03308005292984,85.7656329489361,81.5312658978722,1.42298903323684,-0.973963977976165,0.351654002646492
"NGC",-19.9999981463428,75.5129413357431,-19.4768759533382,7.04920431916768,85.75585381025,81.5117076205001,1.42264767690068,-0.973843797666908,0.352460215958384
"NGC",-19.9999981117694,75.5129475991453,-19.4744668420672,7.06532777137875,85.746074671564,81.492149343128,1.42230632056452,-0.97372334210336,0.353266388568937
"NGC",-19.9999980766321,75.512953935385,-19.4720522259732,7.08145040776984,85.7362955328779,81.4725910657559,1.42196496422836,-0.973602611298658,0.354072520388492
"NGC",-19.9999980409232,75.5129603451413,-19.4696321053192,7.09757222654865,85.7265163941919,81.4530327883837,1.42162360789219,-0.973481605265962,0.354878611327432
"NGC",-19.9999980046345,75.5129668290981,-19.467206480369,7.11369322592374,85.7167372555058,81.4334745110116,1.42128225155603,-0.97336032401845,0.355684661296187
"NGC",-19.9999979677581,75.5129733879441,-19.4647753513865,7.12981340410462,85.7069581168197,81.4139162336395,1.42094089521987,-0.973238767569325,0.356490670205231
"NGC",-19.9999979302858,75.5129800223726,-19.4623387186362,7.14593275930167,85.6971789781337,81.3943579562674,1.42059953888371,-0.973116935931809,0.357296637965084
"NGC",-19.9999978922093,75.5129867330821,-19.4598965823829,7.1620512897262,85.6873998394476,81.3747996788953,1.42025818254755,-0.972994829119146,0.35810256448631
"NGC",-19.9999978535202,75.5129935207757,-19.457448942892,7.1781689935904,85.6776207007616,81.3552414015231,1.41991682621138,-0.972872447144602,0.35890844967952
"NGC",-19.9999978142102,75.5130003861616,-19.4549958004292,7.19428586910743,85.6678415620755,81.335683124151,1.41957546987522,-0.972749790021462,0.359714293455372
"NGC",-19.9999977742707,75.5130073299528,-19.4525371552607,7.21040191449137,85.6580624233895,81.3161248467789,1.41923411353906,-0.972626857763033,0.360520095724569
"NGC",-19.999997733693,75.5130143528673,-19.4500730076529,7.22651712795723,85.6482832847034,81.2965665694068,1.4188927572029,-0.972503650382643,0.361325856397861
"NGC",-19.9999976924683,75.513021455628,-19.4476033578728,7.24263150772094,85.6385041460173,81.2770082920347,1.41855140086674,-0.97238016789364,0.362131575386047
"NGC",-19.999997650588,75.513028638963,-19.4451282061879,7.25874505199941,85.6287250073313,81.2574500146625,1.41821004453058,-0.972256410309393,0.362937252599971
"NGC",-19.9999976080428,75.5130359036052,-19.4426475528658,7.27485775901048,85.6189458686452,81.2378917372904,1.41786868819441,-0.972132377643292,0.363742887950524
"NGC",-19.999997564824,75.5130432502925,-19.4401613981749,7.29096962697297,85.6091667299592,81.2183334599183,1.41752733185825,-0.972008069908746,0.364548481348649
"NGC",-19.9999975209222,75.5130506797682,-19.4376697423837,7.30708065410666,85.5993875912731,81.1987751825462,1.41718597552209,-0.971883487119186,0.365354032705333
"NGC",-19.9999974763283,75.5130581927804,-19.4351725857612,7.32319083863228,85.589608452587,81.1792169051741,1.41684461918593,-0.971758629288061,0.366159541931614
"NGC",-19.9999974310329,75.5130657900823,-19.4326699285768,7.33930017877156,85.579829313901,81.1596586278019,1.41650326284977,-0.971633496428841,0.366965008938578
"NGC",-19.9999973850264,75.5130734724325,-19.4301617711004,7.3554086727472,85.5700501752149,81.1401003504298,1.41616190651361,-0.971508088555018,0.36777043363736
"NGC",-19.9999973382994,75.5130812405945,-19.427648113602,7.37151631878292,85.5602710365289,81.1205420730577,1.41582055017744,-0.9713824056801,0.368575815939146
"NGC",-19.9999972908422,75.513089095337,-19.4251289563523,7.3876231151034,85.5504918978428,81.1009837956856,1.41547919384128,-0.971256447817617,0.36938115575517
"NGC",-19.9999972426449,75.5130970374341,-19.4226042996224,7.40372905993435,85.5407127591567,81.0814255183135,1.41513783750512,-0.971130214981118,0.370186452996717
"NGC",-19.9999971936978,75.5131050676651,-19.4200741436835,7.41983415150245,85.5309336204707,81.0618672409413,1.41479648116896,-0.971003707184173,0.370991707575123
"NGC",-19.9999971439907,75.5131131868144,-19.4175384888074,7.43593838803544,85.5211544817846,81.0423089635692,1.4144551248328,-0.970876924440368,0.371796919401772
"NGC",-19.9999970935135,75.5131213956717,-19.4149973352662,7.45204176776205,85.5113753430986,81.0227506861971,1.41411376849663,-0.970749866763311,0.372602088388103
"NGC",-19.9999970422561,75.5131296950322,-19.4124506833326,7.46814428891207,85.5015962044125,81.003192408825,1.41377241216047,-0.970622534166628,0.373407214445603
"NGC",-19.999996990208,75.5131380856963,-19.4098985332793,7.48424594971628,85.4918170657264,80.9836341314529,1.41343105582431,-0.970494926663966,0.374212297485814
"NGC",-19.9999969373589,75.5131465684696,-19.4073408853797,7.50034674840653,85.4820379270404,80.9640758540807,1.41308969948815,-0.970367044268987,0.375017337420327
"NGC",-19.999996883698,75.5131551441636,-19.4047777399075,7.51644668321571,85.4722587883543,80.9445175767086,1.41274834315199,-0.970238886995375,0.375822334160785
"NGC",-19.9999968292148,75.5131638135946,-19.4022090971366,7.53254575237777,85.4624796496683,80.9249592993365,1.41240698681583,-0.970110454856831,0.376627287618888
"NGC",-19.9999967738985,75.5131725775846,-19.3996349573415,7.54864395412771,85.4527005109822,80.9054010219644,1.41206563047966,-0.969981747867076,0.377432197706385
"NGC",-19.999996717738,75.5131814369612,-19.397055320797,7.56474128670159,85.4429213722961,80.8858427445923,1.4117242741435,-0.969852766039849,0.37823706433508
"NGC",-19.9999966607224,75.5131903925572,-19.3944701877781,7.58083774833657,85.4331422336101,80.8662844672201,1.41138291780734,-0.969723509388906,0.379041887416828
"NGC",-19.9999966028405,75.5131994452111,-19.3918795585604,7.59693333727084,85.423363094924,80.846726189848,1.41104156147118,-0.969593977928022,0.379846666863542
"NGC",-19.9999965440809,75.5132085957669,-19.3892834334198,7.61302805174374,85.413583956238,80.8271679124759,1.41070020513502,-0.96946417167099,0.380651402587187
"NGC",-19.9999964844323,75.5132178450741,-19.3866818126324,7.62912188999565,85.4038048175519,80.8076096351038,1.41035884879885,-0.969334090631621,0.381456094499782
"NGC",-19.9999964238832,75.5132271939877,-19.3840746964749,7.64521485026807,85.3940256788658,80.7880513577317,1.41001749246269,-0.969203734823745,0.382260742513404
"NGC",-19.9999963624218,75.5132366433687,-19.3814620852241,7.66130693080361,85.3842465401798,80.7684930803595,1.40967613612653,-0.969073104261207,0.38306534654018
"NGC",-19.9999963000364,75.5132461940831,-19.3788439791574,7.67739812984597,85.3744674014937,80.7489348029874,1.40933477979037,-0.968942198957871,0.383869906492298
"NGC",-19.999996236715,75.5132558470032,-19.3762203785524,7.69348844564,85.3646882628077,80.7293765256153,1.40899342345421,-0.96881101892762,0.384674422282
"NGC",-19.9999961724456,75.5132656030065,-19.373591283687,7.70957787643165,85.3549091241216,80.7098182482432,1.40865206711805,-0.968679564184351,0.385478893821582
"NGC",-19.9999961072161,75.5132754629766,-19.3709566948396,7.72566642046802,85.3451299854355,80.6902599708711,1.40831071078188,-0.96854783474198,0.386283321023401
"NGC",-19.9999960410141,75.5132854278024,-19.3683166122888,7.74175407599734,85.3353508467495,80.670701693499,1.40796935444572,-0.968415830614441,0.387087703799867
"NGC",-19.9999959738271,75.513295498379,-19.3656710363137,7.75784084126898,85.3255717080634,80.6511434161268,1.40762799810956,-0.968283551815684,0.387892042063449
"NGC",-19.9999959056427,75.5133056756069,-19.3630199671935,7.77392671453348,85.3157925693774,80.6315851387547,1.4072866417734,-0.968150998359674,0.388696335726674
"NGC",-19.9999958364481,75.5133159603928,-19.3603634052079,7.79001169404253,85.3060134306913,80.6120268613826,1.40694528543724,-0.968018170260395,0.389500584702127
"NGC",-19.9999957662304,75.5133263536488,-19.3577013506369,7.80609577804899,85.2962342920052,80.5924685840105,1.40660392910108,-0.967885067531847,0.39030478890245
"NGC",-19.9999956949767,75.5133368562933,-19.3550338037609,7.82217896480689,85.2864551533192,80.5729103066383,1.40626257276491,-0.967751690188046,0.391108948240345
"NGC",-19.9999956226738,75.5133474692503,-19.3523607648605,7.83826125257143,85.2766760146331,80.5533520292662,1.40592121642875,-0.967618038243024,0.391913062628571
"NGC",-19.9999955493086,75.5133581934498,-19.3496822342166,7.85434263959902,85.266896875947,80.5337937518941,1.40557986009259,-0.967484111710829,0.392717131979951
"NGC",-19.9999954748676,75.5133690298277,-19.3469982121105,7.87042312414727,85.257117737261,80.514235474522,1.40523850375643,-0.967349910605527,0.393521156207363
"NGC",-19.9999953993372,75.513379979326,-19.3443086988239,7.88650270447495,85.2473385985749,80.4946771971499,1.40489714742027,-0.967215434941196,0.394325135223747
"NGC",-19.9999953227038,75.5133910428925,-19.3416136946387,7.90258137884208,85.2375594598889,80.4751189197778,1.4045557910841,-0.967080684731935,0.395129068942104
"NGC",-19.9999952449536,75.5134022214813,-19.338913199837,7.91865914550986,85.2277803212028,80.4555606424056,1.40421443474794,-0.966945659991852,0.395932957275493
"NGC",-19.9999951660726,75.5134135160521,-19.3362072147015,7.93473600274076,85.2180011825168,80.4360023650335,1.40387307841178,-0.966810360735076,0.396736800137038
"NGC",-19.9999950860467,75.5134249275712,-19.333495739515,7.95081194879845,85.2082220438307,80.4164440876614,1.40353172207562,-0.966674786975749,0.397540597439923
"NGC",-19.9999950048616,75.5134364570106,-19.3307787745605,7.96688698194784,85.1984429051446,80.3968858102893,1.40319036573946,-0.966538938728028,0.398344349097392
"NGC",-19.9999949225029,75.5134481053486,-19.3280563201217,7.98296110045508,85.1886637664586,80.3773275329171,1.4028490094033,-0.966402816006084,0.399148055022754
"NGC",-19.999994838956,75.5134598735696,-19.3253283764821,7.99903430258757,85.1788846277725,80.357769255545,1.40250765306713,-0.966266418824106,0.399951715129379
"NGC",-19.9999947542063,75.5134717626643,-19.3225949439259,8.015106586614,85.1691054890865,80.3382109781729,1.40216629673097,-0.966129747196296,0.4007553293307
"NGC",-19.9999946682389,75.5134837736294,-19.3198560227374,8.0311779508043,85.1593263504004,80.3186527008008,1.40182494039481,-0.965992801136868,0.401558897540215
"NGC",-19.9999945810387,75.513495907468,-19.3171116132011,8.04724839342967,85.1495472117143,80.2990944234287,1.40148358405865,-0.965855580660055,0.402362419671483
"NGC",-19.9999944925906,75.5135081651893,-19.314361715602,8.0633179127626,85.1397680730283,80.2795361460566,1.40114222772249,-0.965718085780101,0.40316589563813
"NGC",-19.9999944028793,75.513520547809,-19.3116063302253,8.07938650707686,85.1299889343422,80.2599778686844,1.40080087138632,-0.965580316511266,0.403969325353843
"NGC",-19.9999943118892,75.513533056349,-19.3088454573564,8.09545417464754,85.1202097956562,80.2404195913123,1.40045951505016,-0.965442272867822,0.404772708732377
"NGC",-19.9999942196047,75.5135456918375,-19.3060790972811,8.11152091375102,85.1104306569701,80.2208613139402,1.400118158714,-0.965303954864057,0.405576045687551
"NGC",-19.9999941260101,75.5135584553091,-19.3033072502854,8.12758672266498,85.100651518284,80.2013030365681,1.39977680237784,-0.96516536251427,0.406379336133249
"NGC",-19.9999940310893,75.5135713478049,-19.3005299166555,8.14365159966843,85.090872379598,80.181744759196,1.39943544604168,-0.965026495832777,0.407182579983421
"NGC",-19.9999939348263,75.5135843703722,-19.2977470966781,8.15971554304169,85.0810932409119,80.1621864818239,1.39909408970552,-0.964887354833904,0.407985777152084
"NGC",-19.9999938372046,75.513597524065,-19.2949587906398,8.17577855106645,85.0713141022259,80.1426282044517,1.39875273336935,-0.964747939531992,0.408788927553322
"NGC",-19.999993738208,75.5136108099435,-19.2921649988279,8.19184062202571,85.0615349635398,80.1230699270796,1.39841137703319,-0.964608249941396,0.409592031101285
"NGC",-19.9999936378196,75.5136242290747,-19.2893657215296,8.20790175420383,85.0517558248537,80.1035116497075,1.39807002069703,-0.964468286076481,0.410395087710191
"NGC",-19.9999935360229,75.513637782532,-19.2865609590325,8.22396194588652,85.0419766861677,80.0839533723354,1.39772866436087,-0.964328047951627,0.411198097294326
"NGC",-19.9999934328007,75.5136514713953,-19.2837507116245,8.24002119536085,85.0321975474816,80.0643950949632,1.39738730802471,-0.964187535581226,0.412001059768042
"NGC",-19.9999933281359,75.5136652967512,-19.2809349795936,8.25607950091529,85.0224184087956,80.0448368175911,1.39704595168854,-0.964046748979681,0.412803975045765
"NGC",-19.9999932220113,75.5136792596929,-19.2781137632282,8.27213686083967,85.0126392701095,80.025278540219,1.39670459535238,-0.963905688161411,0.413606843041983
"NGC",-19.9999931144093,75.51369336132,-19.2752870628169,8.2881932734252,85.0028601314234,80.0057202628469,1.39636323901622,-0.963764353140844,0.41440966367126
"NGC",-19.9999930053124,75.5137076027392,-19.2724548786484,8.3042487369645,84.9930809927374,79.9861619854748,1.39602188268006,-0.963622743932419,0.415212436848225
"NGC",-19.9999928947026,75.5137219850636,-19.2696172110118,8.32030324975157,84.9833018540513,79.9666037081027,1.3956805263439,-0.963480860550591,0.416015162487578
"NGC",-19.9999927825619,75.5137365094131,-19.2667740601964,8.33635681008186,84.9735227153653,79.9470454307305,1.39533917000774,-0.963338703009822,0.416817840504093
"NGC",-19.9999926688723,75.5137511769144,-19.2639254264918,8.35240941625222,84.9637435766792,79.9274871533584,1.39499781367157,-0.963196271324588,0.417620470812611
"NGC",-19.9999925536152,75.513765988701,-19.2610713101875,8.36846106656091,84.9539644379931,79.9079288759863,1.39465645733541,-0.963053565509377,0.418423053328045
"NGC",-19.9999924367721,75.513780945913,-19.2582117115737,8.38451175930765,84.9441852993071,79.8883705986142,1.39431510099925,-0.962910585578686,0.419225587965383
"NGC",-19.9999923183244,75.5137960496976,-19.2553466309405,8.40056149279358,84.934406160621,79.8688123212421,1.39397374466309,-0.962767331547024,0.420028074639679
"NGC",-19.999992198253,75.5138113012088,-19.2524760685782,8.41661026532133,84.924627021935,79.8492540438699,1.39363238832693,-0.96262380342891,0.420830513266067
"NGC",-19.9999920765389,75.5138267016073,-19.2496000247775,8.43265807519495,84.9148478832489,79.8296957664978,1.39329103199077,-0.962480001238875,0.421632903759747
"NGC",-19.9999919531627,75.5138422520612,-19.2467184998292,8.44870492071997,84.9050687445628,79.8101374891257,1.3929496756546,-0.96233592499146,0.422435246035998
"NGC",-19.999991828105,75.5138579537451,-19.2438314940243,8.4647508002034,84.8952896058768,79.7905792117536,1.39260831931844,-0.962191574701216,0.42323754001017
"NGC",-19.9999917013462,75.5138738078406,-19.2409390076541,8.48079571195371,84.8855104671907,79.7710209343815,1.39226696298228,-0.962046950382703,0.424039785597686
"NGC",-19.9999915728662,75.5138898155367,-19.2380410410099,8.49683965428092,84.8757313285047,79.7514626570093,1.39192560664612,-0.961902052050494,0.424841982714046
"NGC",-19.9999914426451,75.513905978029,-19.2351375943834,8.5128826254965,84.8659521898186,79.7319043796372,1.39158425030996,-0.961756879719168,0.425644131274825
"NGC",-19.9999913106626,75.5139222965205,-19.2322286680663,8.52892462391343,84.8561730511325,79.7123461022651,1.39124289397379,-0.961611433403317,0.426446231195671
"NGC",-19.9999911768982,75.5139387722211,-19.2293142623508,8.54496564784622,84.8463939124465,79.692787824893,1.39090153763763,-0.961465713117539,0.427248282392311
"NGC",-19.9999910413313,75.5139554063479,-19.2263943775289,8.5610056956109,84.8366147737604,79.6732295475209,1.39056018130147,-0.961319718876445,0.428050284780545
"NGC",-19.999990903941,75.5139722001252,-19.223469013893,8.57704476552506,84.8268356350744,79.6536712701487,1.39021882496531,-0.961173450694652,0.428852238276253
"NGC",-19.9999907647063,75.5139891547844,-19.2205381717357,8.59308285590778,84.8170564963883,79.6341129927766,1.38987746862915,-0.961026908586787,0.429654142795389
"NGC",-19.9999906236058,75.5140062715641,-19.2176018513497,8.60911996507973,84.8072773577022,79.6145547154045,1.38953611229299,-0.960880092567485,0.430455998253987
"NGC",-19.9999904806182,75.5140235517102,-19.2146600530278,8.62515609136313,84.7974982190162,79.5949964380324,1.38919475595682,-0.960733002651392,0.431257804568156
"NGC",-19.9999903357217,75.514040996476,-19.2117127770632,8.64119123308174,84.7877190803301,79.5754381606603,1.38885339962066,-0.960585638853159,0.432059561654087
"NGC",-19.9999901888944,75.5140586071219,-19.208760023749,8.65722538856095,84.7779399416441,79.5558798832881,1.3885120432845,-0.960438001187447,0.432861269428048
"NGC",-19.9999900401142,75.5140763849158,-19.2058017933785,8.6732585561277,84.768160802958,79.536321605916,1.38817068694834,-0.960290089668925,0.433662927806385
"NGC",-19.999989889359,75.5140943311327,-19.2028380862454,8.68929073411051,84.758381664272,79.5167633285439,1.38782933061218,-0.96014190431227,0.434464536705525
"NGC",-19.999989736606,75.5141124470554,-19.1998689026433,8.70532192083953,84.7486025255859,79.4972050511718,1.38748797427601,-0.959993445132164,0.435266096041976
"NGC",-19.9999895818326,75.5141307339737,-19.196894242866,8.72135211464649,84.7388233868998,79.4776467737997,1.38714661793985,-0.959844712143299,0.436067605732324
"NGC",-19.9999894250158,75.5141491931851,-19.1939141072075,8.73738131386478,84.7290442482138,79.4580884964275,1.38680526160369,-0.959695705360375,0.436869065693239
"NGC",-19.9999892661325,75.5141678259947,-19.1909284959619,8.75340951682938,84.7192651095277,79.4385302190554,1.38646390526753,-0.959546424798095,0.437670475841469
"NGC",-19.9999891051592,75.5141866337148,-19.1879374094235,8.76943672187693,84.7094859708417,79.4189719416833,1.38612254893137,-0.959396870471174,0.438471836093846
"NGC",-19.9999889420724,75.5142056176653,-19.1849408478866,8.7854629273457,84.6997068321556,79.3994136643112,1.38578119259521,-0.95924704239433,0.439273146367285
"NGC",-19.9999887768481,75.514224779174,-19.1819388116458,8.8014881315756,84.6899276934695,79.3798553869391,1.38543983625904,-0.959096940582288,0.44007440657878
"NGC",-19.9999886094624,75.5142441195759,-19.1789313009956,8.81751233290825,84.6801485547835,79.3602971095669,1.38509847992288,-0.958946565049781,0.440875616645413
"NGC",-19.999988439891,75.5142636402139,-19.1759183162309,8.83353552968691,84.6703694160974,79.3407388321948,1.38475712358672,-0.958795915811545,0.441676776484345
"NGC",-19.9999882681092,75.5142833424384,-19.1728998576465,8.8495577202565,84.6605902774114,79.3211805548227,1.38441576725056,-0.958644992882326,0.442477886012825
"NGC",-19.9999880940925,75.5143032276076,-19.1698759255374,8.86557890296368,84.6508111387253,79.3016222774506,1.3840744109144,-0.958493796276871,0.443278945148184
"NGC",-19.9999879178157,75.5143232970874,-19.1668465201987,8.88159907615675,84.6410320000392,79.2820640000785,1.38373305457824,-0.958342326009936,0.444079953807837
"NGC",-19.9999877392538,75.5143435522514,-19.1638116419256,8.89761823818578,84.6312528613532,79.2625057227064,1.38339169824207,-0.95819058209628,0.444880911909289
"NGC",-19.9999875583811,75.5143639944811,-19.1607712910134,8.9136363874025,84.6214737226671,79.2429474453342,1.38305034190591,-0.958038564550669,0.445681819370125
"NGC",-19.9999873751721,75.5143846251657,-19.1577254677575,8.92965352216041,84.611694583981,79.2233891679621,1.38270898556975,-0.957886273387873,0.44648267610802
"NGC",-19.9999871896007,75.5144054457023,-19.1546741724533,8.94566964081471,84.601915445295,79.20383089059,1.38236762923359,-0.957733708622666,0.447283482040735
"NGC",-19.999987001641,75.5144264574959,-19.1516174053965,8.96168474172235,84.5921363066089,79.1842726132179,1.38202627289743,-0.957580870269827,0.448084237086117
"NGC",-19.9999868112663,75.5144476619594,-19.1485551668828,8.97769882324206,84.5823571679229,79.1647143358458,1.38168491656126,-0.957427758344139,0.448884941162103
"NGC",-19.9999866184501,75.5144690605136,-19.1454874572078,8.99371188373431,84.5725780292368,79.1451560584736,1.3813435602251,-0.95727437286039,0.449685594186715
"NGC",-19.9999864231655,75.5144906545874,-19.1424142766674,9.00972392156133,84.5627988905508,79.1255977811015,1.38100220388894,-0.957120713833372,0.450486196078067
"NGC",-19.9999862253852,75.5145124456174,-19.1393356255576,9.02573493508716,84.5530197518647,79.1060395037294,1.38066084755278,-0.956966781277878,0.451286746754358
"NGC",-19.999986025082,75.5145344350487,-19.1362515041741,9.0417449226776,84.5432406131786,79.0864812263573,1.38031949121662,-0.956812575208706,0.45208724613388
"NGC",-19.9999858222281,75.514556624334,-19.1331619128132,9.05775388270027,84.5334614744926,79.0669229489852,1.37997813488046,-0.956658095640658,0.452887694135014
"NGC",-19.9999856167956,75.5145790149343,-19.1300668517708,9.0737618135246,84.5236823358065,79.047364671613,1.37963677854429,-0.956503342588539,0.45368809067623
"NGC",-19.9999854087564,75.5146016083189,-19.1269663213431,9.08976871352182,84.5139031971205,79.0278063942409,1.37929542220813,-0.956348316067155,0.454488435676091
"NGC",-19.9999851980821,75.514624405965,-19.1238603218263,9.10577458106501,84.5041240584344,79.0082481168688,1.37895406587197,-0.956193016091315,0.45528872905325
"NGC",-19.9999849847439,75.5146474093581,-19.1207488535167,9.12177941452905,84.4943449197483,78.9886898394967,1.37861270953581,-0.956037442675833,0.456088970726453
"NGC",-19.9999847687129,75.5146706199919,-19.1176319167104,9.1377832122907,84.4845657810623,78.9691315621245,1.37827135319965,-0.955881595835521,0.456889160614535
"NGC",-19.99998454996,75.5146940393684,-19.1145095117039,9.15378597272859,84.4747866423762,78.9495732847524,1.37792999686348,-0.955725475585196,0.45768929863643
"NGC",-19.9999843284555,75.5147176689978,-19.1113816387935,9.16978769422317,84.4650075036901,78.9300150073803,1.37758864052732,-0.955569081939676,0.458489384711158
"NGC",-19.9999841041699,75.5147415103987,-19.1082482982756,9.18578837515679,84.4552283650041,78.9104567300082,1.37724728419116,-0.955412414913779,0.459289418757839
"NGC",-19.999983877073,75.5147655650981,-19.1051094904465,9.20178801391368,84.445449226318,78.8908984526361,1.376905927855,-0.955255474522325,0.460089400695684
"NGC",-19.9999836471346,75.5147898346312,-19.1019652156027,9.21778660887997,84.435670087632,78.871340175264,1.37656457151884,-0.955098260780137,0.460889330443998
"NGC",-19.9999834143242,75.5148143205417,-19.0988154740407,9.23378415844369,84.4258909489459,78.8517818978918,1.37622321518268,-0.954940773702036,0.461689207922184
"NGC",-19.9999831786108,75.5148390243819,-19.0956602660569,9.24978066099479,84.4161118102598,78.8322236205197,1.37588185884651,-0.954783013302844,0.46248903304974
"NGC",-19.9999829399635,75.5148639477123,-19.0924995919477,9.26577611492513,84.4063326715738,78.8126653431476,1.37554050251035,-0.954624979597386,0.463288805746257
"NGC",-19.9999826983507,75.5148890921022,-19.0893334520096,9.28177051862853,84.3965535328877,78.7931070657755,1.37519914617419,-0.954466672600482,0.464088525931426
"NGC",-19.9999824537409,75.5149144591293,-19.0861618465392,9.2977638705007,84.3867743942017,78.7735487884034,1.37485778983803,-0.954308092326958,0.464888193525035
"NGC",-19.9999822061021,75.5149400503798,-19.0829847758327,9.31375616893937,84.3769952555156,78.7539905110312,1.37451643350187,-0.954149238791634,0.465687808446968
"NGC",-19.999981955402,75.5149658674487,-19.0798022401867,9.32974741234419,84.3672161168296,78.7344322336591,1.3741750771657,-0.953990112009334,0.466487370617209
"NGC",-19.9999817016081,75.5149919119394,-19.0766142398976,9.3457375991168,84.3574369781435,78.714873956287,1.37383372082954,-0.953830711994878,0.46728687995584
"NGC",-19.9999814446876,75.5150181854643,-19.0734207752617,9.36172672766081,84.3476578394574,78.6953156789149,1.37349236449338,-0.953671038763087,0.46808633638304
"NGC",-19.9999811846074,75.5150446896442,-19.0702218465756,9.37771479638183,84.3378787007714,78.6757574015428,1.37315100815722,-0.953511092328778,0.468885739819091
"NGC",-19.999980921334,75.5150714261088,-19.0670174541354,9.39370180368748,84.3280995620853,78.6561991241706,1.37280965182106,-0.95335087270677,0.469685090184374
"NGC",-19.9999806548338,75.5150983964966,-19.0638075982375,9.4096877479874,84.3183204233993,78.6366408467985,1.3724682954849,-0.953190379911877,0.47048438739937
"NGC",-19.9999803850728,75.5151256024547,-19.0605922791783,9.42567262769322,84.3085412847132,78.6170825694264,1.37212693914873,-0.953029613958914,0.471283631384661
"NGC",-19.9999801120167,75.5151530456393,-19.0573714972538,9.44165644121865,84.2987621460271,78.5975242920543,1.37178558281257,-0.952868574862691,0.472082822060932
"NGC",-19.9999798356308,75.5151807277153,-19.0541452527603,9.45763918697938,84.2889830073411,78.5779660146822,1.37144422647641,-0.952707262638017,0.472881959348969
"NGC",-19.9999795558803,75.5152086503567,-19.050913545994,9.47362086339322,84.279203868655,78.55840773731,1.37110287014025,-0.952545677299698,0.473681043169661
"NGC",-19.99997927273,75.5152368152461,-19.0476763772507,9.48960146888002,84.269424729969,78.5388494599379,1.37076151380409,-0.952383818862536,0.474480073444001
"NGC",-19.9999789861443,75.5152652240755,-19.0444337468266,9.5055810018617,84.2596455912829,78.5192911825658,1.37042015746793,-0.952221687341332,0.475279050093085
"NGC",-19.9999786960873,75.5152938785456,-19.0411856550176,9.52155946076226,84.2498664525968,78.4997329051937,1.37007880113176,-0.952059282750882,0.476077973038113
"NGC",-19.9999784025231,75.5153227803661,-19.0379321021195,9.53753684400779,84.2400873139108,78.4801746278216,1.3697374447956,-0.951896605105977,0.476876842200389
"NGC",-19.999978105415,75.5153519312561,-19.0346730884281,9.55351315002652,84.2303081752247,78.4606163504494,1.36939608845944,-0.951733654421407,0.477675657501326
"NGC",-19.9999778047262,75.5153813329436,-19.0314086142391,9.56948837724877,84.2205290365387,78.4410580730773,1.36905473212328,-0.951570430711956,0.478474418862439
"NGC",-19.9999775004198,75.5154109871657,-19.0281386798481,9.585462524107,84.2107498978526,78.4214997957052,1.36871337578712,-0.951406933992403,0.47927312620535
"NGC",-19.9999771924583,75.5154408956687,-19.0248632855505,9.60143558903577,84.2009707591665,78.4019415183331,1.36837201945095,-0.951243164277523,0.480071779451789
"NGC",-19.9999768808039,75.5154710602082,-19.0215824316417,9.61740757047183,84.1911916204805,78.382383240961,1.36803066311479,-0.951079121582087,0.480870378523592
"NGC",-19.9999765654185,75.5155014825489,-19.0182961184172,9.63337846685409,84.1814124817944,78.3628249635888,1.36768930677863,-0.950914805920859,0.481668923342705
"NGC",-19.9999762462637,75.515532164465,-19.015004346172,9.6493482766236,84.1716333431084,78.3432666862167,1.36734795044247,-0.950750217308598,0.48246741383118
"NGC",-19.9999759233009,75.5155631077399,-19.0117071152011,9.66531699822361,84.1618542044223,78.3237084088446,1.36700659410631,-0.950585355760057,0.483265849911181
"NGC",-19.9999755964909,75.5155943141661,-19.0084044257997,9.68128463009955,84.1520750657362,78.3041501314725,1.36666523777015,-0.950420221289984,0.484064231504978
"NGC",-19.9999752657943,75.5156257855459,-19.0050962782624,9.69725117069905,84.1422959270502,78.2845918541004,1.36632388143398,-0.95025481391312,0.484862558534952
"NGC",-19.9999749311713,75.5156575236907,-19.001782672884,9.71321661847196,84.1325167883641,78.2650335767282,1.36598252509782,-0.950089133644199,0.485660830923598
"NGC",-19.999974592582,75.5156895304217,-18.998463609959,9.72918097187037,84.1227376496781,78.2454752993561,1.36564116876166,-0.949923180497949,0.486459048593518
"NGC",-19.9999742499858,75.5157218075691,-18.9951390897818,9.74514422934856,84.112958510992,78.225917021984,1.3652998124255,-0.94975695448909,0.487257211467428
"NGC",-19.9999739033419,75.515754356973,-18.9918091126467,9.76110638936309,84.1031793723059,78.2063587446119,1.36495845608934,-0.949590455632336,0.488055319468154
"NGC",-19.9999735526093,75.5157871804828,-18.9884736788478,9.77706745037275,84.0934002336199,78.1868004672398,1.36461709975317,-0.949423683942391,0.488853372518637
"NGC",-19.9999731977465,75.5158202799579,-18.9851327886791,9.79302741083863,84.0836210949338,78.1672421898677,1.36427574341701,-0.949256639433954,0.489651370541931
"NGC",-19.9999728387116,75.5158536572667,-18.9817864424343,9.80898626922407,84.0738419562478,78.1476839124955,1.36393438708085,-0.949089322121714,0.490449313461204
"NGC",-19.9999724754625,75.5158873142879,-18.978434640407,9.82494402399471,84.0640628175617,78.1281256351234,1.36359303074469,-0.948921732020352,0.491247201199735
"NGC",-19.9999721079565,75.5159212529095,-18.9750773828908,9.84090067361848,84.0542836788756,78.1085673577513,1.36325167440853,-0.948753869144539,0.492045033680924
"NGC",-19.9999717361509,75.5159554750292,-18.9717146701788,9.85685621656562,84.0445045401896,78.0890090803792,1.36291031807237,-0.948585733508939,0.492842810828281
"NGC",-19.9999713600022,75.5159899825547,-18.9683465025641,9.87281065130872,84.0347254015035,78.069450803007,1.3625689617362,-0.948417325128207,0.493640532565436
"NGC",-19.999970979467,75.5160247774034,-18.9649728803397,9.88876397632267,84.0249462628175,78.0498925256349,1.36222760540004,-0.948248644016985,0.494438198816133
"NGC",-19.9999705945012,75.5160598615026,-18.9615938037982,9.90471619008472,84.0151671241314,78.0303342482628,1.36188624906388,-0.948079690189908,0.495235809504236
"NGC",-19.9999702050604,75.5160952367892,-18.958209273232,9.92066729107446,84.0053879854453,78.0107759708907,1.36154489272772,-0.947910463661602,0.496033364553723
"NGC",-19.9999698110999,75.5161309052103,-18.9548192889336,9.93661727777386,83.9956088467593,77.9912176935186,1.36120353639156,-0.947740964446679,0.496830863888693
"NGC",-19.9999694125745,75.5161668687229,-18.9514238511948,9.95256614866729,83.9858297080732,77.9716594161465,1.3608621800554,-0.947571192559742,0.497628307433364
"NGC",-19.9999690094388,75.5162031292939,-18.9480229603077,9.96851390224146,83.9760505693872,77.9521011387743,1.36052082371923,-0.947401148015384,0.498425695112073
"NGC",-19.9999686016468,75.5162396889001,-18.9446166165637,9.98446053698552,83.9662714307011,77.9325428614022,1.36017946738307,-0.947230830828186,0.499223026849276
"NGC",-19.9999681891524,75.5162765495288,-18.9412048202543,10.000406051391,83.956492292015,77.9129845840301,1.35983811104691,-0.947060241012716,0.500020302569551
"NGC",-19.9999677719088,75.5163137131767,-18.9377875716707,10.0163504439519,83.946713153329,77.893426306658,1.35949675471075,-0.946889378583533,0.500817522197595
"NGC",-19.9999673498691,75.5163511818512,-18.9343648711036,10.0322937131646,83.9369340146429,77.8738680292858,1.35915539837459,-0.946718243555181,0.501614685658231
"NGC",-19.9999669229858,75.5163889575697,-18.9309367188439,10.048235857528,83.9271548759569,77.8543097519137,1.35881404203842,-0.946546835942193,0.502411792876401
"NGC",-19.999966491211,75.5164270423596,-18.9275031151818,10.0641768755434,83.9173757372708,77.8347514745416,1.35847268570226,-0.946375155759089,0.50320884377717
"NGC",-19.9999660544966,75.5164654382587,-18.9240640604075,10.0801167657146,83.9075965985847,77.8151931971695,1.3581313293661,-0.946203203020376,0.504005838285728
"NGC",-19.9999656127939,75.5165041473151,-18.920619554811,10.0960555265477,83.8978174598987,77.7956349197974,1.35778997302994,-0.946030977740548,0.504802776327387
"NGC",-19.9999651660539,75.5165431715871,-18.9171695986817,10.1119931565517,83.8880383212126,77.7760766424253,1.35744861669378,-0.945858479934084,0.505599657827587
"NGC",-19.9999647142272,75.5165825131435,-18.913714192309,10.1279296542378,83.8782591825266,77.7565183650531,1.35710726035762,-0.945685709615451,0.50639648271189
"NGC",-19.999964257264,75.5166221740632,-18.910253335982,10.1438650181197,83.8684800438405,77.736960087681,1.35676590402145,-0.9455126667991,0.507193250905985
"NGC",-19.999963795114,75.5166621564357,-18.9067870299894,10.1597992467138,83.8587009051544,77.7174018103089,1.35642454768529,-0.945339351499468,0.507989962335689
"NGC",-19.9999633277265,75.516702462361,-18.9033152746195,10.1757323385388,83.8489217664684,77.6978435329368,1.35608319134913,-0.945165763730977,0.508786616926942
"NGC",-19.9999628550505,75.5167430939494,-18.8998380701607,10.1916642921163,83.8391426277823,77.6782852555647,1.35574183501297,-0.944991903508035,0.509583214605817
"NGC",-19.9999623770345,75.5167840533219,-18.8963554169007,10.2075951059702,83.8293634890963,77.6587269781925,1.35540047867681,-0.944817770845034,0.510379755298511
"NGC",-19.9999618936266,75.51682534261,-18.892867315127,10.223524778627,83.8195843504102,77.6391687008204,1.35505912234064,-0.944643365756348,0.511176238931351
"NGC",-19.9999614047745,75.5168669639558,-18.8893737651268,10.2394533086159,83.8098052117242,77.6196104234483,1.35471776600448,-0.944468688256338,0.511972665430795
"NGC",-19.9999609104253,75.516908919512,-18.8858747671869,10.2553806944686,83.8000260730381,77.6000521460762,1.35437640966832,-0.944293738359347,0.512769034723429
"NGC",-19.9999604105259,75.5169512114419,-18.882370321594,10.2713069347194,83.790246934352,77.580493868704,1.35403505333216,-0.944118516079701,0.513565346735971
"NGC",-19.9999599050227,75.5169938419198,-18.8788604286342,10.2872320279054,83.780467795666,77.5609355913319,1.353693696996,-0.94394302143171,0.51436160139527
"NGC",-19.9999593938616,75.5170368131303,-18.8753450885933,10.3031559725661,83.7706886569799,77.5413773139598,1.35335234065984,-0.943767254429666,0.515157798628305
"NGC",-19.9999588769881,75.5170801272693,-18.8718243017568,10.3190787672438,83.7609095182939,77.5218190365877,1.35301098432367,-0.943591215087842,0.51595393836219
"NGC",-19.9999583543473,75.5171237865431,-18.8682980684099,10.3350004104834,83.7511303796078,77.5022607592156,1.35266962798751,-0.943414903420496,0.516750020524171
"NGC",-19.9999578258837,75.517167793169,-18.8647663888373,10.3509209008326,83.7413512409217,77.4827024818435,1.35232827165135,-0.943238319441865,0.517546045041629
"NGC",-19.9999572915417,75.5172121493754,-18.8612292633234,10.3668402368415,83.7315721022357,77.4631442044713,1.35198691531519,-0.943061463166169,0.518342011842077
"NGC",-19.9999567512648,75.5172568574012,-18.8576866921521,10.3827584170633,83.7217929635496,77.4435859270992,1.35164555897903,-0.942884334607607,0.519137920853164
"NGC",-19.9999562049963,75.5173019194966,-18.8541386756072,10.3986754400535,83.7120138248635,77.4240276497271,1.35130420264286,-0.942706933780361,0.519933772002674
"NGC",-19.9999556526791,75.5173473379228,-18.8505852139718,10.4145913043706,83.7022346861775,77.404469372355,1.3509628463067,-0.942529260698592,0.520729565218529
"NGC",-19.9999550942556,75.517393114952,-18.8470263075288,10.4305060085757,83.6924555474914,77.3849110949829,1.35062148997054,-0.942351315376441,0.521525300428787
"NGC",-19.9999545296675,75.5174392528673,-18.8434619565606,10.4464195512328,83.6826764088054,77.3653528176107,1.35028013363438,-0.942173097828029,0.522320977561642
"NGC",-19.9999539588564,75.5174857539633,-18.8398921613491,10.4623319309086,83.6728972701193,77.3457945402386,1.34993877729822,-0.941994608067456,0.523116596545428
"NGC",-19.9999533817631,75.5175326205454,-18.836316922176,10.4782431461723,83.6631181314332,77.3262362628665,1.34959742096206,-0.941815846108801,0.523912157308615
"NGC",-19.9999527983283,75.5175798549305,-18.8327362393225,10.4941531955963,83.6533389927472,77.3066779854944,1.34925606462589,-0.941636811966122,0.524707659779816
"NGC",-19.9999522084918,75.5176274594465,-18.8291501130691,10.5100620777556,83.6435598540611,77.2871197081223,1.34891470828973,-0.941457505653456,0.525503103887782
"NGC",-19.9999516121932,75.5176754364327,-18.8255585436963,10.5259697912281,83.6337807153751,77.2675614307501,1.34857335195357,-0.941277927184816,0.526298489561404
"NGC",-19.9999510093717,75.5177237882397,-18.8219615314839,10.5418763345943,83.624001576689,77.248003153378,1.34823199561741,-0.941098076574195,0.527093816729715
"NGC",-19.9999503999657,75.5177725172295,-18.8183590767112,10.5577817064378,83.6142224380029,77.2284448760059,1.34789063928125,-0.94091795383556,0.527889085321889
"NGC",-19.9999497839133,75.5178216257754,-18.8147511796572,10.5736859053449,83.6044432993169,77.2088865986338,1.34754928294509,-0.940737558982859,0.528684295267245
"NGC",-19.9999491611522,75.5178711162622,-18.8111378406003,10.5895889299048,83.5946641606308,77.1893283212617,1.34720792660892,-0.940556892030014,0.529479446495242
"NGC",-19.9999485316195,75.5179209910862,-18.8075190598185,10.6054907787097,83.5848850219448,77.1697700438895,1.34686657027276,-0.940375952990923,0.530274538935486
"NGC",-19.9999478952516,75.5179712526551,-18.8038948375892,10.6213914503545,83.5751058832587,77.1502117665174,1.3465252139366,-0.940194741879461,0.531069572517724
"NGC",-19.9999472519849,75.5180219033883,-18.8002651741896,10.637290943437,83.5653267445726,77.1306534891453,1.34618385760044,-0.940013258709478,0.531864547171851
"NGC",-19.9999466017549,75.5180729457166,-18.796630069896,10.6531892565581,83.5555476058866,77.1110952117732,1.34584250126428,-0.9398315034948,0.532659462827905
"NGC",-19.9999459444966,75.5181243820827,-18.7929895249845,10.6690863883215,83.5457684672005,77.0915369344011,1.34550114492811,-0.939649476249227,0.533454319416075
"NGC",-19.9999452801447,75.5181762149408,-18.7893435397307,10.6849823373338,83.5359893285145,77.071978657029,1.34515978859195,-0.939467176986533,0.534249116866691
"NGC",-19.9999446086332,75.5182284467567,-18.7856921144093,10.7008771022047,83.5262101898284,77.0524203796568,1.34481843225579,-0.939284605720467,0.535043855110235
"NGC",-19.9999439298958,75.5182810800082,-18.782035249295,10.7167706815467,83.5164310511423,77.0328621022847,1.34447707591963,-0.939101762464752,0.535838534077337
"NGC",-19.9999432438655,75.5183341171847,-18.7783729446616,10.7326630739755,83.5066519124563,77.0133038249126,1.34413571958347,-0.938918647233082,0.536633153698774
"NGC",-19.9999425504747,75.5183875607875,-18.7747052007826,10.7485542781095,83.4968727737702,76.9937455475405,1.34379436324731,-0.938735260039128,0.537427713905475
"NGC",-19.9999418496556,75.5184414133298,-18.7710320179306,10.7644442925704,83.4870936350842,76.9741872701683,1.34345300691114,-0.93855160089653,0.538222214628518
"NGC",-19.9999411413396,75.5184956773367,-18.767353396378,10.7803331159827,83.4773144963981,76.9546289927962,1.34311165057498,-0.938367669818902,0.539016655799133
"NGC",-19.9999404254575,75.5185503553452,-18.7636693363966,10.796220746974,83.467535357712,76.9350707154241,1.34277029423882,-0.938183466819829,0.5398110373487
"NGC",-19.9999397019399,75.5186054499042,-18.7599798382574,10.8121071841751,83.457756219026,76.915512438052,1.34242893790266,-0.937998991912869,0.540605359208754
"NGC",-19.9999389707166,75.518660963575,-18.756284902231,10.8279924262196,83.4479770803399,76.8959541606799,1.3420875815665,-0.937814245111549,0.54139962131098
"NGC",-19.9999382317169,75.5187168989304,-18.7525845285874,10.8438764717444,83.4381979416539,76.8763958833078,1.34174622523033,-0.937629226429369,0.54219382358722
"NGC",-19.9999374848696,75.5187732585558,-18.748878717596,10.8597593193894,83.4284188029678,76.8568376059356,1.34140486889417,-0.937443935879798,0.542987965969468
"NGC",-19.9999367301029,75.5188300450485,-18.7451674695255,10.8756409677975,83.4186396642818,76.8372793285635,1.34106351255801,-0.937258373476275,0.543782048389875
"NGC",-19.9999359673446,75.5188872610182,-18.7414507846442,10.8915214156149,83.4088605255957,76.8177210511914,1.34072215622185,-0.93707253923221,0.544576070780745
"NGC",-19.9999351965217,75.5189449090866,-18.7377286632196,10.9074006614908,83.3990813869096,76.7981627738193,1.34038079988569,-0.936886433160979,0.545370033074542
"NGC",-19.9999344175608,75.5190029918877,-18.7340011055186,10.9232787040777,83.3893022482236,76.7786044964472,1.34003944354953,-0.93670005527593,0.546163935203884
"NGC",-19.9999336303879,75.5190615120679,-18.7302681118076,10.939155542031,83.3795231095375,76.759046219075,1.33969808721336,-0.936513405590379,0.54695777710155
"NGC",-19.9999328349285,75.5191204722861,-18.7265296823522,10.9550311740095,83.3697439708515,76.7394879417029,1.3393567308772,-0.93632648411761,0.547751558700475
"NGC",-19.9999320311074,75.5191798752132,-18.7227858174174,10.9709055986751,83.3599648321654,76.7199296643308,1.33901537454104,-0.936139290870872,0.548545279933754
"NGC",-19.9999312188489,75.519239723533,-18.7190365172677,10.9867788146928,83.3501856934793,76.7003713869587,1.33867401820488,-0.935951825863386,0.549338940734642
"NGC",-19.9999303980767,75.5193000199413,-18.7152817821667,11.0026508207311,83.3404065547933,76.6808131095866,1.33833266186872,-0.935764089108335,0.550132541036555
"NGC",-19.999929568714,75.5193607671469,-18.7115216123774,11.0185216154614,83.3306274161072,76.6612548322144,1.33799130553255,-0.935576080618873,0.55092608077307
"NGC",-19.9999287306833,75.5194219678707,-18.7077560081623,11.0343911975585,83.3208482774212,76.6416965548423,1.33764994919639,-0.935387800408116,0.551719559877926
"NGC",-19.9999278839066,75.5194836248466,-18.703984969783,11.0502595657005,83.3110691387351,76.6221382774702,1.33730859286023,-0.935199248489149,0.552512978285025
"NGC",-19.9999270283052,75.5195457408209,-18.7002084975004,11.0661267185687,83.301290000049,76.6025800000981,1.33696723652407,-0.93501042487502,0.553306335928433
"NGC",-19.9999261638,75.5196083185527,-18.6964265915749,11.0819926548476,83.291510861363,76.583021722726,1.33662588018791,-0.934821329578744,0.554099632742379
"NGC",-19.9999252903111,75.5196713608137,-18.692639252266,11.0978573732251,83.2817317226769,76.5634634453538,1.33628452385175,-0.934631962613298,0.554892868661257
"NGC",-19.999924407758,75.5197348703884,-18.6888464798325,11.1137208723926,83.2719525839909,76.5439051679817,1.33594316751558,-0.934442323991625,0.555686043619628
"NGC",-19.9999235160599,75.5197988500744,-18.6850482745326,11.1295831510443,83.2621734453048,76.5243468906096,1.33560181117942,-0.93425241372663,0.556479157552217
"NGC",-19.999922615135,75.5198633026817,-18.6812446366237,11.1454442078784,83.2523943066187,76.5047886132375,1.33526045484326,-0.934062231831184,0.557272210393918
"NGC",-19.9999217049011,75.5199282310335,-18.6774355663623,11.1613040415959,83.2426151679327,76.4852303358654,1.3349190985071,-0.933871778318117,0.558065202079793
"NGC",-19.9999207852752,75.5199936379658,-18.6736210640045,11.1771626509014,83.2328360292466,76.4656720584932,1.33457774217094,-0.933681053200225,0.55885813254507
"NGC",-19.999919856174,75.5200595263276,-18.6698011298053,11.193020034503,83.2230568905606,76.4461137811211,1.33423638583478,-0.933490056490264,0.559651001725149
"NGC",-19.9999189175133,75.520125898981,-18.665975764019,11.208876191112,83.2132777518745,76.426555503749,1.33389502949861,-0.933298788200952,0.560443809555598
"NGC",-19.9999179692084,75.5201927588011,-18.6621449668994,11.2247311194431,83.2034986131884,76.4069972263769,1.33355367316245,-0.933107248344969,0.561236555972157
"NGC",-19.9999170111739,75.5202601086761,-18.6583087386991,11.2405848182147,83.1937194745024,76.3874389490048,1.33321231682629,-0.932915436934953,0.562029240910736
"NGC",-19.9999160433237,75.5203279515074,-18.6544670796701,11.2564372861484,83.1839403358163,76.3678806716326,1.33287096049013,-0.932723353983505,0.562821864307418
"NGC",-19.9999150655713,75.5203962902096,-18.6506199900637,11.2722885219692,83.1741611971303,76.3483223942605,1.33252960415397,-0.932530999503186,0.56361442609846
"NGC",-19.9999140778293,75.5204651277103,-18.6467674701303,11.2881385244058,83.1643820584442,76.3287641168884,1.3321882478178,-0.932338373506515,0.564406926220289
"NGC",-19.9999130800098,75.5205344669507,-18.6429095201194,11.3039872921902,83.1546029197581,76.3092058395163,1.33184689148164,-0.932145476005971,0.56519936460951
"NGC",-19.9999120720242,75.5206043108853,-18.6390461402798,11.319834824058,83.1448237810721,76.2896475621442,1.33150553514548,-0.93195230701399,0.565991741202902
"NGC",-19.9999110537833,75.5206746624816,-18.6351773308593,11.3356811187484,83.135044642386,76.270089284772,1.33116417880932,-0.931758866542967,0.566784055937419
"NGC",-19.9999100251971,75.5207455247209,-18.6313030921051,11.3515261750038,83.1252655037,76.2505310073999,1.33082282247316,-0.931565154605257,0.567576308750192
"NGC",-19.999908986175,75.5208169005979,-18.6274234242634,11.3673699915706,83.1154863650139,76.2309727300278,1.330481466137,-0.931371171213168,0.568368499578529
"NGC",-19.9999079366259,75.5208887931205,-18.6235383275794,11.3832125671983,83.1057072263278,76.2114144526557,1.33014010980083,-0.931176916378969,0.569160628359917
"NGC",-19.9999068764577,75.5209612053105,-18.6196478022976,11.3990539006404,83.0959280876418,76.1918561752836,1.32979875346467,-0.930982390114882,0.569952695032022
"NGC",-19.999905805578,75.521034140203,-18.6157518486617,11.4148939906537,83.0861489489557,76.1722978979114,1.32945739712851,-0.930787592433087,0.570744699532687
"NGC",-19.9999047238934,75.521107600847,-18.6118504669144,11.4307328359988,83.0763698102697,76.1527396205393,1.32911604079235,-0.930592523345719,0.571536641799939
"NGC",-19.9999036313099,75.5211815903049,-18.6079436572973,11.4465704354396,83.0665906715836,76.1331813431672,1.32877468445619,-0.930397182864867,0.572328521771982
"NGC",-19.9999025277331,75.5212561116529,-18.6040314200515,11.4624067877441,83.0568115328975,76.1136230657951,1.32843332812002,-0.930201571002577,0.573120339387206
"NGC",-19.9999014130674,75.521331167981,-18.6001137554169,11.4782418916836,83.0470323942115,76.094064788423,1.32809197178386,-0.930005687770846,0.573912094584181
"NGC",-19.9999002872169,75.5214067623931,-18.5961906636326,11.4940757460332,83.0372532555254,76.0745065110508,1.3277506154477,-0.929809533181628,0.574703787301661
"NGC",-19.9998991500848,75.5214828980067,-18.5922621449365,11.5099083495717,83.0274741168394,76.0549482336787,1.32740925911154,-0.929613107246827,0.575495417478584
"NGC",-19.9998980015738,75.5215595779533,-18.588328199566,11.5257397010815,83.0176949781533,76.0353899563066,1.32706790277538,-0.929416409978302,0.576286985054073
"NGC",-19.9998968415856,75.5216368053784,-18.5843888277573,11.5415697993487,83.0079158394672,76.0158316789345,1.32672654643922,-0.929219441387863,0.577078489967437
"NGC",-19.9998956700214,75.5217145834414,-18.5804440297455,11.5573986431634,82.9981367007812,75.9962734015624,1.32638519010305,-0.929022201487273,0.577869932158172
"NGC",-19.9998944867816,75.5217929153158,-18.5764938057649,11.5732262313192,82.9883575620951,75.9767151241902,1.32604383376689,-0.928824690288245,0.578661311565959
"NGC",-19.999893291766,75.521871804189,-18.5725381560489,11.5890525626134,82.9785784234091,75.9571568468181,1.32570247743073,-0.928626907802444,0.579452628130669
"NGC",-19.9998920848734,75.5219512532627,-18.5685770808297,11.6048776358472,82.968799284723,75.937598569446,1.32536112109457,-0.928428854041486,0.58024388179236
"NGC",-19.9998908660022,75.5220312657526,-18.5646105803387,11.6207014498257,82.959020146037,75.9180402920739,1.32501976475841,-0.928230529016934,0.581035072491284
"NGC",-19.9998896350499,75.5221118448888,-18.5606386548061,11.6365240033576,82.9492410073509,75.8984820147018,1.32467840842225,-0.928031932740304,0.581826200167878
"NGC",-19.9998883919131,75.5221929939153,-18.5566613044612,11.6523452952554,82.9394618686648,75.8789237373296,1.32433705208608,-0.92783306522306,0.582617264762772
"NGC",-19.9998871364881,75.5222747160908,-18.5526785295322,11.6681653243358,82.9296827299788,75.8593654599575,1.32399569574992,-0.927633926476612,0.583408266216789
"NGC",-19.9998858686699,75.5223570146881,-18.5486903302464,11.6839840894189,82.9199035912927,75.8398071825854,1.32365433941376,-0.927434516512322,0.584199204470944
"NGC",-19.9998845883532,75.5224398929944,-18.5446967068299,11.6998015893289,82.9101244526067,75.8202489052133,1.3233129830776,-0.927234835341496,0.584990079466446
"NGC",-19.9998832954318,75.5225233543113,-18.5406976595078,11.7156178228939,82.9003453139206,75.8006906278412,1.32297162674144,-0.92703488297539,0.585780891144697
"NGC",-19.9998819897986,75.522607401955,-18.5366931885041,11.7314327889459,82.8905661752345,75.781132350469,1.32263027040527,-0.926834659425204,0.586571639447296
"NGC",-19.9998806713459,75.5226920392561,-18.5326832940417,11.7472464863207,82.8807870365485,75.7615740730969,1.32228891406911,-0.926634164702086,0.587362324316036
"NGC",-19.9998793399652,75.5227772695598,-18.5286679763426,11.7630589138581,82.8710078978624,75.7420157957248,1.32194755773295,-0.92643339881713,0.588152945692907
"NGC",-19.9998779955471,75.5228630962259,-18.5246472356274,11.778870070402,82.8612287591764,75.7224575183527,1.32160620139679,-0.926232361781372,0.5889435035201
"NGC",-19.9998766379816,75.5229495226288,-18.5206210721159,11.7946799548,82.8514496204903,75.7028992409806,1.32126484506063,-0.926031053605795,0.589733997739999
"NGC",-19.9998752671579,75.5230365521578,-18.5165894860265,11.8104885659038,82.8416704818042,75.6833409636085,1.32092348872447,-0.925829474301327,0.59052442829519
"NGC",-19.9998738829642,75.5231241882167,-18.5125524775768,11.8262959025692,82.8318913431182,75.6637826862363,1.3205821323883,-0.925627623878838,0.59131479512846
"NGC",-19.9998724852881,75.5232124342242,-18.5085100469828,11.8421019636559,82.8221122044321,75.6442244088642,1.32024077605214,-0.925425502349141,0.592105098182795
"NGC",-19.9998710740165,75.5233012936139,-18.5044621944598,11.8579067480276,82.8123330657461,75.6246661314921,1.31989941971598,-0.925223109722992,0.592895337401382
"NGC",-19.9998696490352,75.5233907698342,-18.5004089202218,11.8737102545523,82.80255392706,75.60510785412,1.31955806337982,-0.92502044601109,0.593685512727612
"NGC",-19.9998682102295,75.5234808663484,-18.4963502244815,11.8895124821016,82.7927747883739,75.5855495767479,1.31921670704366,-0.924817511224073,0.59447562410508
"NGC",-19.9998667574835,75.5235715866348,-18.4922861074505,11.9053134295517,82.7829956496879,75.5659912993757,1.31887535070749,-0.924614305372524,0.595265671477583
"NGC",-19.999865290681,75.5236629341868,-18.4882165693393,11.9211130957825,82.7732165110018,75.5464330220036,1.31853399437133,-0.924410828466963,0.596055654789124
"NGC",-19.9998638097045,75.5237549125128,-18.484141610357,11.9369114796782,82.7634373723157,75.5268747446315,1.31819263803517,-0.924207080517852,0.59684557398391
"NGC",-19.999862314436,75.5238475251364,-18.4800612307118,11.9527085801272,82.7536582336297,75.5073164672594,1.31785128169901,-0.924003061535591,0.597635429006358
"NGC",-19.9998608047565,75.5239407755963,-18.4759754306104,11.9685043960218,82.7438790949436,75.4877581898873,1.31750992536285,-0.923798771530522,0.59842521980109
"NGC",-19.9998592805462,75.5240346674462,-18.4718842102584,11.9842989262587,82.7340999562576,75.4681999125151,1.31716856902669,-0.923594210512921,0.599214946312935
"NGC",-19.9998577416845,75.5241292042556,-18.4677875698601,12.0000921697387,82.7243208175715,75.448641635143,1.31682721269052,-0.923389378493005,0.600004608486936
"NGC",-19.99985618805,75.5242243896087,-18.4636855096186,12.0158841253668,82.7145416788855,75.4290833577709,1.31648585635436,-0.923184275480929,0.60079420626834
"NGC",-19.9998546195202,75.5243202271054,-18.4595780297357,12.0316747920522,82.7047625401994,75.4095250803988,1.3161445000182,-0.922978901486783,0.601583739602608
"NGC",-19.9998530359721,75.524416720361,-18.4554651304119,12.0474641687083,82.6949834015133,75.3899668030267,1.31580314368204,-0.922773256520594,0.602373208435413
"NGC",-19.9998514372815,75.5245138730061,-18.4513468118465,12.0632522542528,82.6852042628273,75.3704085256546,1.31546178734588,-0.922567340592324,0.603162612712638
"NGC",-19.9998498233237,75.5246116886869,-18.4472230742374,12.0790390476076,82.6754251241412,75.3508502482824,1.31512043100971,-0.922361153711872,0.603951952380382
"NGC",-19.9998481939728,75.5247101710651,-18.4430939177814,12.0948245476991,82.6656459854552,75.3312919709103,1.31477907467355,-0.922154695889072,0.604741227384956
"NGC",-19.9998465491022,75.524809323818,-18.4389593426738,12.1106087534578,82.6558668467691,75.3117336935382,1.31443771833739,-0.921947967133689,0.605530437672888
"NGC",-19.9998448885844,75.5249091506385,-18.4348193491085,12.1263916638184,82.646087708083,75.2921754161661,1.31409636200123,-0.921740967455425,0.60631958319092
"NGC",-19.9998432122909,75.5250096552353,-18.4306739372783,12.1421732777202,82.636308569397,75.272617138794,1.31375500566507,-0.921533696863914,0.607108663886012
"NGC",-19.9998415200926,75.5251108413327,-18.4265231073744,12.1579535941068,82.6265294307109,75.2530588614218,1.31341364932891,-0.921326155368722,0.607897679705341
"NGC",-19.9998398118591,75.5252127126708,-18.422366859587,12.1737326119261,82.6167502920248,75.2335005840497,1.31307229299274,-0.921118342979348,0.608686630596303
"NGC",-19.9998380874594,75.5253152730057,-18.4182051941044,12.1895103301302,82.6069711533388,75.2139423066776,1.31273093665658,-0.920910259705221,0.609475516506512
"NGC",-19.9998363467616,75.5254185261091,-18.414038111114,12.2052867476761,82.5971920146527,75.1943840293055,1.31238958032042,-0.920701905555702,0.610264337383804
"NGC",-19.9998345896327,75.5255224757688,-18.4098656108017,12.2210618635247,82.5874128759667,75.1748257519334,1.31204822398426,-0.920493280540084,0.611053093176234
"NGC",-19.9998328159389,75.5256271257886,-18.4056876933517,12.2368356766417,82.5776337372806,75.1552674745612,1.3117068676481,-0.920284384667586,0.611841783832083
"NGC",-19.9998310255454,75.5257324799883,-18.4015043589472,12.252608185997,82.5678545985946,75.1357091971891,1.31136551131194,-0.920075217947359,0.612630409299848
"NGC",-19.9998292183167,75.5258385422037,-18.3973156077696,12.2683793905651,82.5580754599085,75.116150919817,1.31102415497577,-0.919865780388482,0.613418969528257
"NGC",-19.9998273941161,75.5259453162868,-18.3931214399992,12.2841492893252,82.5482963212224,75.0965926424449,1.31068279863961,-0.919656071999961,0.614207464466258
"NGC",-19.9998255528062,75.5260528061056,-18.3889218558146,12.2999178812605,82.5385171825364,75.0770343650728,1.31034144230345,-0.919446092790732,0.614995894063024
"NGC",-19.9998236942483,75.5261610155447,-18.3847168553931,12.3156851653592,82.5287380438503,75.0574760877006,1.31000008596729,-0.919235842769655,0.61578425826796
"NGC",-19.9998218183032,75.5262699485045,-18.3805064389104,12.3314511406138,82.5189589051643,75.0379178103285,1.30965872963113,-0.919025321945519,0.61657255703069
"NGC",-19.9998199248305,75.5263796089021,-18.3762906065407,12.3472158060215,82.5091797664782,75.0183595329564,1.30931737329496,-0.918814530327037,0.617360790301073
"NGC",-19.9998180136889,75.5264900006707,-18.372069358457,12.3629791605839,82.4994006277921,74.9988012555843,1.3089760169588,-0.918603467922848,0.618148958029195
"NGC",-19.999816084736,75.5266011277601,-18.3678426948303,12.3787412033074,82.4896214891061,74.9792429782122,1.30863466062264,-0.918392134741516,0.618937060165368
"NGC",-19.9998141378286,75.5267129941365,-18.3636106158305,12.3945019332029,82.47984235042,74.95968470084,1.30829330428648,-0.918180530791527,0.619725096660143
"NGC",-19.9998121728226,75.5268256037825,-18.3593731216259,12.4102613492859,82.470063211734,74.9401264234679,1.30795194795032,-0.917968656081294,0.620513067464293
"NGC",-19.9998101895727,75.5269389606975,-18.355130212383,12.4260194505766,82.4602840730479,74.9205681460958,1.30761059161416,-0.917756510619149,0.621300972528832
"NGC",-19.9998081879328,75.5270530688974,-18.350881888267,12.4417762361001,82.4505049343618,74.9010098687237,1.30726923527799,-0.917544094413349,0.622088811805003
"NGC",-19.9998061677556,75.5271679324147,-18.3466281494414,12.4575317048857,82.4407257956758,74.8814515913515,1.30692787894183,-0.917331407472072,0.622876585244285
"NGC",-19.9998041288931,75.5272835552986,-18.3423689960683,12.4732858559678,82.4309466569897,74.8618933139794,1.30658652260567,-0.917118449803416,0.62366429279839
"NGC",-19.999802071196,75.5273999416153,-18.338104428308,12.4890386883854,82.4211675183037,74.8423350366073,1.30624516626951,-0.916905221415402,0.62445193441927
"NGC",-19.9997999945141,75.5275170954476,-18.3338344463193,12.5047902011822,82.4113883796176,74.8227767592352,1.30590380993335,-0.916691722315967,0.625239510059112
"NGC",-19.9997978986964,75.5276350208952,-18.3295590502594,12.5205403934068,82.4016092409315,74.8032184818631,1.30556245359718,-0.916477952512972,0.626027019670341
"NGC",-19.9997957835906,75.5277537220747,-18.3252782402838,12.5362892641124,82.3918301022455,74.783660204491,1.30522109726102,-0.916263912014192,0.626814463205621
"NGC",-19.9997936490435,75.5278732031197,-18.3209920165465,12.5520368123572,82.3820509635594,74.7641019271188,1.30487974092486,-0.916049600827324,0.627601840617858
"NGC",-19.9997914949008,75.527993468181,-18.3167003791996,12.5677830372039,82.3722718248734,74.7445436497467,1.3045383845887,-0.915835018959979,0.628389151860195
"NGC",-19.9997893210073,75.5281145214261,-18.3124033283938,12.5835279377204,82.3624926861873,74.7249853723746,1.30419702825254,-0.915620166419689,0.62917639688602
"NGC",-19.9997871272067,75.5282363670398,-18.3081008642779,12.5992715129793,82.3527135475012,74.7054270950025,1.30385567191638,-0.915405043213897,0.629963575648964
"NGC",-19.9997849133415,75.5283590092243,-18.3037929869993,12.615013762058,82.3429344088152,74.6858688176304,1.30351431558021,-0.915189649349966,0.630750688102899
"NGC",-19.9997826792535,75.5284824521986,-18.2994796967034,12.6307546840389,82.3331552701291,74.6663105402582,1.30317295924405,-0.914973984835172,0.631537734201943
"NGC",-19.999780424783,75.5286067001992,-18.2951609935341,12.6464942780092,82.3233761314431,74.6467522628861,1.30283160290789,-0.914758049676706,0.63232471390046
"NGC",-19.9997781497696,75.52873175748,-18.2908368776334,12.6622325430612,82.313596992757,74.627193985514,1.30249024657173,-0.914541843881671,0.63311162715306
"NGC",-19.9997758540517,75.5288576283121,-18.2865073491417,12.677969478292,82.3038178540709,74.6076357081419,1.30214889023557,-0.914325367457086,0.633898473914601
"NGC",-19.9997735374666,75.5289843169841,-18.2821724081976,12.6937050828037,82.2940387153849,74.5880774307698,1.3018075338994,-0.914108620409881,0.634685254140187
"NGC",-19.9997711998505,75.5291118278022,-18.2778320549379,12.7094393557035,82.2842595766988,74.5685191533976,1.30146617756324,-0.913891602746896,0.635471967785175
"NGC",-19.9997688410386,75.5292401650899,-18.2734862894977,12.7251722961034,82.2744804380128,74.5489608760255,1.30112482122708,-0.913674314474886,0.636258614805169
"NGC",-19.999766460865,75.5293693331883,-18.2691351120103,12.7409039031205,82.2647012993267,74.5294025986534,1.30078346489092,-0.913456755600513,0.637045195156027
"NGC",-19.9997640591627,75.5294993364565,-18.264778522607,12.7566341758771,82.2549221606406,74.5098443212813,1.30044210855476,-0.913238926130351,0.637831708793857
"NGC",-19.9997616357634,75.5296301792708,-18.2604165214176,12.7723631135004,82.2451430219546,74.4902860439092,1.3001007522186,-0.913020826070882,0.638618155675021
"NGC",-19.9997591904981,75.5297618660256,-18.25604910857,12.7880907151227,82.2353638832685,74.470727766537,1.29975939588243,-0.912802455428498,0.639404535756134
"NGC",-19.9997567231962,75.5298944011328,-18.25167628419,12.8038169798814,82.2255847445825,74.4511694891649,1.29941803954627,-0.912583814209498,0.640190848994068
"NGC",-19.9997542336864,75.5300277890224,-18.2472980484017,12.819541906919,82.2158056058964,74.4316112117928,1.29907668321011,-0.912364902420087,0.640977095345951
"NGC",-19.9997517217961,75.5301620341421,-18.2429144013276,12.8352654953833,82.2060264672103,74.4120529344207,1.29873532687395,-0.91214572006638,0.641763274769165
"NGC",-19.9997491873514,75.5302971409577,-18.2385253430879,12.8509877444271,82.1962473285243,74.3924946570486,1.29839397053779,-0.911926267154395,0.642549387221354
"NGC",-19.9997466301776,75.5304331139529,-18.2341308738011,12.8667086532083,82.1864681898382,74.3729363796764,1.29805261420163,-0.911706543690056,0.643335432660417
"NGC",-19.9997440500985,75.5305699576295,-18.2297309935838,12.8824282208903,82.1766890511522,74.3533781023043,1.29771125786546,-0.911486549679192,0.644121411044516
"NGC",-19.9997414469371,75.5307076765075,-18.2253257025507,12.8981464466415,82.1669099124661,74.3338198249322,1.2973699015293,-0.911266285127537,0.644907322332074
"NGC",-19.9997388205149,75.5308462751247,-18.2209150008145,12.9138633296354,82.15713077378,74.3142615475601,1.29702854519314,-0.911045750040727,0.645693166481772
"NGC",-19.9997361706525,75.5309857580376,-18.216498888486,12.9295788690512,82.147351635094,74.294703270188,1.29668718885698,-0.910824944424299,0.646478943452558
"NGC",-19.9997334971692,75.5311261298206,-18.2120773656739,12.9452930640728,82.1375724964079,74.2751449928158,1.29634583252082,-0.910603868283696,0.647264653203642
"NGC",-19.9997307998832,75.5312673950665,-18.2076504324852,12.96100591389,82.1277933577219,74.2555867154437,1.29600447618465,-0.910382521624259,0.648050295694499
"NGC",-19.9997280786114,75.5314095583867,-18.2032180890246,12.9767174176974,82.1180142190358,74.2360284380716,1.29566311984849,-0.910160904451231,0.64883587088487
"NGC",-19.9997253331696,75.5315526244108,-18.1987803353951,12.9924275746953,82.1082350803497,74.2164701606995,1.29532176351233,-0.909939016769755,0.649621378734763
"NGC",-19.9997225633724,75.5316965977868,-18.1943371716974,13.0081363840891,82.0984559416637,74.1969118833274,1.29498040717617,-0.909716858584871,0.650406819204454
"NGC",-19.9997197690332,75.5318414831815,-18.1898885980304,13.0238438450897,82.0886768029776,74.1773536059552,1.29463905084001,-0.909494429901521,0.651192192254487
"NGC",-19.9997169499641,75.53198728528,-18.1854346144909,13.0395499569135,82.0788976642916,74.1577953285831,1.29429769450385,-0.909271730724543,0.651977497845675
"NGC",-19.9997141059761,75.5321340087863,-18.1809752211734,13.0552547187821,82.0691185256055,74.138237051211,1.29395633816768,-0.909048761058672,0.652762735939105
"NGC",-19.9997112368789,75.532281658423,-18.1765104181708,13.0709581299227,82.0593393869194,74.1186787738389,1.29361498183152,-0.90882552090854,0.653547906496133
"NGC",-19.999708342481,75.5324302389314,-18.1720402055735,13.0866601895678,82.0495602482334,74.0991204964668,1.29327362549536,-0.908602010278673,0.654333009478389
"NGC",-19.9997054225898,75.5325797550715,-18.1675645834699,13.1023608969555,82.0397811095473,74.0795622190946,1.2929322691592,-0.908378229173496,0.655118044847776
"NGC",-19.9997024770112,75.5327302116225,-18.1630835519465,13.1180602513294,82.0300019708613,74.0600039417225,1.29259091282304,-0.908154177597324,0.655903012566472
"NGC",-19.99969950555,75.5328816133822,-18.1585971110874,13.1337582519386,82.0202228321752,74.0404456643504,1.29224955648688,-0.907929855554368,0.656687912596932
"NGC",-19.9996965080097,75.5330339651675,-18.1541052609746,13.1494548980378,82.0104436934892,74.0208873869783,1.29190820015071,-0.90770526304873,0.657472744901888
"NGC",-19.9996934841927,75.5331872718143,-18.1496080016882,13.165150188887,82.0006645548031,74.0013291096062,1.29156684381455,-0.907480400084408,0.658257509444348
"NGC",-19.9996904338998,75.5333415381776,-18.1451053333057,13.180844123752,81.990885416117,73.981770832234,1.29122548747839,-0.907255266665287,0.6590422061876
"NGC",-19.9996873569309,75.5334967691313,-18.1405972559029,13.1965367019042,81.981106277431,73.9622125548619,1.29088413114223,-0.907029862795146,0.659826835095212
"NGC",-19.9996842530843,75.5336529695689,-18.136083769553,13.2122279226207,81.9713271387449,73.9426542774898,1.29054277480607,-0.906804188477651,0.660611396131034
"NGC",-19.9996811221573,75.5338101444029,-18.1315648743272,13.2279177851839,81.9615480000589,73.9230960001177,1.2902014184699,-0.906578243716361,0.661395889259196
"NGC",-19.9996779639456,75.5339682985651,-18.1270405702944,13.2436062888823,81.9517688613728,73.9035377227456,1.28986006213374,-0.90635202851472,0.662180314444113
"NGC",-19.9996747782438,75.5341274370067,-18.1225108575213,13.2592934330097,81.9419897226867,73.8839794453734,1.28951870579758,-0.906125542876063,0.662964671650483
"NGC",-19.9996715648453,75.5342875646982,-18.1179757360722,13.2749792168658,81.9322105840007,73.8644211680013,1.28917734946142,-0.905898786803609,0.663748960843288
"NGC",-19.9996683235418,75.5344486866297,-18.1134352060093,13.290663639756,81.9224314453146,73.8448628906292,1.28883599312526,-0.905671760300465,0.6645331819878
"NGC",-19.999665054124,75.5346108078109,-18.1088892673925,13.3063467009915,81.9126523066285,73.8253046132571,1.2884946367891,-0.905444463369625,0.665317335049575
"NGC",-19.9996617563813,75.5347739332707,-18.1043379202793,13.3220283998892,81.9028731679425,73.805746335885,1.28815328045293,-0.905216896013965,0.666101419994458
"NGC",-19.9996584301015,75.5349380680581,-18.0997811647249,13.3377087357717,81.8930940292564,73.7861880585128,1.28781192411677,-0.904989058236246,0.666885436788583
"NGC",-19.9996550750712,75.5351032172414,-18.0952190007823,13.3533877079675,81.8833148905704,73.7666297811407,1.28747056778061,-0.904760950039114,0.667669385398375
"NGC",-19.9996516910757,75.5352693859088,-18.0906514285019,13.369065315811,81.8735357518843,73.7470715037686,1.28712921144445,-0.904532571425096,0.668453265790552
"NGC",-19.9996482778989,75.5354365791684,-18.086078447932,13.3847415586424,81.8637566131982,73.7275132263965,1.28678785510829,-0.9043039223966,0.669237077932121
"NGC",-19.9996448353233,75.5356048021481,-18.0815000591184,13.4004164358077,81.8539774745122,73.7079549490244,1.28644649877212,-0.904075002955919,0.670020821790386
"NGC",-19.99964136313,75.5357740599955,-18.0769162621044,13.4160899466588,81.8441983358261,73.6883966716523,1.28610514243596,-0.903845813105221,0.670804497332942
"NGC",-19.999637861099,75.5359443578785,-18.0723270569312,13.4317620905537,81.8344191971401,73.6688383942801,1.2857637860998,-0.903616352846558,0.671588104527684
"NGC",-19.9996343290084,75.5361157009848,-18.0677324436372,13.447432866856,81.824640058454,73.649280116908,1.28542242976364,-0.903386622181859,0.6723716433428
"NGC",-19.9996307666354,75.5362880945223,-18.0631324222586,13.4631022749356,81.814860919768,73.6297218395359,1.28508107342748,-0.90315662111293,0.67315511374678
"NGC",-19.9996271737555,75.5364615437189,-18.0585269928291,13.4787703141682,81.8050817810819,73.6101635621638,1.28473971709132,-0.902926349641455,0.673938515708408
"NGC",-19.999623550143,75.5366360538227,-18.0539161553799,13.4944369839354,81.7953026423958,73.5906052847916,1.28439836075515,-0.902695807768996,0.674721849196771
"NGC",-19.9996198955705,75.5368116301024,-18.0492999099398,13.5101022836251,81.7855235037098,73.5710470074195,1.28405700441899,-0.90246499549699,0.675505114181256
"NGC",-19.9996162098096,75.5369882778466,-18.0446782565349,13.5257662126311,81.7757443650237,73.5514887300474,1.28371564808283,-0.902233912826746,0.676288310631555
"NGC",-19.99961249263,75.5371660023644,-18.040051195189,13.5414287703532,81.7659652263376,73.5319304526753,1.28337429174667,-0.902002559759452,0.677071438517659
"NGC",-19.9996087438002,75.5373448089854,-18.0354187259233,13.5570899561973,81.7561860876516,73.5123721753032,1.28303293541051,-0.901770936296165,0.677854497809866
"NGC",-19.9996049630874,75.5375247030595,-18.0307808487563,13.5727497695756,81.7464069489655,73.4928138979311,1.28269157907434,-0.901539042437817,0.678637488478778
"NGC",-19.9996011502571,75.5377056899574,-18.0261375637042,13.5884082099061,81.7366278102795,73.473255620559,1.28235022273818,-0.90130687818521,0.679420410495306
"NGC",-19.9995973050734,75.5378877750703,-18.0214888707804,13.6040652766133,81.7268486715934,73.4536973431868,1.28200886640202,-0.90107444353902,0.680203263830665
"NGC",-19.9995934272991,75.5380709638098,-18.0168347699958,13.6197209691277,81.7170695329073,73.4341390658147,1.28166751006586,-0.90084173849979,0.680986048456383
"NGC",-19.9995895166952,75.5382552616087,-18.0121752613587,13.6353752868859,81.7072903942213,73.4145807884426,1.2813261537297,-0.900608763067934,0.681768764344294
"NGC",-19.9995855730216,75.5384406739202,-18.0075103448747,13.6510282293309,81.6975112555352,73.3950225110705,1.28098479739354,-0.900375517243733,0.682551411466545
"NGC",-19.9995815960364,75.5386272062184,-18.0028400205467,13.6666797959119,81.6877321168492,73.3754642336984,1.28064344105737,-0.900142001027337,0.683333989795594
"NGC",-19.9995775854964,75.5388148639984,-17.9981642883752,13.6823299860843,81.6779529781631,73.3559059563262,1.28030208472121,-0.899908214418762,0.684116499304213
"NGC",-19.9995735411567,75.5390036527761,-17.9934831483578,13.6979787993098,81.668173839477,73.3363476789541,1.27996072838505,-0.899674157417892,0.68489893996549
"NGC",-19.9995694627711,75.5391935780886,-17.9887966004895,13.7136262350565,81.658394700791,73.316789401582,1.27961937204889,-0.899439830024474,0.685681311752824
"NGC",-19.9995653500918,75.5393846454938,-17.9841046447624,13.7292722927987,81.6486155621049,73.2972311242099,1.27927801571273,-0.89920523223812,0.686463614639934
"NGC",-19.9995612028695,75.5395768605711,-17.9794072811661,13.7449169720171,81.6388364234189,73.2776728468377,1.27893665937657,-0.898970364058306,0.687245848600855
"NGC",-19.9995570208532,75.5397702289207,-17.9747045096874,13.7605602721989,81.6290572847328,73.2581145694656,1.2785953030404,-0.898735225484371,0.688028013609943
"NGC",-19.9995528037905,75.5399647561642,-17.9699963303103,13.7762021928374,81.6192781460468,73.2385562920935,1.27825394670424,-0.898499816515514,0.688810109641871
"NGC",-19.9995485514275,75.5401604479446,-17.965282743016,13.7918427334327,81.6094990073607,73.2189980147214,1.27791259036808,-0.898264137150799,0.689592136671635
"NGC",-19.9995442635087,75.5403573099261,-17.9605637477829,13.807481893491,81.5997198686746,73.1994397373493,1.27757123403192,-0.898028187389146,0.690374094674552
"NGC",-19.9995399397769,75.5405553477944,-17.9558393445867,13.8231196725253,81.5899407299886,73.1798814599772,1.27722987769576,-0.897791967229337,0.691155983626263
"NGC",-19.9995355799735,75.5407545672567,-17.9511095334002,13.8387560700547,81.5801615913025,73.160323182605,1.27688852135959,-0.897555476670011,0.691937803502733
"NGC",-19.9995311838382,75.5409549740417,-17.9463743141933,13.8543910856051,81.5703824526165,73.1407649052329,1.27654716502343,-0.897318715709666,0.692719554280254
"NGC",-19.9995267511092,75.5411565738998,-17.9416336869331,13.8700247187089,81.5606033139304,73.1212066278608,1.27620580868727,-0.897081684346657,0.693501235935443
"NGC",-19.9995222815231,75.5413593726028,-17.9368876515839,13.8856569689049,81.5508241752443,73.1016483504887,1.27586445235111,-0.896844382579193,0.694282848445246
"NGC",-19.9995177748147,75.5415633759445,-17.9321362081068,13.9012878357387,81.5410450365583,73.0820900731165,1.27552309601495,-0.896606810405341,0.695064391786935
"NGC",-19.9995132307174,75.5417685897404,-17.9273793564604,13.9169173187624,81.5312658978722,73.0625317957444,1.27518173967879,-0.896368967823018,0.695845865938118
"NGC",-19.999508648963,75.5419750198278,-17.9226170966,13.9325454175346,81.5214867591862,73.0429735183723,1.27484038334262,-0.89613085483,0.69662727087673
"NGC",-19.9995040292815,75.5421826720659,-17.9178494284782,13.9481721316208,81.5117076205001,73.0234152410002,1.27449902700646,-0.895892471423911,0.697408606581038
"NGC",-19.9994993714014,75.5423915523358,-17.9130763520446,13.9637974605929,81.501928481814,73.0038569636281,1.2741576706703,-0.895653817602228,0.698189873029646
"NGC",-19.9994946750494,75.5426016665409,-17.9082978672456,13.9794214040298,81.492149343128,72.984298686256,1.27381631433414,-0.89541489336228,0.69897107020149
"NGC",-19.9994899399507,75.5428130206063,-17.9035139740249,13.9950439615169,81.4823702044419,72.9647404088838,1.27347495799798,-0.895175698701244,0.699752198075844
"NGC",-19.9994851658287,75.5430256204795,-17.8987246723229,14.0106651326463,81.4725910657559,72.9451821315117,1.27313360166181,-0.894936233616147,0.700533256632317
"NGC",-19.9994803524053,75.5432394721301,-17.8939299620773,14.0262849170172,81.4628119270698,72.9256238541396,1.27279224532565,-0.894696498103865,0.701314245850859
"NGC",-19.9994754994006,75.5434545815501,-17.8891298432224,14.0419033142351,81.4530327883837,72.9060655767675,1.27245088898949,-0.894456492161118,0.702095165711757
"NGC",-19.999470606533,75.5436709547536,-17.8843243156895,14.0575203239128,81.4432536496977,72.8865072993954,1.27210953265333,-0.894216215784477,0.702876016195639
"NGC",-19.9994656735193,75.5438885977773,-17.8795133794071,14.0731359456695,81.4334745110116,72.8669490220232,1.27176817631717,-0.893975668970355,0.703656797283477
"NGC",-19.9994607000744,75.5441075166803,-17.8746970343002,14.0887501791317,81.4236953723256,72.8473907446511,1.27142681998101,-0.89373485171501,0.704437508956584
"NGC",-19.9994556859116,75.5443277175442,-17.8698752802909,14.1043630239324,81.4139162336395,72.827832467279,1.27108546364484,-0.893493764014544,0.705218151196619
"NGC",-19.9994506307427,75.544549206473,-17.865048117298,14.1199744797117,81.4041370949534,72.8082741899069,1.27074410730868,-0.893252405864902,0.705998723985584
"NGC",-19.9994455342773,75.5447719895936,-17.8602155452374,14.1355845461166,81.3943579562674,72.7887159125348,1.27040275097252,-0.893010777261872,0.706779227305828
"NGC",-19.9994403962237,75.5449960730556,-17.8553775640216,14.151193222801,81.3845788175813,72.7691576351626,1.27006139463636,-0.892768878201079,0.707559661140052
"NGC",-19.9994352162882,75.545221463031,-17.8505341735598,14.166800509426,81.3747996788953,72.7495993577905,1.2697200383002,-0.892526708677992,0.7083400254713
"NGC",-19.9994299941754,75.5454481657151,-17.8456853737584,14.1824064056594,81.3650205402092,72.7300410804184,1.26937868196403,-0.892284268687918,0.70912032028297
"NGC",-19.9994247295881,75.5456761873257,-17.84083116452,14.1980109111762,81.3552414015231,72.7104828030463,1.26903732562787,-0.892041558226,0.709900545558811
"NGC",-19.9994194222274,75.5459055341038,-17.8359715457444,14.2136140256585,81.3454622628371,72.6909245256742,1.26869596929171,-0.891798577287221,0.710680701282923
"NGC",-19.9994140717926,75.5461362123133,-17.831106517328,14.2292157487952,81.335683124151,72.671366248302,1.26835461295555,-0.891555325866398,0.711460787439762
"NGC",-19.9994086779812,75.5463682282412,-17.8262360791637,14.2448160802828,81.325903985465,72.6518079709299,1.26801325661939,-0.891311803958186,0.712240804014138
"NGC",-19.9994032404889,75.5466015881976,-17.8213602311414,14.2604150198243,81.3161248467789,72.6322496935578,1.26767190028323,-0.891068011557071,0.713020750991217
"NGC",-19.9993977590095,75.5468362985158,-17.8164789731475,14.2760125671304,81.3063457080928,72.6126914161857,1.26733054394706,-0.890823948657375,0.713800628356522
"NGC",-19.999392233235,75.5470723655525,-17.811592305065,14.2916087219187,81.2965665694068,72.5931331388136,1.2669891876109,-0.890579615253252,0.714580436095937
"NGC",-19.9993866628558,75.5473097956875,-17.8067002267737,14.3072034839141,81.2867874307207,72.5735748614414,1.26664783127474,-0.890335011338687,0.715360174195703
"NGC",-19.9993810475602,75.547548595324,-17.8018027381499,14.3227968528485,81.2770082920347,72.5540165840693,1.26630647493858,-0.890090136907495,0.716139842642425
"NGC",-19.9993753870348,75.547788770889,-17.7968998390665,14.3383888284614,81.2672291533486,72.5344583066972,1.26596511860242,-0.889844991953323,0.716919441423069
"NGC",-19.9993696809642,75.5480303288326,-17.7919915293929,14.3539794104993,81.2574500146625,72.5149000293251,1.26562376226626,-0.889599576469643,0.717698970524964
"NGC",-19.9993639290312,75.5482732756287,-17.7870778089952,14.3695685987161,81.2476708759765,72.495341751953,1.26528240593009,-0.889353890449758,0.718478429935804
"NGC",-19.9993581309169,75.5485176177747,-17.7821586777359,14.385156392873,81.2378917372904,72.4757834745808,1.26494104959393,-0.889107933886797,0.719257819643651
"NGC",-19.9993522863002,75.548763361792,-17.7772341354743,14.4007427927387,81.2281125986044,72.4562251972087,1.26459969325777,-0.888861706773713,0.720037139636933
"NGC",-19.9993463948584,75.5490105142253,-17.7723041820657,14.4163277980889,81.2183334599183,72.4366669198366,1.26425833692161,-0.888615209103286,0.720816389904446
"NGC",-19.9993404562667,75.5492590816436,-17.7673688173624,14.4319114087071,81.2085543212322,72.4171086424645,1.26391698058545,-0.888368440868119,0.721595570435357
"NGC",-19.9993344701985,75.5495090706395,-17.7624280412127,14.4474936243841,81.1987751825462,72.3975503650924,1.26357562424928,-0.888121402060636,0.722374681219203
"NGC",-19.9993284363252,75.5497604878297,-17.7574818534617,14.4630744449179,81.1889960438601,72.3779920877202,1.26323426791312,-0.887874092673086,0.723153722245895
"NGC",-19.9993223543163,75.5500133398549,-17.7525302539508,14.4786538701143,81.1792169051741,72.3584338103481,1.26289291157696,-0.887626512697538,0.723932693505716
"NGC",-19.9993162238394,75.5502676333799,-17.7475732425176,14.4942318997865,81.169437766488,72.338875532976,1.2625515552408,-0.887378662125878,0.724711594989324
"NGC",-19.9993100445602,75.5505233750935,-17.7426108189963,14.5098085337551,81.159658627802,72.3193172556039,1.26221019890464,-0.887130540949814,0.725490426687754
"NGC",-19.9993038161422,75.5507805717091,-17.7376429832174,14.5253837718484,81.1498794891159,72.2997589782318,1.26186884256848,-0.886882149160872,0.726269188592418
"NGC",-19.9992975382472,75.551039229964,-17.7326697350078,14.5409576139021,81.1401003504298,72.2802007008597,1.26152748623231,-0.886633486750392,0.727047880695107
"NGC",-19.999291210535,75.5512993566201,-17.7276910741907,14.5565300597598,81.1303212117438,72.2606424234875,1.26118612989615,-0.886384553709533,0.727826502987992
"NGC",-19.9992848326632,75.5515609584635,-17.7227070005853,14.5721011092725,81.1205420730577,72.2410841461154,1.26084477355999,-0.886135350029266,0.728605055463624
"NGC",-19.9992784042875,75.551824042305,-17.7177175140076,14.5876707622988,81.1107629343716,72.2215258687433,1.26050341722383,-0.885885875700378,0.729383538114938
"NGC",-19.9992719250618,75.55208861498,-17.7127226142694,14.603239018705,81.1009837956856,72.2019675913712,1.26016206088767,-0.885636130713468,0.730161950935251
"NGC",-19.9992653946377,75.5523546833481,-17.7077223011789,14.6188058783654,81.0912046569995,72.182409313999,1.2598207045515,-0.885386115058947,0.730940293918268
"NGC",-19.999258812665,75.552622254294,-17.7027165745407,14.6343713411616,81.0814255183135,72.1628510366269,1.25947934821534,-0.885135828727035,0.731718567058078
"NGC",-19.9992521787912,75.552891334727,-17.6977054341553,14.6499354069832,81.0716463796274,72.1432927592548,1.25913799187918,-0.884885271707765,0.732496770349158
"NGC",-19.9992454926621,75.5531619315813,-17.6926888798195,14.6654980757275,81.0618672409414,72.1237344818827,1.25879663554302,-0.884634443990976,0.733274903786374
"NGC",-19.9992387539211,75.5534340518158,-17.6876669113263,14.6810593472996,81.0520881022553,72.1041762045106,1.25845527920686,-0.884383345566315,0.734052967364982
"NGC",-19.9992319622097,75.5537077024145,-17.6826395284647,14.6966192216126,81.0423089635692,72.0846179271385,1.2581139228707,-0.884131976423237,0.734830961080631
"NGC",-19.9992251171674,75.5539828903863,-17.67760673102,14.7121776985872,81.0325298248832,72.0650596497663,1.25777256653453,-0.883880336551001,0.735608884929362
"NGC",-19.9992182184316,75.5542596227654,-17.6725685187734,14.7277347781522,81.0227506861971,72.0455013723942,1.25743121019837,-0.88362842593867,0.736386738907609
"NGC",-19.9992112656373,75.5545379066108,-17.6675248915023,14.743290460244,81.012971547511,72.0259430950221,1.25708985386221,-0.883376244575114,0.737164523012203
"NGC",-19.9992042584179,75.554817749007,-17.66247584898,14.7588447448074,81.003192408825,72.00638481765,1.25674849752605,-0.883123792449001,0.73794223724037
"NGC",-19.9991971964043,75.5550991570636,-17.657421390976,14.7743976317947,80.9934132701389,71.9868265402779,1.25640714118989,-0.882871069548803,0.738719881589736
"NGC",-19.9991900792254,75.5553821379158,-17.6523615172558,14.7899491211665,80.9836341314529,71.9672682629057,1.25606578485373,-0.88261807586279,0.739497456058327
"NGC",-19.9991829065079,75.5556666987239,-17.6472962275807,14.8054992128913,80.9738549927668,71.9477099855336,1.25572442851756,-0.882364811379034,0.740274960644566
"NGC",-19.9991756778766,75.5559528466738,-17.6422255217081,14.8210479069456,80.9640758540807,71.9281517081615,1.2553830721814,-0.882111276085404,0.741052395347282
"NGC",-19.9991683929538,75.5562405889772,-17.6371493993913,14.8365952033141,80.9542967153947,71.9085934307894,1.25504171584524,-0.881857469969565,0.741829760165705
"NGC",-19.9991610513598,75.556529932871,-17.6320678603796,14.8521411019894,80.9445175767086,71.8890351534173,1.25470035950908,-0.881603393018978,0.74260705509947
"NGC",-19.9991536527129,75.556820885618,-17.626980904418,14.8676856029724,80.9347384380226,71.8694768760451,1.25435900317292,-0.8813490452209,0.74338428014862
"NGC",-19.9991461966288,75.5571134545068,-17.6218885312476,14.8832287062721,80.9249592993365,71.849918598673,1.25401764683675,-0.881094426562382,0.744161435313603
"NGC",-19.9991386827214,75.5574076468517,-17.6167907406053,14.8987704119055,80.9151801606504,71.8303603213009,1.25367629050059,-0.880839537030266,0.744938520595277
"NGC",-19.9991311106022,75.557703469993,-17.6116875322237,14.9143107198982,80.9054010219644,71.8108020439288,1.25333493416443,-0.880584376611187,0.745715535994908
"NGC",-19.9991234798804,75.5580009312968,-17.6065789058314,14.9298496302835,80.8956218832783,71.7912437665567,1.25299357782827,-0.88032894529157,0.746492481514177
"NGC",-19.9991157901633,75.5583000381555,-17.6014648611526,14.9453871431035,80.8858427445923,71.7716854891845,1.25265222149211,-0.88007324305763,0.747269357155174
"NGC",-19.9991080410556,75.5586007979873,-17.5963453979074,14.9609232584081,80.8760636059062,71.7521272118124,1.25231086515595,-0.879817269895368,0.748046162920406
"NGC",-19.9991002321599,75.5589032182367,-17.5912205158115,14.9764579762559,80.8662844672201,71.7325689344403,1.25196950881978,-0.879561025790574,0.748822898812795
"NGC",-19.9990923630766,75.5592073063745,-17.5860902145765,14.9919912967135,80.8565053285341,71.7130106570682,1.25162815248362,-0.879304510728826,0.749599564835676
"NGC",-19.9990844334037,75.5595130698977,-17.5809544939096,15.0075232198562,80.846726189848,71.693452379696,1.25128679614746,-0.879047724695482,0.750376160992809
"NGC",-19.9990764427371,75.5598205163296,-17.5758133535137,15.0230537457673,80.836947051162,71.6738941023239,1.2509454398113,-0.878790667675687,0.751152687288367
"NGC",-19.9990683906702,75.5601296532202,-17.5706667930874,15.038582874539,80.8271679124759,71.6543358249518,1.25060408347514,-0.878533339654369,0.751929143726948
"NGC",-19.9990602767943,75.5604404881457,-17.5655148123247,15.0541106062714,80.8173887737898,71.6347775475797,1.25026272713897,-0.878275740616237,0.75270553031357
"NGC",-19.9990521006981,75.5607530287092,-17.5603574109156,15.0696369410735,80.8076096351038,71.6152192702076,1.24992137080281,-0.878017870545779,0.753481847053677
"NGC",-19.9990438619684,75.5610672825401,-17.5551945885453,15.0851618790627,80.7978304964177,71.5956609928355,1.24958001446665,-0.877759729427263,0.754258093953135
"NGC",-19.9990355601892,75.5613832572947,-17.5500263448947,15.1006854203648,80.7880513577317,71.5761027154633,1.24923865813049,-0.877501317244736,0.755034271018239
"NGC",-19.9990271949424,75.5617009606563,-17.5448526796404,15.1162075651142,80.7782722190456,71.5565444380912,1.24889730179433,-0.877242633982022,0.75581037825571
"NGC",-19.9990187658077,75.5620204003346,-17.5396735924544,15.131728313454,80.7684930803595,71.5369861607191,1.24855594545817,-0.876983679622718,0.7565864156727
"NGC",-19.9990102723621,75.5623415840666,-17.534489083004,15.1472476655358,80.7587139416735,71.517427883347,1.248214589122,-0.876724454150199,0.757362383276789
"NGC",-19.9990017141804,75.5626645196161,-17.5292991509522,15.1627656215198,80.7489348029874,71.4978696059749,1.24787323278584,-0.876464957547612,0.758138281075991
"NGC",-19.9989930908349,75.5629892147741,-17.5241037959575,15.1782821815751,80.7391556643014,71.4783113286027,1.24753187644968,-0.876205189797876,0.758914109078753
"NGC",-19.9989844018958,75.5633156773587,-17.5189030176736,15.1937973458791,80.7293765256153,71.4587530512306,1.24719052011352,-0.875945150883682,0.759689867293957
"NGC",-19.9989756469304,75.5636439152151,-17.5136968157498,15.2093111146184,80.7195973869293,71.4391947738585,1.24684916377736,-0.87568484078749,0.760465555730919
"NGC",-19.9989668255041,75.563973936216,-17.5084851898306,15.2248234879879,80.7098182482432,71.4196364964864,1.2465078074412,-0.87542425949153,0.761241174399395
"NGC",-19.9989579371794,75.5643057482613,-17.503268139556,15.2403344661916,80.7000391095571,71.4000782191143,1.24616645110503,-0.875163406977799,0.76201672330958
"NGC",-19.9989489815166,75.5646393592783,-17.4980456645612,15.2558440494421,80.6902599708711,71.3805199417422,1.24582509476887,-0.874902283228059,0.762792202472106
"NGC",-19.9989399580736,75.5649747772219,-17.4928177644768,15.271352237961,80.680480832185,71.36096166437,1.24548373843271,-0.874640888223839,0.763567611898052
"NGC",-19.9989308664056,75.5653120100745,-17.4875844389286,15.2868590319787,80.670701693499,71.3414033869979,1.24514238209655,-0.874379221946432,0.764342951598936
"NGC",-19.9989217060656,75.5656510658461,-17.4823456875379,15.3023644317344,80.6609225548129,71.3218451096258,1.24480102576039,-0.874117284376893,0.765118221586722
"NGC",-19.9989124766038,75.5659919525746,-17.4771015099208,15.3178684374764,80.6511434161268,71.3022868322537,1.24445966942422,-0.873855075496038,0.76589342187382
"NGC",-19.9989031775681,75.5663346783255,-17.4718519056889,15.3333710494618,80.6413642774408,71.2827285548815,1.24411831308806,-0.873592595284445,0.766668552473088
"NGC",-19.998893808504,75.5666792511921,-17.466596874449,15.3488722679566,80.6315851387547,71.2631702775094,1.2437769567519,-0.873329843722451,0.767443613397832
"NGC",-19.998884368954,75.567025679296,-17.461336415803,15.3643720932362,80.6218060000687,71.2436120001373,1.24343560041574,-0.873066820790149,0.768218604661809
"NGC",-19.9988748584587,75.5673739707862,-17.4560705293478,15.3798705255845,80.6120268613826,71.2240537227652,1.24309424407958,-0.872803526467391,0.768993526279227
"NGC",-19.9988652765556,75.5677241338404,-17.4507992146757,15.395367565295,80.6022477226965,71.2044954453931,1.24275288774342,-0.872539960733784,0.769768378264748
"NGC",-19.9988556227799,75.5680761766639,-17.4455224713738,15.4108632126698,80.5924685840105,71.184937168021,1.24241153140725,-0.872276123568688,0.770543160633489
"NGC",-19.9988458966642,75.5684301074907,-17.4402402990243,15.4263574680204,80.5826894453244,71.1653788906488,1.24207017507109,-0.872012014951217,0.771317873401021
"NGC",-19.9988360977385,75.5687859345827,-17.4349526972048,15.4418503316675,80.5729103066384,71.1458206132767,1.24172881873493,-0.871747634860238,0.772092516583375
"NGC",-19.9988262255302,75.5691436662304,-17.4296596654873,15.4573418039408,80.5631311679523,71.1262623359046,1.24138746239877,-0.871482983274366,0.772867090197039
"NGC",-19.9988162795641,75.5695033107526,-17.4243612034394,15.4728318851793,80.5533520292662,71.1067040585325,1.24104610606261,-0.871218060171968,0.773641594258964
"NGC",-19.9988062593624,75.5698648764966,-17.4190573106231,15.4883205757312,80.5435728905802,71.0871457811603,1.24070474972644,-0.870952865531156,0.77441602878656
"NGC",-19.9987961644445,75.5702283718386,-17.4137479865958,15.503807875954,80.5337937518941,71.0675875037882,1.24036339339028,-0.870687399329792,0.775190393797702
"NGC",-19.9987859943274,75.570593805183,-17.4084332309096,15.5192937862146,80.524014613208,71.0480292264161,1.24002203705412,-0.870421661545481,0.775964689310729
"NGC",-19.9987757485253,75.5709611849631,-17.4031130431115,15.5347783068889,80.514235474522,71.028470949044,1.23968068071796,-0.870155652155575,0.776738915344447
"NGC",-19.9987654265497,75.5713305196412,-17.3977874227433,15.5502614383626,80.5044563358359,71.0089126716719,1.2393393243818,-0.869889371137165,0.77751307191813
"NGC",-19.9987550279096,75.5717018177082,-17.3924563693418,15.5657431810304,80.4946771971499,70.9893543942998,1.23899796804564,-0.869622818467088,0.778287159051521
"NGC",-19.998744552111,75.5720750876841,-17.3871198824384,15.5812235352967,80.4848980584638,70.9697961169276,1.23865661170947,-0.869355994121918,0.779061176764833
"NGC",-19.9987339986575,75.5724503381179,-17.3817779615594,15.596702501575,80.4751189197777,70.9502378395555,1.23831525537331,-0.869088898077971,0.779835125078751
"NGC",-19.9987233670499,75.5728275775877,-17.376430606226,15.6121800802887,80.4653397810917,70.9306795621834,1.23797389903715,-0.868821530311299,0.780609004014435
"NGC",-19.998712656786,75.5732068147007,-17.3710778159538,15.6276562718704,80.4555606424056,70.9111212848113,1.23763254270099,-0.868553890797692,0.781382813593521
"NGC",-19.9987018673613,75.5735880580936,-17.3657195902535,15.6431310767624,80.4457815037196,70.8915630074392,1.23729118636483,-0.868285979512673,0.782156553838118
"NGC",-19.9986909982681,75.5739713164321,-17.36035592863,15.6586044954164,80.4360023650335,70.872004730067,1.23694983002866,-0.868017796431501,0.782930224770818
"NGC",-19.9986800489964,75.5743565984114,-17.3549868305834,15.6740765282937,80.4262232263474,70.8524464526949,1.2366084736925,-0.867749341529168,0.783703826414687
"NGC",-19.9986690190329,75.5747439127564,-17.3496122956079,15.6895471758655,80.4164440876614,70.8328881753228,1.23626711735634,-0.867480614780395,0.784477358793277
"NGC",-19.998657907862,75.5751332682212,-17.3442323231927,15.7050164386124,80.4066649489753,70.8133298979507,1.23592576102018,-0.867211616159636,0.785250821930621
"NGC",-19.9986467149649,75.5755246735898,-17.3388469128214,15.7204843170247,80.3968858102893,70.7937716205786,1.23558440468402,-0.866942345641071,0.786024215851236
"NGC",-19.9986354398202,75.5759181376757,-17.3334560639722,15.7359508116025,80.3871066716032,70.7742133432064,1.23524304834786,-0.86667280319861,0.786797540580125
"NGC",-19.9986240819035,75.5763136693223,-17.3280597761177,15.7514159228555,80.3773275329171,70.7546550658343,1.23490169201169,-0.866402988805886,0.787570796142777
"NGC",-19.9986126406879,75.576711277403,-17.3226580487252,15.7668796513034,80.3675483942311,70.7350967884622,1.23456033567553,-0.866132902436261,0.788343982565172
"NGC",-19.9986011156431,75.5771109708207,-17.3172508812563,15.7823419974756,80.357769255545,70.7155385110901,1.23421897933937,-0.865862544062815,0.789117099873778
"NGC",-19.9985895062365,75.5775127585087,-17.3118382731671,15.7978029619111,80.347990116859,70.695980233718,1.23387762300321,-0.865591913658356,0.789890148095556
"NGC",-19.9985778119321,75.5779166494302,-17.3064202239081,15.8132625451592,80.3382109781729,70.6764219563458,1.23353626666705,-0.865321011195407,0.79066312725796
"NGC",-19.9985660321915,75.5783226525787,-17.3009967329243,15.8287207477788,80.3284318394869,70.6568636789737,1.23319491033089,-0.865049836646215,0.791436037388939
"NGC",-19.9985541664729,75.5787307769776,-17.2955677996548,15.8441775703387,80.3186527008008,70.6373054016016,1.23285355399472,-0.864778389982742,0.792208878516937
"NGC",-19.9985422142319,75.5791410316811,-17.2901334235334,15.859633013418,80.3088735621147,70.6177471242295,1.23251219765856,-0.864506671176669,0.792981650670899
"NGC",-19.9985301749211,75.5795534257734,-17.2846936039878,15.8750870776053,80.2990944234287,70.5981888468574,1.2321708413224,-0.864234680199389,0.793754353880267
"NGC",-19.9985180479901,75.5799679683693,-17.2792483404402,15.8905397634997,80.2893152847426,70.5786305694852,1.23182948498624,-0.863962417022012,0.794526988174984
"NGC",-19.9985058328855,75.5803846686141,-17.2737976323072,15.9059910717099,80.2795361460566,70.5590722921131,1.23148812865008,-0.86368988161536,0.795299553585496
"NGC",-19.9984935290511,75.5808035356839,-17.2683414789993,15.9214410028551,80.2697570073705,70.539514014741,1.23114677231391,-0.863417073949965,0.796072050142753
"NGC",-19.9984811359275,75.5812245787853,-17.2628798799214,15.9368895575642,80.2599778686844,70.5199557373689,1.23080541597775,-0.863143993996069,0.796844477878211
"NGC",-19.9984686529524,75.5816478071556,-17.2574128344725,15.9523367364767,80.2501987299984,70.5003974599968,1.23046405964159,-0.862870641723622,0.797616836823833
"NGC",-19.9984560795604,75.5820732300632,-17.2519403420457,15.9677825402418,80.2404195913123,70.4808391826246,1.23012270330543,-0.862597017102284,0.798389127012091
"NGC",-19.9984434151832,75.5825008568073,-17.2464624020283,15.9832269695193,80.2306404526263,70.4612809052525,1.22978134696927,-0.862323120101416,0.799161348475967
"NGC",-19.9984306592495,75.5829306967181,-17.2409790138017,15.9986700249791,80.2208613139402,70.4417226278804,1.22943999063311,-0.862048950690087,0.799933501248953
"NGC",-19.9984178111846,75.583362759157,-17.2354901767413,16.0141117073012,80.2110821752541,70.4221643505083,1.22909863429694,-0.861774508837067,0.800705585365059
"NGC",-19.9984048704112,75.5837970535162,-17.2299958902165,16.0295520171761,80.2013030365681,70.4026060731362,1.22875727796078,-0.861499794510826,0.801477600858806
"NGC",-19.9983918363484,75.5842335892197,-17.2244961535907,16.0449909553047,80.191523897882,70.383047795764,1.22841592162462,-0.861224807679537,0.802249547765234
"NGC",-19.9983787084128,75.5846723757225,-17.2189909662214,16.060428522398,80.181744759196,70.3634895183919,1.22807456528846,-0.860949548311069,0.803021426119898
"NGC",-19.9983654860173,75.5851134225109,-17.2134803274598,16.0758647191775,80.1719656205099,70.3439312410198,1.2277332089523,-0.860674016372991,0.803793235958876
"NGC",-19.998352168572,75.5855567391029,-17.2079642366513,16.0912995463754,80.1621864818239,70.3243729636477,1.22739185261613,-0.860398211832563,0.804564977318768
"NGC",-19.9983387554839,75.5860023350479,-17.2024426931349,16.1067330047339,80.1524073431378,70.3048146862756,1.22705049627997,-0.860122134656743,0.805336650236693
"NGC",-19.9983252461566,75.5864502199271,-17.1969156962436,16.122165095006,80.1426282044517,70.2852564089035,1.22670913994381,-0.85984578481218,0.806108254750298
"NGC",-19.9983116399907,75.5869004033534,-17.1913832453043,16.1375958179551,80.1328490657657,70.2656981315313,1.22636778360765,-0.859569162265217,0.806879790897754
"NGC",-19.9982979363836,75.5873528949712,-17.1858453396377,16.1530251743552,80.1230699270796,70.2461398541592,1.22602642727149,-0.859292266981884,0.807651258717762
"NGC",-19.9982841347296,75.5878077044572,-17.180301978558,16.168453164991,80.1132907883935,70.2265815767871,1.22568507093533,-0.859015098927898,0.80842265824955
"NGC",-19.9982702344195,75.5882648415197,-17.1747531613733,16.1838797906576,80.1035116497075,70.207023299415,1.22534371459916,-0.858737658068667,0.809193989532878
"NGC",-19.9982562348411,75.5887243158994,-17.1691988873857,16.1993050521608,80.0937325110214,70.1874650220428,1.225002358263,-0.858459944369283,0.809965252608039
"NGC",-19.998242135379,75.5891861373687,-17.1636391558904,16.2147289503172,80.0839533723354,70.1679067446707,1.22466100192684,-0.858181957794521,0.81073644751586
"NGC",-19.9982279354143,75.5896503157326,-17.1580739661768,16.2301514859541,80.0741742336493,70.1483484672986,1.22431964559068,-0.857903698308839,0.811507574297703
"NGC",-19.9982136343252,75.590116860828,-17.1525033175275,16.2455726599094,80.0643950949632,70.1287901899265,1.22397828925452,-0.857625165876375,0.812278632995468
"NGC",-19.9981992314862,75.5905857825245,-17.146927209219,16.2609924730319,80.0546159562772,70.1092319125544,1.22363693291835,-0.85734636046095,0.813049623651595
"NGC",-19.9981847262688,75.591057090724,-17.1413456405212,16.2764109261813,80.0448368175911,70.0896736351823,1.22329557658219,-0.857067282026059,0.813820546309063
"NGC",-19.9981701180411,75.5915307953607,-17.1357586106975,16.2918280202279,80.0350576789051,70.0701153578101,1.22295422024603,-0.856787930534875,0.814591401011394
"NGC",-19.9981554061679,75.5920069064018,-17.130166119005,16.3072437560531,80.025278540219,70.050557080438,1.22261286390987,-0.856508305950248,0.815362187802654
"NGC",-19.9981405900105,75.592485433847,-17.124568164694,16.3226581345491,80.015499401533,70.0309988030659,1.22227150757371,-0.856228408234698,0.816132906727455
"NGC",-19.9981256689271,75.5929663877286,-17.1189647470084,16.3380711566191,80.0057202628469,70.0114405256938,1.22193015123755,-0.85594823735042,0.816903557830956
"NGC",-19.9981106422723,75.593449778112,-17.1133558651855,16.3534828231773,79.9959411241608,69.9918822483216,1.22158879490138,-0.855667793259277,0.817674141158864
"NGC",-19.9980955093975,75.5939356150954,-17.1077415184561,16.3688931351488,79.9861619854748,69.9723239709495,1.22124743856522,-0.855387075922804,0.818444656757438
"NGC",-19.9980802696505,75.5944239088101,-17.102121706044,16.3843020934697,79.9763828467887,69.9527656935774,1.22090608222906,-0.855106085302201,0.819215104673487
"NGC",-19.9980649223759,75.5949146694203,-17.0964964271667,16.3997096990876,79.9666037081027,69.9332074162053,1.2205647258929,-0.854824821358334,0.819985484954378
"NGC",-19.9980494669148,75.5954079071236,-17.0908656810347,16.4151159529606,79.9568245694166,69.9136491388332,1.22022336955674,-0.854543284051735,0.820755797648029
"NGC",-19.9980339026047,75.5959036321507,-17.0852294668519,16.4305208560583,79.9470454307305,69.894090861461,1.21988201322058,-0.854261473342597,0.821526042802917
"NGC",-19.9980182287798,75.5964018547657,-17.0795877838155,16.4459244093616,79.9372662920445,69.8745325840889,1.21954065688441,-0.853979389190776,0.822296220468078
"NGC",-19.9980024447709,75.5969025852662,-17.0739406311157,16.4613266138622,79.9274871533584,69.8549743067168,1.21919930054825,-0.853697031555786,0.823066330693108
"NGC",-19.997986549905,75.597405833983,-17.068288007936,16.4767274705633,79.9177080146723,69.8354160293447,1.21885794421209,-0.853414400396801,0.823836373528167
"NGC",-19.9979705435059,75.5979116112809,-17.062629913453,16.4921269804795,79.9079288759863,69.8158577519726,1.21851658787593,-0.85313149567265,0.824606349023975
"NGC",-19.9979544248938,75.5984199275581,-17.0569663468363,16.5075251446364,79.8981497373002,69.7962994746005,1.21817523153977,-0.852848317341817,0.825376257231822
"NGC",-19.9979381933853,75.5989307932466,-17.0512973072488,16.5229219640712,79.8883705986142,69.7767411972283,1.2178338752036,-0.85256486536244,0.826146098203562
"NGC",-19.9979218482934,75.5994442188123,-17.0456227938462,16.5383174398324,79.8785914599281,69.7571829198562,1.21749251886744,-0.852281139692311,0.826915871991619
"NGC",-19.9979053889276,75.599960214755,-17.0399428057774,16.5537115729798,79.868812321242,69.7376246424841,1.21715116253128,-0.851997140288868,0.827685578648989
"NGC",-19.997888814594,75.6004787916084,-17.034257342184,16.5691043645847,79.859033182556,69.718066365112,1.21680980619512,-0.851712867109201,0.828455218229237
"NGC",-19.9978721245948,75.6009999599405,-17.0285664022009,16.5844958157301,79.8492540438699,69.6985080877399,1.21646844985896,-0.851428320110045,0.829224790786505
"NGC",-19.9978553182287,75.6015237303531,-17.0228699849557,16.5998859275102,79.8394749051839,69.6789498103677,1.2161270935228,-0.851143499247783,0.82999429637551
"NGC",-19.9978383947908,75.6020501134828,-17.0171680895688,16.6152747010309,79.8296957664978,69.6593915329956,1.21578573718663,-0.850858404478439,0.830763735051544
"NGC",-19.9978213535726,75.6025791200001,-17.0114607151536,16.6306621374097,79.8199166278118,69.6398332556235,1.21544438085047,-0.85057303575768,0.831533106870484
"NGC",-19.9978041938618,75.6031107606099,-17.0057478608163,16.6460482377756,79.8101374891257,69.6202749782514,1.21510302451431,-0.850287393040816,0.83230241188878
"NGC",-19.9977869149425,75.6036450460521,-17.0000295256559,16.6614330032694,79.8003583504396,69.6007167008793,1.21476166817815,-0.850001476282793,0.833071650163471
"NGC",-19.9977695160952,75.6041819871006,-16.9943057087639,16.6768164350436,79.7905792117536,69.5811584235071,1.21442031184199,-0.849715285438196,0.833840821752178
"NGC",-19.9977519965965,75.6047215945644,-16.9885764092249,16.6921985342621,79.7808000730675,69.561600146135,1.21407895550582,-0.849428820461246,0.834609926713105
"NGC",-19.9977343557193,75.605263879287,-16.9828416261159,16.707579302101,79.7710209343815,69.5420418687629,1.21373759916966,-0.849142081305797,0.83537896510505
"NGC",-19.997716592733,75.6058088521469,-16.9771013585067,16.7229587397479,79.7612417956954,69.5224835913908,1.2133962428335,-0.848855067925335,0.836147936987395
"NGC",-19.997698706903,75.6063565240576,-16.9713556054596,16.7383368484023,79.7514626570093,69.5029253140187,1.21305488649734,-0.848567780272979,0.836916842420116
"NGC",-19.997680697491,75.6069069059673,-16.9656043660295,16.7537136292756,79.7416835183233,69.4833670366465,1.21271353016118,-0.848280218301475,0.83768568146378
"NGC",-19.9976625637549,75.6074600088597,-16.959847639264,16.769089083591,79.7319043796372,69.4638087592744,1.21237217382502,-0.847992381963199,0.838454454179551
"NGC",-19.9976443049487,75.6080158437535,-16.954085424203,16.7844632125838,79.7221252409512,69.4442504819023,1.21203081748885,-0.847704271210149,0.839223160629188
"NGC",-19.9976259203229,75.6085744217026,-16.948317719879,16.799836017501,79.7123461022651,69.4246922045302,1.21168946115269,-0.847415885993951,0.839991800875048
"NGC",-19.9976074091237,75.6091357537965,-16.942544525317,16.8152074996018,79.702566963579,69.4051339271581,1.21134810481653,-0.847127226265852,0.840760374980089
"NGC",-19.9975887705939,75.6096998511598,-16.9367658395344,16.8305776601574,79.692787824893,69.385575649786,1.21100674848037,-0.846838291976718,0.841528883007868
"NGC",-19.997570003972,75.6102667249531,-16.9309816615408,16.845946500451,79.6830086862069,69.3660173724138,1.21066539214421,-0.846549083077038,0.842297325022549
"NGC",-19.997551108493,75.6108363863722,-16.9251919903383,16.861314021778,79.6732295475209,69.3464590950417,1.21032403580805,-0.846259599516914,0.8430657010889
"NGC",-19.9975320833877,75.6114088466488,-16.9193968249213,16.8766802254459,79.6634504088348,69.3269008176696,1.20998267947188,-0.845969841246067,0.843834011272294
"NGC",-19.9975129278831,75.6119841170505,-16.9135961642766,16.8920451127743,79.6536712701487,69.3073425402975,1.20964132313572,-0.845679808213831,0.844602255638715
"NGC",-19.9974936412023,75.6125622088807,-16.907790007383,16.9074086850951,79.6438921314627,69.2877842629253,1.20929996679956,-0.845389500369152,0.845370434254757
"NGC",-19.9974742225644,75.6131431334785,-16.9019783532117,16.9227709437525,79.6341129927766,69.2682259855532,1.2089586104634,-0.845098917660586,0.846138547187625
"NGC",-19.9974546711845,75.6137269022196,-16.896161200726,16.9381318901028,79.6243338540906,69.2486677081811,1.20861725412724,-0.844808060036299,0.84690659450514
"NGC",-19.9974349862738,75.6143135265153,-16.8903385488813,16.9534915255148,79.6145547154045,69.229109430809,1.20827589779107,-0.844516927444064,0.847674576275738
"NGC",-19.9974151670393,75.6149030178137,-16.8845103966252,16.9688498513694,79.6047755767184,69.2095511534369,1.20793454145491,-0.844225519831258,0.848442492568472
"NGC",-19.9973952126843,75.6154953875987,-16.8786767428973,16.9842068690603,79.5949964380324,69.1899928760647,1.20759318511875,-0.843933837144863,0.849210343453016
"NGC",-19.9973751224076,75.6160906473908,-16.8728375866293,16.9995625799933,79.5852172993463,69.1704345986926,1.20725182878259,-0.843641879331464,0.849978128999663
"NGC",-19.9973548954044,75.6166888087473,-16.8669929267448,17.0149169855866,79.5754381606603,69.1508763213205,1.20691047244643,-0.843349646337242,0.850745849279331
"NGC",-19.9973345308657,75.6172898832616,-16.8611427621596,17.0302700872712,79.5656590219742,69.1313180439484,1.20656911611027,-0.843057138107981,0.851513504363562
"NGC",-19.9973140279781,75.6178938825642,-16.8552870917812,17.0456218864905,79.5558798832881,69.1117597665763,1.2062277597741,-0.842764354589058,0.852281094324525
"NGC",-19.9972933859244,75.618500818322,-16.849425914509,17.0609723847003,79.5461007446021,69.0922014892041,1.20588640343794,-0.842471295725449,0.853048619235017
"NGC",-19.9972726038834,75.619110702239,-16.8435592292344,17.0763215833693,79.536321605916,69.072643211832,1.20554504710178,-0.842177961461718,0.853816079168465
"NGC",-19.9972516810293,75.6197235460562,-16.8376870348405,17.0916694839786,79.52654246723,69.0530849344599,1.20520369076562,-0.841884351742024,0.854583474198929
"NGC",-19.9972306165325,75.6203393615514,-16.8318093302023,17.107016088022,79.5167633285439,69.0335266570878,1.20486233442946,-0.841590466510114,0.855350804401102
"NGC",-19.9972094095591,75.6209581605397,-16.8259261141865,17.1223613970063,79.5069841898578,69.0139683797157,1.20452097809329,-0.841296305709323,0.856118069850314
"NGC",-19.9971880592711,75.6215799548734,-16.8200373856514,17.1377054124506,79.4972050511718,68.9944101023436,1.20417962175713,-0.841001869282572,0.856885270622531
"NGC",-19.9971665648261,75.622204756442,-16.8141431434473,17.1530481358872,79.4874259124857,68.9748518249714,1.20383826542097,-0.840707157172367,0.857652406794359
"NGC",-19.9971449253775,75.6228325771725,-16.8082433864159,17.1683895688609,79.4776467737997,68.9552935475993,1.20349690908481,-0.840412169320793,0.858419478443045
"NGC",-19.9971231400747,75.6234634290295,-16.8023381133904,17.1837297129296,79.4678676351136,68.9357352702272,1.20315555274865,-0.840116905669519,0.859186485646482
"NGC",-19.9971012080625,75.6240973240149,-16.7964273231958,17.199068569664,79.4580884964275,68.9161769928551,1.20281419641249,-0.839821366159792,0.859953428483202
"NGC",-19.9970791284816,75.6247342741683,-16.7905110146487,17.2144061406478,79.4483093577415,68.896618715483,1.20247284007632,-0.839525550732435,0.860720307032389
"NGC",-19.9970569004684,75.6253742915675,-16.7845891865569,17.2297424274774,79.4385302190554,68.8770604381108,1.20213148374016,-0.839229459327845,0.861487121373872
"NGC",-19.9970345231549,75.6260173883275,-16.7786618377199,17.2450774317627,79.4287510803694,68.8575021607387,1.201790127404,-0.838933091885995,0.862253871588135
"NGC",-19.9970119956687,75.6266635766017,-16.7727289669285,17.2604111551262,79.4189719416833,68.8379438833666,1.20144877106784,-0.838636448346426,0.863020557756309
"NGC",-19.9969893171332,75.6273128685814,-16.766790572965,17.2757435992037,79.4091928029972,68.8183856059945,1.20110741473168,-0.838339528648251,0.863787179960183
"NGC",-19.9969664866673,75.627965276496,-16.760846654603,17.291074765644,79.3994136643112,68.7988273286224,1.20076605839551,-0.83804233273015,0.8645537382822
"NGC",-19.9969435033857,75.6286208126131,-16.7548972106074,17.3064046561092,79.3896345256251,68.7792690512502,1.20042470205935,-0.837744860530369,0.865320232805461
"NGC",-19.9969203663983,75.6292794892387,-16.7489422397343,17.3217332722746,79.379855386939,68.7597107738781,1.20008334572319,-0.837447111986715,0.866086663613729
"NGC",-19.996897074811,75.6299413187171,-16.7429817407312,17.3370606158285,79.370076248253,68.740152496506,1.19974198938703,-0.837149087036561,0.866853030791427
"NGC",-19.996873627725,75.6306063134311,-16.7370157123368,17.3523866884728,79.3602971095669,68.7205942191339,1.19940063305087,-0.836850785616838,0.86761933442364
"NGC",-19.996850024237,75.6312744858023,-16.7310441532807,17.3677114919225,79.3505179708809,68.7010359417618,1.19905927671471,-0.836552207664036,0.868385574596123
"NGC",-19.9968262634394,75.6319458482905,-16.725067062284,17.3830350279058,79.3407388321948,68.6814776643896,1.19871792037854,-0.8362533531142,0.869151751395292
"NGC",-19.9968023444199,75.6326204133948,-16.7190844380586,17.3983572981648,79.3309596935088,68.6619193870175,1.19837656404238,-0.83595422190293,0.869917864908238
"NGC",-19.9967782662618,75.6332981936528,-16.7130962793076,17.4136783044544,79.3211805548227,68.6423611096454,1.19803520770622,-0.83565481396538,0.870683915222721
"NGC",-19.9967540280438,75.6339792016413,-16.707102584725,17.4289980485434,79.3114014161366,68.6228028322733,1.19769385137006,-0.835355129236253,0.871449902427172
"NGC",-19.99672962884,75.6346634499759,-16.701103352996,17.444316532214,79.3016222774506,68.6032445549012,1.1973524950339,-0.8350551676498,0.872215826610701
"NGC",-19.99670506772,75.6353509513116,-16.6950985827964,17.4596337572618,79.2918431387645,68.583686277529,1.19701113869774,-0.834754929139821,0.87298168786309
"NGC",-19.9966803437487,75.6360417183425,-16.6890882727932,17.4749497254961,79.2820640000785,68.5641280001569,1.19666978236157,-0.834454413639659,0.873747486274804
"NGC",-19.9966554559865,75.6367357638019,-16.683072421644,17.4902644387398,79.2722848613924,68.5445697227848,1.19632842602541,-0.834153621082201,0.874513221936988
"NGC",-19.996630403489,75.6374331004629,-16.6770510279975,17.5055778988293,79.2625057227064,68.5250114454127,1.19598706968925,-0.833852551399873,0.875278894941466
"NGC",-19.9966051853074,75.6381337411377,-16.6710240904929,17.520890107615,79.2527265840203,68.5054531680406,1.19564571335309,-0.833551204524643,0.876044505380751
"NGC",-19.9965798004879,75.6388376986783,-16.6649916077603,17.5362010669608,79.2429474453342,68.4858948906684,1.19530435701693,-0.833249580388015,0.87681005334804
"NGC",-19.9965542480722,75.6395449859765,-16.6589535784205,17.5515107787444,79.2331683066482,68.4663366132963,1.19496300068076,-0.832947678921025,0.877575538937219
"NGC",-19.9965285270972,75.6402556159638,-16.6529100010849,17.5668192448573,79.2233891679621,68.4467783359242,1.1946216443446,-0.832645500054246,0.878340962242863
"NGC",-19.9965026365952,75.6409696016116,-16.6468608743556,17.5821264672048,79.213610029276,68.4272200585521,1.19428028800844,-0.832343043717781,0.879106323360242
"NGC",-19.9964765755935,75.6416869559313,-16.6408061968252,17.5974324477064,79.20383089059,68.40766178118,1.19393893167228,-0.832040309841261,0.879871622385318
"NGC",-19.9964503431148,75.6424076919743,-16.6347459670769,17.612737188295,79.1940517519039,68.3881035038079,1.19359757533612,-0.831737298353846,0.880636859414749
"NGC",-19.9964239381769,75.6431318228323,-16.6286801836844,17.6280406909179,79.1842726132179,68.3685452264357,1.19325621899996,-0.83143400918422,0.881402034545893
"NGC",-19.996397359793,75.6438593616374,-16.6226088452118,17.6433429575361,79.1744934745318,68.3489869490636,1.19291486266379,-0.831130442260589,0.882167147876806
"NGC",-19.9963706069711,75.6445903215617,-16.6165319502136,17.6586439901249,79.1647143358457,68.3294286716915,1.19257350632763,-0.830826597510682,0.882932199506247
"NGC",-19.9963436787147,75.6453247158181,-16.610449497235,17.6739437906736,79.1549351971597,68.3098703943194,1.19223214999147,-0.830522474861748,0.883697189533678
"NGC",-19.9963165740223,75.6460625576599,-16.604361484811,17.6892423611854,79.1451560584736,68.2903121169472,1.19189079365531,-0.83021807424055,0.884462118059269
"NGC",-19.9962892918873,75.6468038603812,-16.5982679114674,17.7045397036779,79.1353769197876,68.2707538395751,1.19154943731915,-0.829913395573369,0.885226985183895
"NGC",-19.9962618312984,75.6475486373167,-16.5921687757199,17.7198358201829,79.1255977811015,68.251195562203,1.19120808098298,-0.829608438785997,0.885991791009144
"NGC",-19.9962341912393,75.6482969018421,-16.5860640760748,17.7351307127463,79.1158186424154,68.2316372848309,1.19086672464682,-0.829303203803738,0.886756535637313
"NGC",-19.9962063706889,75.6490486673739,-16.5799538110281,17.7504243834283,79.1060395037294,68.2120790074588,1.19052536831066,-0.828997690551405,0.887521219171414
"NGC",-19.9961783686209,75.6498039473698,-16.5738379790664,17.7657168343035,79.0962603650433,68.1925207300867,1.1901840119745,-0.828691898953318,0.888285841715174
"NGC",-19.9961501840039,75.6505627553286,-16.567716578666,17.7810080674608,79.0864812263573,68.1729624527145,1.18984265563834,-0.828385828933301,0.889050403373041
"NGC",-19.9961218158019,75.6513251047902,-16.5615896082936,17.7962980850036,79.0767020876712,68.1534041753424,1.18950129930218,-0.828079480414682,0.889814904250179
"NGC",-19.9960932629735,75.6520910093361,-16.5554570664058,17.8115868890495,79.0669229489851,68.1338458979703,1.18915994296601,-0.827772853320289,0.890579344452474
"NGC",-19.9960645244724,75.652860482589,-16.549318951449,17.8268744817308,79.0571438102991,68.1142876205982,1.18881858662985,-0.827465947572449,0.891343724086539
"NGC",-19.9960355992471,75.6536335382133,-16.5431752618597,17.8421608651942,79.047364671613,68.0947293432261,1.18847723029369,-0.827158763092984,0.892108043259708
"NGC",-19.9960064862412,75.6544101899149,-16.5370259960643,17.857446041601,79.037585532927,68.0751710658539,1.18813587395753,-0.826851299803214,0.892872302080048
"NGC",-19.9959771843929,75.6551904514417,-16.530871152479,17.872730013127,79.0278063942409,68.0556127884818,1.18779451762137,-0.826543557623948,0.893636500656351
"NGC",-19.9959476926354,75.655974336583,-16.5247107295097,17.8880127819629,79.0180272555548,68.0360545111097,1.1874531612852,-0.826235536475486,0.894400639098146
"NGC",-19.9959180098968,75.6567618591704,-16.5185447255523,17.9032943503138,79.0082481168688,68.0164962337376,1.18711180494904,-0.825927236277617,0.895164717515689
"NGC",-19.9958881351,75.6575530330775,-16.5123731389923,17.9185747203996,78.9984689781827,67.9969379563655,1.18677044861288,-0.825618656949617,0.895928736019979
"NGC",-19.9958580671626,75.6583478722197,-16.5061959682048,17.9338538944549,78.9886898394967,67.9773796789933,1.18642909227672,-0.825309798410242,0.896692694722747
"NGC",-19.9958278049969,75.6591463905551,-16.5000132115547,17.9491318747294,78.9789107008106,67.9578214016212,1.18608773594056,-0.825000660577735,0.897456593736469
"NGC",-19.9957973475102,75.6599486020836,-16.4938248673963,17.9644086634872,78.9691315621245,67.9382631242491,1.1857463796044,-0.824691243369814,0.898220433174359
"NGC",-19.9957666936043,75.6607545208481,-16.4876309340735,17.9796842630075,78.9593524234385,67.918704846877,1.18540502326823,-0.824381546703677,0.898984213150376
"NGC",-19.9957358421759,75.6615641609336,-16.4814314099199,17.9949586755845,78.9495732847524,67.8991465695049,1.18506366693207,-0.824071570495997,0.899747933779226
"NGC",-19.9957047921162,75.6623775364679,-16.4752262932584,18.0102319035273,78.9397941460664,67.8795882921327,1.18472231059591,-0.82376131466292,0.900511595176363
"NGC",-19.9956735423112,75.6631946616215,-16.4690155824013,18.0255039491598,78.9300150073803,67.8600300147606,1.18438095425975,-0.823450779120063,0.90127519745799
"NGC",-19.9956420916414,75.6640155506077,-16.4627992756503,18.0407748148213,78.9202358686942,67.8404717373885,1.18403959792359,-0.823139963782513,0.902038740741063
"NGC",-19.995610438982,75.6648402176827,-16.4565773712964,18.0560445028658,78.9104567300082,67.8209134600164,1.18369824158743,-0.822828868564821,0.902802225143291
"NGC",-19.9955785832029,75.6656686771459,-16.4503498676201,18.0713130156628,78.9006775913221,67.8013551826443,1.18335688525126,-0.822517493381005,0.903565650783142
"NGC",-19.9955465231685,75.6665009433396,-16.4441167628909,18.0865803555968,78.8908984526361,67.7817969052721,1.1830155289151,-0.822205838144543,0.904329017779841
"NGC",-19.9955142577376,75.6673370306495,-16.4378780553675,18.1018465250674,78.88111931395,67.7622386279,1.18267417257894,-0.821893902768376,0.905092326253372
"NGC",-19.9954817857637,75.6681769535046,-16.431633743298,18.1171115264897,78.871340175264,67.7426803505279,1.18233281624278,-0.821581687164901,0.905855576324483
"NGC",-19.9954491060949,75.6690207263772,-16.4253838249194,18.1323753622937,78.8615610365779,67.7231220731558,1.18199145990662,-0.821269191245971,0.906618768114686
"NGC",-19.9954162175736,75.6698683637833,-16.4191282984578,18.1476380349252,78.8517818978918,67.7035637957837,1.18165010357045,-0.820956414922892,0.907381901746259
"NGC",-19.9953831190366,75.6707198802825,-16.4128671621284,18.1628995468451,78.8420027592058,67.6840055184115,1.18130874723429,-0.820643358106422,0.908144977342253
"NGC",-19.9953498093155,75.671575290478,-16.4066004141353,18.1781599005297,78.8322236205197,67.6644472410394,1.18096739089813,-0.820330020706767,0.908907995026484
"NGC",-19.995316287236,75.6724346090171,-16.4003280526716,18.1934190984709,78.8224444818337,67.6448889636673,1.18062603456197,-0.820016402633582,0.909670954923544
"NGC",-19.9952825516182,75.6732978505909,-16.3940500759193,18.208677143176,78.8126653431476,67.6253306862952,1.18028467822581,-0.819702503795963,0.910433857158799
"NGC",-19.9952486012768,75.6741650299345,-16.3877664820491,18.2239340371679,78.8028862044615,67.6057724089231,1.17994332188965,-0.819388324102453,0.911196701858394
"NGC",-19.9952144350206,75.6750361618271,-16.3814772692206,18.239189782985,78.7931070657755,67.586214131551,1.17960196555348,-0.819073863461029,0.911959489149251
"NGC",-19.995180051653,75.6759112610925,-16.3751824355822,18.2544443831815,78.7833279270894,67.5666558541788,1.17926060921732,-0.818759121779111,0.912722219159075
"NGC",-19.9951454499714,75.6767903425983,-16.3688819792711,18.2696978403271,78.7735487884034,67.5470975768067,1.17891925288116,-0.818444098963553,0.913484892016353
"NGC",-19.9951106287678,75.6776734212571,-16.3625758984128,18.2849501570072,78.7637696497173,67.5275392994346,1.178577896545,-0.818128794920639,0.91424750785036
"NGC",-19.9950755868282,75.6785605120257,-16.3562641911218,18.3002013358231,78.7539905110312,67.5079810220625,1.17823654020884,-0.817813209556088,0.915010066791155
"NGC",-19.9950403229331,75.6794516299057,-16.3499468555009,18.3154513793918,78.7442113723452,67.4884227446904,1.17789518387268,-0.817497342775046,0.915772568969591
"NGC",-19.9950048358568,75.6803467899435,-16.3436238896417,18.3307002903462,78.7344322336591,67.4688644673182,1.17755382753651,-0.817181194482085,0.91653501451731
"NGC",-19.9949691243683,75.6812460072304,-16.337295291624,18.345948071335,78.724653094973,67.4493061899461,1.17721247120035,-0.8168647645812,0.91729740356675
"NGC",-19.9949331872304,75.6821492969025,-16.3309610595162,18.3611947250228,78.714873956287,67.429747912574,1.17687111486419,-0.816548052975812,0.918059736251142
"NGC",-19.9948970232002,75.6830566741412,-16.3246211913751,18.3764402540904,78.7050948176009,67.4101896352019,1.17652975852803,-0.816231059568755,0.91882201270452
"NGC",-19.9948606310289,75.6839681541729,-16.3182756852457,18.3916846612343,78.6953156789149,67.3906313578297,1.17618840219187,-0.815913784262285,0.919584233061717
"NGC",-19.9948240094618,75.6848837522694,-16.3119245391614,18.4069279491673,78.6855365402288,67.3710730804576,1.1758470458557,-0.81559622695807,0.920346397458366
"NGC",-19.9947871572382,75.685803483748,-16.3055677511438,18.4221701206182,78.6757574015428,67.3515148030855,1.17550568951954,-0.815278387557191,0.921108506030908
"NGC",-19.9947500730916,75.6867273639712,-16.2992053192028,18.4374111783318,78.6659782628567,67.3319565257134,1.17516433318338,-0.814960265960139,0.921870558916589
"NGC",-19.9947127557494,75.6876554083474,-16.2928372413363,18.4526511250693,78.6561991241706,67.3123982483413,1.17482297684722,-0.814641862066813,0.922632556253466
"NGC",-19.9946752039331,75.6885876323306,-16.2864635155303,18.4678899636081,78.6464199854846,67.2928399709692,1.17448162051106,-0.814323175776517,0.923394498180406
"NGC",-19.994637416358,75.6895240514206,-16.2800841397591,18.4831276967418,78.6366408467985,67.273281693597,1.1741402641749,-0.814004206987957,0.924156384837091
"NGC",-19.9945993917337,75.6904646811632,-16.2736991119848,18.4983643272803,78.6268617081124,67.2537234162249,1.17379890783873,-0.813684955599241,0.924918216364016
"NGC",-19.9945611287634,75.6914095371502,-16.2673084301575,18.5135998580499,78.6170825694264,67.2341651388528,1.17345755150257,-0.813365421507873,0.925679992902496
"NGC",-19.9945226261442,75.6923586350195,-16.2609120922151,18.5288342918933,78.6073034307403,67.2146068614807,1.17311619516641,-0.813045604610754,0.926441714594666
"NGC",-19.9944838825675,75.6933119904553,-16.2545100960836,18.5440676316696,78.5975242920543,67.1950485841085,1.17277483883025,-0.812725504804179,0.927203381583482
"NGC",-19.994444896718,75.694269619188,-16.2481024396766,18.5592998802545,78.5877451533682,67.1754903067364,1.17243348249409,-0.812405121983832,0.927964994012727
"NGC",-19.9944056672746,75.6952315369948,-16.2416891208957,18.5745310405401,78.5779660146821,67.1559320293643,1.17209212615792,-0.812084456044786,0.928726552027007
"NGC",-19.99436619291,75.6961977596992,-16.23527013763,18.5897611154352,78.5681868759961,67.1363737519922,1.17175076982176,-0.811763506881502,0.92948805577176
"NGC",-19.9943264722905,75.6971683031714,-16.2288454877564,18.604990107865,78.55840773731,67.1168154746201,1.1714094134856,-0.81144227438782,0.930249505393252
"NGC",-19.9942865040763,75.6981431833283,-16.2224151691393,18.6202180207717,78.548628598624,67.097257197248,1.17106805714944,-0.811120758456967,0.931010901038586
"NGC",-19.9942462869213,75.6991224161341,-16.2159791796309,18.635444857114,78.5388494599379,67.0776989198758,1.17072670081328,-0.810798958981543,0.931772242855698
"NGC",-19.9942058194731,75.7001060175995,-16.2095375170706,18.6506706198672,78.5290703212519,67.0581406425037,1.17038534447712,-0.810476875853529,0.932533530993362
"NGC",-19.994165100373,75.7010940037826,-16.2030901792855,18.6658953120238,78.5192911825658,67.0385823651316,1.17004398814095,-0.810154508964276,0.933294765601191
"NGC",-19.994124128256,75.7020863907885,-16.1966371640902,18.6811189365928,78.5095120438797,67.0190240877595,1.16970263180479,-0.809831858204508,0.934055946829642
"NGC",-19.9940829017506,75.70308319477,-16.1901784692864,18.6963414966003,78.4997329051937,66.9994658103874,1.16936127546863,-0.809508923464318,0.934817074830017
"NGC",-19.9940414194791,75.704084431927,-16.1837140926633,18.7115629950892,78.4899537665076,66.9799075330152,1.16901991913247,-0.809185704633165,0.93557814975446
"NGC",-19.9939996800573,75.7050901185069,-16.1772440319974,18.7267834351194,78.4801746278216,66.9603492556431,1.16867856279631,-0.808862201599871,0.93633917175597
"NGC",-19.9939576820945,75.706100270805,-16.1707682850524,18.7420028197678,78.4703954891355,66.940790978271,1.16833720646014,-0.80853841425262,0.937100140988392
"NGC",-19.9939154241937,75.7071149051644,-16.1642868495791,18.7572211521285,78.4606163504494,66.9212327008989,1.16799585012398,-0.808214342478956,0.937861057606427
"NGC",-19.9938729049511,75.7081340379757,-16.1577997233155,18.7724384353126,78.4508372117634,66.9016744235268,1.16765449378782,-0.807889986165776,0.93862192176563
"NGC",-19.9938301229568,75.7091576856778,-16.1513069039867,18.7876546724483,78.4410580730773,66.8821161461546,1.16731313745166,-0.807565345199334,0.939382733622417
"NGC",-19.9937870767941,75.7101858647576,-16.1448083893047,18.8028698666812,78.4312789343913,66.8625578687825,1.1669717811155,-0.807240419465234,0.940143493334059
"NGC",-19.9937437650397,75.7112185917503,-16.1383041769686,18.8180840211739,78.4214997957052,66.8429995914104,1.16663042477934,-0.806915208848428,0.940904201058694
"NGC",-19.9937001862638,75.7122558832392,-16.1317942646643,18.8332971391064,78.4117206570191,66.8234413140383,1.16628906844317,-0.806589713233214,0.941664856955322
"NGC",-19.9936563390301,75.7132977558561,-16.1252786500647,18.8485092236762,78.4019415183331,66.8038830366662,1.16594771210701,-0.806263932503236,0.942425461183811
"NGC",-19.9936122218954,75.7143442262816,-16.1187573308295,18.863720278098,78.392162379647,66.784324759294,1.16560635577085,-0.805937866541476,0.943186013904898
"NGC",-19.99356783341,75.7153953112445,-16.1122303046051,18.8789303056038,78.382383240961,66.7647664819219,1.16526499943469,-0.805611515230255,0.94394651528019
"NGC",-19.9935231721175,75.7164510275227,-16.1056975690246,18.8941393094434,78.3726041022749,66.7452082045498,1.16492364309853,-0.805284878451232,0.94470696547217
"NGC",-19.9934782365547,75.7175113919428,-16.0991591217079,18.9093472928839,78.3628249635888,66.7256499271777,1.16458228676237,-0.804957956085397,0.945467364644194
"NGC",-19.9934330252517,75.7185764213805,-16.0926149602614,18.92455425921,78.3530458249028,66.7060916498056,1.1642409304262,-0.804630748013071,0.946227712960501
"NGC",-19.9933875367317,75.7196461327605,-16.0860650822781,18.9397602117241,78.3432666862167,66.6865333724334,1.16389957409004,-0.804303254113904,0.946988010586206
"NGC",-19.9933417695114,75.7207205430566,-16.0795094853374,18.9549651537462,78.3334875475307,66.6669750950613,1.16355821775388,-0.80397547426687,0.94774825768731
"NGC",-19.9932957221005,75.7217996692923,-16.0729481670053,18.9701690886139,78.3237084088446,66.6474168176892,1.16321686141772,-0.803647408350266,0.948508454430696
"NGC",-19.9932493930016,75.7228835285401,-16.0663811248342,18.9853720196828,78.3139292701586,66.6278585403171,1.16287550508156,-0.803319056241712,0.949268600984138
"NGC",-19.9932027807109,75.7239721379223,-16.0598083563628,19.0005739503259,78.3041501314725,66.608300262945,1.16253414874539,-0.802990417818142,0.950028697516297
"NGC",-19.9931558837173,75.7250655146108,-16.0532298591161,19.0157748839346,78.2943709927864,66.5887419855728,1.16219279240923,-0.802661492955806,0.950788744196729
"NGC",-19.9931087005029,75.7261636758272,-16.0466456306053,19.0309748239176,78.2845918541004,66.5691837082007,1.16185143607307,-0.802332281530266,0.951548741195882
"NGC",-19.9930612295429,75.7272666388431,-16.0400556683279,19.046173773702,78.2748127154143,66.5496254308286,1.16151007973691,-0.802002783416395,0.9523086886851
"NGC",-19.9930134693054,75.72837442098,-16.0334599697674,19.0613717367326,78.2650335767283,66.5300671534565,1.16116872340075,-0.801672998488371,0.95306858683663
"NGC",-19.9929654182516,75.7294870396095,-16.0268585323936,19.0765687164723,78.2552544380422,66.5105088760844,1.16082736706459,-0.801342926619679,0.953828435823617
"NGC",-19.9929170748356,75.7306045121535,-16.020251353662,19.0917647164022,78.2454752993561,66.4909505987122,1.16048601072842,-0.801012567683101,0.954588235820112
"NGC",-19.9928684375043,75.7317268560843,-16.0136384310145,19.1069597400214,78.2356961606701,66.4713923213401,1.16014465439226,-0.800681921550723,0.95534798700107
"NGC",-19.9928195046978,75.7328540889244,-16.0070197618785,19.1221537908471,78.225917021984,66.451834043968,1.1598032980561,-0.800350988093923,0.956107689542357
"NGC",-19.9927702748488,75.7339862282472,-16.0003953436675,19.1373468724149,78.216137883298,66.4322757665959,1.15946194171994,-0.800019767183376,0.956867343620746
"NGC",-19.9927207463829,75.7351232916766,-15.9937651737809,19.1525389882785,78.2063587446119,66.4127174892238,1.15912058538378,-0.799688258689044,0.957626949413927
"NGC",-19.9926709177186,75.7362652968872,-15.9871292496036,19.1677301420101,78.1965796059258,66.3931592118517,1.15877922904761,-0.799356462480179,0.958386507100505
"NGC",-19.9926207872672,75.7374122616047,-15.9804875685064,19.1829203372,78.1868004672398,66.3736009344795,1.15843787271145,-0.79902437842532,0.959146016860001
"NGC",-19.9925703534326,75.7385642036058,-15.9738401278457,19.1981095774572,78.1770213285537,66.3540426571074,1.15809651637529,-0.798692006392285,0.959905478872858
"NGC",-19.9925196146117,75.7397211407183,-15.9671869249635,19.2132978664088,78.1672421898676,66.3344843797353,1.15775516003913,-0.798359346248175,0.96066489332044
"NGC",-19.9924685691938,75.7408830908212,-15.9605279571873,19.2284852077008,78.1574630511816,66.3149261023632,1.15741380370297,-0.798026397859365,0.961424260385038
"NGC",-19.9924172155611,75.7420500718451,-15.9538632218301,19.2436716049974,78.1476839124955,66.295367824991,1.15707244736681,-0.797693161091507,0.962183580249869
"NGC",-19.9923655520884,75.7432221017718,-15.9471927161904,19.2588570619816,78.1379047738095,66.2758095476189,1.15673109103064,-0.797359635809522,0.962942853099081
"NGC",-19.9923135771431,75.7443991986349,-15.940516437552,19.274041582355,78.1281256351234,66.2562512702468,1.15638973469448,-0.797025821877602,0.963702079117752
"NGC",-19.9922612890852,75.7455813805198,-15.9338343831841,19.2892251698379,78.1183464964373,66.2366929928747,1.15604837835832,-0.796691719159204,0.964461258491897
"NGC",-19.9922086862672,75.7467686655635,-15.9271465503409,19.3044078281693,78.1085673577513,66.2171347155026,1.15570702202216,-0.796357327517047,0.965220391408467
"NGC",-19.9921557670342,75.7479610719551,-15.9204529362622,19.3195895611071,78.0987882190652,66.1975764381305,1.155365665686,-0.796022646813112,0.965979478055354
"NGC",-19.9921025297239,75.7491586179359,-15.9137535381727,19.3347703724277,78.0890090803792,66.1780181607583,1.15502430934983,-0.795687676908637,0.966738518621387
"NGC",-19.9920489726663,75.7503613217992,-15.9070483532823,19.3499502659269,78.0792299416931,66.1584598833862,1.15468295301367,-0.795352417664114,0.967497513296345
"NGC",-19.991995094184,75.7515692018907,-15.9003373787857,19.365129245419,78.069450803007,66.1389016060141,1.15434159667751,-0.795016868939287,0.96825646227095
"NGC",-19.9919408925918,75.7527822766085,-15.893620611863,19.3803073147375,78.059671664321,66.119343328642,1.15400024034135,-0.79468103059315,0.969015365736874
"NGC",-19.9918863661972,75.7540005644034,-15.8868980496788,19.3954844777348,78.0498925256349,66.0997850512699,1.15365888400519,-0.794344902483942,0.969774223886741
"NGC",-19.9918315132999,75.7552240837786,-15.8801696893829,19.4106607382826,78.0401133869489,66.0802267738977,1.15331752766903,-0.794008484469146,0.970533036914129
"NGC",-19.9917763321918,75.7564528532904,-15.8734355281097,19.4258361002714,78.0303342482628,66.0606684965256,1.15297617133286,-0.793671776405484,0.971291805013571
"NGC",-19.9917208211573,75.7576868915477,-15.8666955629784,19.4410105676112,78.0205551095767,66.0411102191535,1.1526348149967,-0.793334778148918,0.97205052838056
"NGC",-19.9916649784731,75.7589262172127,-15.8599497910928,19.456184144231,78.0107759708907,66.0215519417814,1.15229345866054,-0.792997489554642,0.972809207211549
"NGC",-19.991608802408,75.7601708490007,-15.8531982095417,19.4713568340791,78.0009968322046,66.0019936644093,1.15195210232438,-0.792659910477084,0.973567841703957
"NGC",-19.991552291223,75.7614208056801,-15.846440815398,19.4865286411233,77.9912176935186,65.9824353870371,1.15161074598822,-0.792322040769898,0.974326432056167
"NGC",-19.9914954431714,75.7626761060729,-15.8396776057194,19.5016995693506,77.9814385548325,65.962877109665,1.15126938965206,-0.791983880285969,0.975084978467532
"NGC",-19.9914382564987,75.7639367690543,-15.832908577548,19.5168696227674,77.9716594161465,65.9433188322929,1.15092803331589,-0.791645428877399,0.975843481138372
"NGC",-19.9913807294423,75.7652028135536,-15.8261337279103,19.5320388053998,77.9618802774604,65.9237605549208,1.15058667697973,-0.791306686395514,0.976601940269988
"NGC",-19.9913228602319,75.7664742585534,-15.8193530538171,19.547207121293,77.9521011387743,65.9042022775487,1.15024532064357,-0.790967652690856,0.97736035606465
"NGC",-19.9912646470892,75.7677511230904,-15.8125665522636,19.5623745745122,77.9423220000883,65.8846440001765,1.14990396430741,-0.790628327613182,0.978118728725611
"NGC",-19.9912060882279,75.7690334262554,-15.8057742202292,19.577541169142,77.9325428614022,65.8650857228044,1.14956260797125,-0.790288711011458,0.978877058457101
"NGC",-19.9911471818537,75.770321187193,-15.7989760546772,19.5927069092867,77.9227637227162,65.8455274454323,1.14922125163508,-0.789948802733861,0.979635345464337
"NGC",-19.9910879261644,75.7716144251022,-15.7921720525554,19.6078717990704,77.9129845840301,65.8259691680602,1.14887989529892,-0.789608602627772,0.98039358995352
"NGC",-19.9910283193496,75.7729131592364,-15.7853622107955,19.6230358426368,77.903205445344,65.8064108906881,1.14853853896276,-0.789268110539774,0.98115179213184
"NGC",-19.9909683595908,75.7742174089035,-15.778546526313,19.6381990441495,77.893426306658,65.7868526133159,1.1481971826266,-0.788927326315651,0.981909952207477
"NGC",-19.9909080450616,75.775527193466,-15.7717249960076,19.6533614077921,77.8836471679719,65.7672943359438,1.14785582629044,-0.788586249800381,0.982668070389606
"NGC",-19.990847373927,75.7768425323409,-15.7648976167627,19.6685229377679,77.8738680292859,65.7477360585717,1.14751446995428,-0.788244880838137,0.983426146888395
"NGC",-19.9907863443444,75.7781634450002,-15.7580643854457,19.6836836383003,77.8640888905998,65.7281777811996,1.14717311361811,-0.787903219272283,0.984184181915014
"NGC",-19.9907249544626,75.7794899509711,-15.7512252989073,19.6988435136326,77.8543097519137,65.7086195038275,1.14683175728195,-0.787561264945367,0.984942175681632
"NGC",-19.9906632024222,75.7808220698354,-15.7443803539825,19.7140025680284,77.8445306132277,65.6890612264553,1.14649040094579,-0.787219017699126,0.985700128401421
"NGC",-19.9906010863557,75.7821598212307,-15.7375295474895,19.7291608057712,77.8347514745416,65.6695029490832,1.14614904460963,-0.786876477374474,0.986458040288561
"NGC",-19.990538604387,75.7835032248494,-15.7306728762301,19.7443182311647,77.8249723358556,65.6499446717111,1.14580768827347,-0.786533643811506,0.987215911558236
"NGC",-19.990475754632,75.7848523004397,-15.7238103369898,19.759474848533,77.8151931971695,65.630386394339,1.1454663319373,-0.78619051684949,0.987973742426648
"NGC",-19.990412535198,75.7862070678053,-15.7169419265374,19.7746306622201,77.8054140584834,65.6108281169669,1.14512497560114,-0.785847096326869,0.988731533111005
"NGC",-19.9903489441839,75.7875675468055,-15.710067641625,19.7897856765907,77.7956349197974,65.5912698395947,1.14478361926498,-0.785503382081251,0.989489283829537
"NGC",-19.9902849796804,75.7889337573556,-15.7031874789883,19.8049398960298,77.7858557811113,65.5717115622226,1.14444226292882,-0.785159373949414,0.99024699480149
"NGC",-19.9902206397695,75.7903057194269,-15.6963014353459,19.8200933249426,77.7760766424253,65.5521532848505,1.14410090659266,-0.784815071767295,0.99100466624713
"NGC",-19.9901559225247,75.7916834530466,-15.6894095073999,19.835245967755,77.7662975037392,65.5325950074784,1.1437595502565,-0.784470475369994,0.99176229838775
"NGC",-19.9900908260111,75.7930669782981,-15.6825116918353,19.8503978289133,77.7565183650531,65.5130367301063,1.14341819392033,-0.784125584591765,0.992519891445667
"NGC",-19.9900253482853,75.7944563153214,-15.6756079853204,19.8655489128845,77.7467392263671,65.4934784527342,1.14307683758417,-0.783780399266018,0.993277445644226
"NGC",-19.989959487395,75.7958514843128,-15.6686983845062,19.8806992241561,77.736960087681,65.473920175362,1.14273548124801,-0.78343491922531,0.994034961207807
"NGC",-19.9898932413796,75.7972525055251,-15.661782886027,19.8958487672364,77.727180948995,65.4543618979899,1.14239412491185,-0.783089144301349,0.994792438361819
"NGC",-19.9898266082697,75.7986593992679,-15.6548614864997,19.9109975466543,77.7174018103089,65.4348036206178,1.14205276857569,-0.782743074324983,0.995549877332713
"NGC",-19.9897595860872,75.8000721859077,-15.6479341825241,19.9261455669595,77.7076226716228,65.4152453432457,1.14171141223953,-0.782396709126204,0.996307278347975
"NGC",-19.9896921728453,75.801490885868,-15.6410009706828,19.9412928327227,77.6978435329368,65.3956870658735,1.14137005590336,-0.782050048534141,0.997064641636134
"NGC",-19.9896243665485,75.8029155196291,-15.6340618475411,19.9564393485353,77.6880643942507,65.3761287885014,1.1410286995672,-0.781703092377057,0.997821967426765
"NGC",-19.9895561651923,75.804346107729,-15.6271168096469,19.9715851190097,77.6782852555646,65.3565705111293,1.14068734323104,-0.781355840482347,0.998579255950487
"NGC",-19.9894875667638,75.8057826707625,-15.6201658535306,19.9867301487794,77.6685061168786,65.3370122337572,1.14034598689488,-0.781008292676532,0.99933650743897
"NGC",-19.9894185692407,75.8072252293824,-15.6132089757052,20.0018744424987,77.6587269781925,65.3174539563851,1.14000463055872,-0.780660448785261,1.00009372212494
"NGC",-19.9893491705923,75.8086738042988,-15.6062461726661,20.0170180048433,77.6489478395065,65.2978956790129,1.13966327422255,-0.780312308633303,1.00085090024216
"NGC",-19.9892793687786,75.8101284162796,-15.5992774408909,20.0321608405097,77.6391687008204,65.2783374016408,1.13932191788639,-0.779963872044546,1.00160804202549
"NGC",-19.989209161751,75.8115890861505,-15.5923027768398,20.0473029542159,77.6293895621343,65.2587791242687,1.13898056155023,-0.779615138841992,1.00236514771079
"NGC",-19.9891385474516,75.8130558347954,-15.5853221769551,20.062444350701,77.6196104234483,65.2392208468966,1.13863920521407,-0.779266108847757,1.00312221753505
"NGC",-19.9890675238137,75.8145286831561,-15.5783356376613,20.0775850347254,77.6098312847622,65.2196625695245,1.13829784887791,-0.778916781883064,1.00387925173627
"NGC",-19.9889960887613,75.8160076522327,-15.5713431553649,20.092725011071,77.6000521460762,65.2001042921523,1.13795649254175,-0.778567157768242,1.00463625055355
"NGC",-19.9889242402097,75.8174927630837,-15.5643447264545,20.1078642845409,77.5902730073901,65.1805460147802,1.13761513620558,-0.778217236322724,1.00539321422705
"NGC",-19.9888519760646,75.8189840368263,-15.5573403473008,20.1230028599598,77.580493868704,65.1609877374081,1.13727377986942,-0.77786701736504,1.00615014299799
"NGC",-19.9887792942229,75.8204814946358,-15.5503300142563,20.1381407421739,77.570714730018,65.141429460036,1.13693242353326,-0.777516500712815,1.0069070371087
"NGC",-19.9887061925722,75.8219851577469,-15.5433137236554,20.153277936051,77.5609355913319,65.1218711826639,1.1365910671971,-0.777165686182768,1.00766389680255
"NGC",-19.9886326689908,75.8234950474529,-15.5362914718141,20.1684144464803,77.5511564526459,65.1023129052918,1.13624971086094,-0.776814573590706,1.00842072232402
"NGC",-19.9885587213478,75.8250111851059,-15.5292632550304,20.183550278373,77.5413773139598,65.0827546279196,1.13590835452477,-0.776463162751522,1.00917751391865
"NGC",-19.9884843475031,75.8265335921177,-15.5222290695839,20.1986854366618,77.5315981752738,65.0631963505475,1.13556699818861,-0.776111453479193,1.00993427183309
"NGC",-19.9884095453071,75.8280622899589,-15.5151889117354,20.2138199263013,77.5218190365877,65.0436380731754,1.13522564185245,-0.775759445586772,1.01069099631507
"NGC",-19.9883343126009,75.8295973001598,-15.5081427777278,20.2289537522679,77.5120398979016,65.0240797958033,1.13488428551629,-0.77540713888639,1.01144768761339
"NGC",-19.9882586472163,75.8311386443101,-15.501090663785,20.2440869195598,77.5022607592156,65.0045215184312,1.13454292918013,-0.775054533189248,1.01220434597799
"NGC",-19.9881825469755,75.8326863440593,-15.4940325661124,20.2592194331973,77.4924816205295,64.984963241059,1.13420157284397,-0.77470162830562,1.01296097165986
"NGC",-19.9881060096913,75.8342404211165,-15.4869684808968,20.2743512982225,77.4827024818435,64.9654049636869,1.1338602165078,-0.774348424044841,1.01371756491112
"NGC",-19.9880290331671,75.8358008972512,-15.4798984043062,20.2894825196998,77.4729233431574,64.9458466863148,1.13351886017164,-0.773994920215311,1.01447412598499
"NGC",-19.9879516151966,75.8373677942925,-15.4728223324898,20.3046131027154,77.4631442044713,64.9262884089427,1.13317750383548,-0.773641116624489,1.01523065513577
"NGC",-19.987873753564,75.8389411341299,-15.4657402615777,20.319743052378,77.4533650657853,64.9067301315706,1.13283614749932,-0.773287013078887,1.0159871526189
"NGC",-19.9877954460439,75.8405209387133,-15.4586521876814,20.3348723738183,77.4435859270992,64.8871718541984,1.13249479116316,-0.77293260938407,1.01674361869091
"NGC",-19.9877166904011,75.842107230053,-15.4515581068931,20.3500010721892,77.4338067884132,64.8676135768263,1.132153434827,-0.772577905344654,1.01750005360946
"NGC",-19.9876374843911,75.84370003022,-15.4444580152859,20.3651291526661,77.4240276497271,64.8480552994542,1.13181207849083,-0.772222900764296,1.0182564576333
"NGC",-19.9875578257592,75.8452993613459,-15.437351908914,20.3802566204466,77.414248511041,64.8284970220821,1.13147072215467,-0.771867595445698,1.01901283102233
"NGC",-19.9874777122413,75.8469052456233,-15.430239783812,20.395383480751,77.404469372355,64.80893874471,1.13112936581851,-0.771511989190598,1.01976917403755
"NGC",-19.9873971415634,75.8485177053059,-15.4231216359954,20.4105097388217,77.3946902336689,64.7893804673378,1.13078800948235,-0.77115608179977,1.02052548694109
"NGC",-19.9873161114416,75.8501367627082,-15.4159974614604,20.425635399924,77.3849110949829,64.7698221899657,1.13044665314619,-0.770799873073019,1.0212817699962
"NGC",-19.9872346195822,75.8517624402063,-15.4088672561835,20.4407604693455,77.3751319562968,64.7502639125936,1.13010529681002,-0.770443362809177,1.02203802346728
"NGC",-19.9871526636816,75.8533947602377,-15.401731016122,20.4558849523967,77.3653528176107,64.7307056352215,1.12976394047386,-0.770086550806102,1.02279424761984
"NGC",-19.9870702414263,75.8550337453013,-15.3945887372134,20.4710088544106,77.3555736789247,64.7111473578494,1.1294225841377,-0.76972943686067,1.02355044272053
"NGC",-19.9869873504928,75.8566794179579,-15.3874404153755,20.4861321807432,77.3457945402386,64.6915890804772,1.12908122780154,-0.769372020768777,1.02430660903716
"NGC",-19.9869039885475,75.8583318008299,-15.3802860465066,20.5012549367729,77.3360154015526,64.6720308031051,1.12873987146538,-0.769014302325332,1.02506274683864
"NGC",-19.986820153247,75.8599909166017,-15.373125626485,20.5163771279014,77.3262362628665,64.652472525733,1.12839851512922,-0.768656281324252,1.02581885639507
"NGC",-19.9867358422375,75.86165678802,-15.3659591511693,20.5314987595531,77.3164571241804,64.6329142483609,1.12805715879305,-0.768297957558463,1.02657493797765
"NGC",-19.9866510531553,75.8633294378934,-15.3587866163979,20.5466198371754,77.3066779854944,64.6133559709888,1.12771580245689,-0.767939330819895,1.02733099185877
"NGC",-19.9865657836264,75.8650088890932,-15.3516080179895,20.5617403662388,77.2968988468083,64.5937976936166,1.12737444612073,-0.767580400899473,1.02808701831194
"NGC",-19.9864800312668,75.866695164553,-15.3444233517425,20.5768603522368,77.2871197081223,64.5742394162445,1.12703308978457,-0.767221167587124,1.02884301761184
"NGC",-19.9863937936821,75.8683882872692,-15.3372326134352,20.5919798006862,77.2773405694362,64.5546811388724,1.12669173344841,-0.766861630671761,1.02959899003431
"NGC",-19.9863070684676,75.8700882803008,-15.3300357988258,20.6070987171267,77.2675614307501,64.5351228615003,1.12635037711224,-0.766501789941291,1.03035493585634
"NGC",-19.9862198532085,75.8717951667698,-15.3228329036521,20.6222171071216,77.2577822920641,64.5155645841282,1.12600902077608,-0.766141645182603,1.03111085535608
"NGC",-19.9861321454795,75.8735089698612,-15.3156239236314,20.6373349762573,77.248003153378,64.496006306756,1.12566766443992,-0.765781196181569,1.03186674881287
"NGC",-19.9860439428448,75.8752297128234,-15.3084088544608,20.6524523301437,77.238224014692,64.4764480293839,1.12532630810376,-0.765420442723038,1.03262261650719
"NGC",-19.9859552428585,75.8769574189679,-15.3011876918167,20.667569174414,77.2284448760059,64.4568897520118,1.1249849517676,-0.765059384590834,1.0333784587207
"NGC",-19.985866043064,75.8786921116698,-15.293960431355,20.6826855147249,77.2186657373198,64.4373314746397,1.12464359543144,-0.76469802156775,1.03413427573625
"NGC",-19.9857763409942,75.8804338143677,-15.2867270687109,20.6978013567568,77.2088865986338,64.4177731972676,1.12430223909527,-0.764336353435547,1.03489006783784
"NGC",-19.9856861341716,75.8821825505642,-15.279487599499,20.7129167062134,77.1991074599477,64.3982149198955,1.12396088275911,-0.763974379974951,1.03564583531067
"NGC",-19.985595420108,75.8839383438253,-15.2722420193129,20.7280315688223,77.1893283212617,64.3786566425233,1.12361952642295,-0.763612100965644,1.03640157844112
"NGC",-19.9855041963047,75.8857012177816,-15.2649903237253,20.7431459503348,77.1795491825756,64.3590983651512,1.12327817008679,-0.763249516186266,1.03715729751674
"NGC",-19.9854124602523,75.8874711961275,-15.2577325082882,20.7582598565258,77.1697700438895,64.3395400877791,1.12293681375063,-0.76288662541441,1.03791299282629
"NGC",-19.9853202094306,75.8892483026219,-15.2504685685323,20.7733732931941,77.1599909052035,64.319981810407,1.12259545741446,-0.762523428426615,1.03866866465971
"NGC",-19.9852274413088,75.8910325610879,-15.2431984999673,20.7884862661625,77.1502117665174,64.3004235330348,1.1222541010783,-0.762159924998366,1.03942431330812
"NGC",-19.9851341533453,75.8928239954135,-15.2359222980818,20.8035987812775,77.1404326278314,64.2808652556627,1.12191274474214,-0.761796114904089,1.04017993906387
"NGC",-19.9850403429877,75.8946226295513,-15.228639958343,20.8187108444098,77.1306534891453,64.2613069782906,1.12157138840598,-0.761431997917148,1.04093554222049
"NGC",-19.9849460076727,75.8964284875187,-15.2213514761968,20.833822461454,77.1208743504592,64.2417487009185,1.12123003206982,-0.761067573809839,1.0416911230727
"NGC",-19.9848511448262,75.8982415933981,-15.2140568470678,20.8489336383289,77.1110952117732,64.2221904235464,1.12088867573366,-0.760702842353388,1.04244668191644
"NGC",-19.9847557518631,75.9000619713373,-15.206756066359,20.8640443809774,77.1013160730871,64.2026321461743,1.12054731939749,-0.760337803317948,1.04320221904887
"NGC",-19.9846598261873,75.9018896455491,-15.1994491294519,20.8791546953668,77.0915369344011,64.1830738688021,1.12020596306133,-0.759972456472593,1.04395773476834
"NGC",-19.9845633651918,75.903724640312,-15.1921360317063,20.8942645874884,77.081757795715,64.16351559143,1.11986460672517,-0.759606801585316,1.04471322937442
"NGC",-19.9844663662585,75.9055669799698,-15.1848167684605,20.9093740633579,77.071978657029,64.1439573140579,1.11952325038901,-0.759240838423023,1.0454687031679
"NGC",-19.9843688267582,75.9074166889323,-15.1774913350307,20.9244831290157,77.0621995183429,64.1243990366858,1.11918189405285,-0.758874566751534,1.04622415645078
"NGC",-19.9842707440506,75.9092737916749,-15.1701597267115,20.9395917905262,77.0524203796568,64.1048407593136,1.11884053771669,-0.758507986335573,1.04697958952631
"NGC",-19.9841721154842,75.9111383127394,-15.1628219387754,20.9547000539787,77.0426412409708,64.0852824819415,1.11849918138052,-0.758141096938768,1.04773500269893
"NGC",-19.9840729383963,75.9130102767332,-15.1554779664729,20.9698079254868,77.0328621022847,64.0657242045694,1.11815782504436,-0.757773898323646,1.04849039627434
"NGC",-19.983973210113,75.9148897083306,-15.1481278050326,20.9849154111888,77.0230829635987,64.0461659271973,1.1178164687082,-0.757406390251629,1.04924577055944
"NGC",-19.9838729279489,75.916776632272,-15.1407714496606,21.0000225172478,77.0133038249126,64.0266076498252,1.11747511237204,-0.757038572483032,1.05000112586239
"NGC",-19.9837720892077,75.9186710733642,-15.1334088955411,21.0151292498515,77.0035246862265,64.007049372453,1.11713375603588,-0.756670444777055,1.05075646249257
"NGC",-19.9836706911812,75.9205730564814,-15.1260401378357,21.0302356152124,76.9937455475405,63.987491095081,1.11679239969971,-0.756302006891784,1.05151178076062
"NGC",-19.9835687311503,75.9224826065639,-15.1186651716837,21.0453416195681,76.9839664088544,63.9679328177088,1.11645104336355,-0.755933258584183,1.0522670809784
"NGC",-19.983466206384,75.9243997486196,-15.1112839922019,21.0604472691807,76.9741872701683,63.9483745403367,1.11610968702739,-0.755564199610093,1.05302236345903
"NGC",-19.9833631141401,75.9263245077232,-15.1038965944845,21.0755525703377,76.9644081314823,63.9288162629646,1.11576833069123,-0.755194829724227,1.05377762851688
"NGC",-19.9832594516648,75.928256909017,-15.0965029736033,21.0906575293513,76.9546289927962,63.9092579855925,1.11542697435507,-0.754825148680165,1.05453287646756
"NGC",-19.9831552161925,75.9301969777106,-15.089103124607,21.105762152559,76.9448498541102,63.8896997082203,1.11508561801891,-0.754455156230352,1.05528810762795
"NGC",-19.9830504049464,75.9321447390812,-15.0816970425218,21.1208664463235,76.9350707154241,63.8701414308482,1.11474426168274,-0.754084852126091,1.05604332231618
"NGC",-19.9829450151376,75.9341002184737,-15.0742847223509,21.1359704170325,76.925291576738,63.8505831534761,1.11440290534658,-0.753714236117544,1.05679852085162
"NGC",-19.9828390439658,75.9360634413012,-15.0668661590745,21.1510740710991,76.915512438052,63.831024876104,1.11406154901042,-0.753343307953724,1.05755370355495
"NGC",-19.9827324886188,75.9380344330445,-15.0594413476498,21.1661774149617,76.9057332993659,63.8114665987319,1.11372019267426,-0.75297206738249,1.05830887074809
"NGC",-19.9826253462727,75.9400132192527,-15.0520102830109,21.1812804550842,76.8959541606799,63.7919083213598,1.1133788363381,-0.752600514150547,1.05906402275421
"NGC",-19.9825176140917,75.9419998255433,-15.0445729600688,21.1963831979557,76.8861750219938,63.7723500439876,1.11303748000193,-0.752228648003441,1.05981915989779
"NGC",-19.9824092892282,75.9439942776024,-15.0371293737111,21.2114856500911,76.8763958833078,63.7527917666155,1.11269612366577,-0.751856468685553,1.06057428250456
"NGC",-19.9823003688226,75.9459966011844,-15.0296795188019,21.2265878180308,76.8666167446217,63.7332334892434,1.11235476732961,-0.751483975940094,1.06132939090154
"NGC",-19.9821908500033,75.9480068221128,-15.0222233901821,21.2416897083406,76.8568376059356,63.7136752118713,1.11201341099345,-0.751111169509106,1.06208448541703
"NGC",-19.9820807298868,75.95002496628,-15.0147609826691,21.2567913276123,76.8470584672496,63.6941169344991,1.11167205465729,-0.750738049133454,1.06283956638061
"NGC",-19.9819700055777,75.9520510596473,-15.0072922910564,21.2718926824632,76.8372793285635,63.674558657127,1.11133069832113,-0.75036461455282,1.06359463412316
"NGC",-19.9818586741681,75.9540851282454,-14.9998173101141,21.2869937795367,76.8275001898775,63.6550003797549,1.11098934198496,-0.749990865505707,1.06434968897683
"NGC",-19.9817467327383,75.9561271981742,-14.9923360345885,21.3020946255017,76.8177210511914,63.6354421023828,1.1106479856488,-0.749616801729424,1.06510473127508
"NGC",-19.9816341783563,75.9581772956035,-14.9848484592019,21.3171952270533,76.8079419125053,63.6158838250107,1.11030662931264,-0.749242422960093,1.06585976135267
"NGC",-19.9815210080779,75.9602354467724,-14.9773545786527,21.3322955909125,76.7981627738193,63.5963255476385,1.10996527297648,-0.748867728932633,1.06661477954563
"NGC",-19.9814072189467,75.96230167799,-14.9698543876154,21.3473957238265,76.7883836351332,63.5767672702664,1.10962391664032,-0.748492719380768,1.06736978619133
"NGC",-19.9812928079939,75.9643760156354,-14.9623478807403,21.3624956325684,76.7786044964472,63.5572089928943,1.10928256030415,-0.748117394037014,1.06812478162842
"NGC",-19.9811777722383,75.9664584861578,-14.9548350526536,21.3775953239374,76.7688253577611,63.5376507155222,1.10894120396799,-0.747741752632678,1.06887976619687
"NGC",-19.9810621086865,75.9685491160766,-14.9473158979571,21.3926948047594,76.759046219075,63.5180924381501,1.10859984763183,-0.747365794897855,1.06963474023797
"NGC",-19.9809458143325,75.9706479319819,-14.9397904112284,21.407794081886,76.749267080389,63.498534160778,1.10825849129567,-0.746989520561422,1.0703897040943
"NGC",-19.9808288861579,75.9727549605341,-14.9322585870207,21.4228931621956,76.7394879417029,63.4789758834058,1.10791713495951,-0.746612929351034,1.07114465810978
"NGC",-19.9807113211316,75.9748702284646,-14.9247204198624,21.4379920525929,76.7297088030168,63.4594176060337,1.10757577862335,-0.74623602099312,1.07189960262964
"NGC",-19.9805931162102,75.9769937625753,-14.9171759042576,21.4530907600089,76.7199296643308,63.4398593286616,1.10723442228718,-0.74585879521288,1.07265453800045
"NGC",-19.9804742683374,75.9791255897397,-14.9096250346856,21.4681892914014,76.7101505256447,63.4203010512895,1.10689306595102,-0.745481251734278,1.07340946457007
"NGC",-19.9803547744445,75.9812657369021,-14.9020678056008,21.4832876537546,76.7003713869587,63.4007427739174,1.10655170961486,-0.745103390280042,1.07416438268773
"NGC",-19.9802346314499,75.9834142310782,-14.8945042114331,21.4983858540795,76.6905922482726,63.3811844965452,1.1062103532787,-0.744725210571656,1.07491929270397
"NGC",-19.9801138362593,75.9855710993554,-14.8869342465871,21.5134838994137,76.6808131095866,63.3616262191731,1.10586899694254,-0.744346712329354,1.07567419497068
"NGC",-19.9799923857656,75.9877363688925,-14.8793579054425,21.5285817968217,76.6710339709005,63.342067941801,1.10552764060638,-0.743967895272125,1.07642908984109
"NGC",-19.9798702768489,75.9899100669203,-14.8717751823539,21.5436795533949,76.6612548322144,63.3225096644289,1.10518628427021,-0.743588759117696,1.07718397766974
"NGC",-19.9797475063763,75.9920922207415,-14.8641860716508,21.5587771762513,76.6514756935284,63.3029513870568,1.10484492793405,-0.743209303582538,1.07793885881257
"NGC",-19.9796240712021,75.9942828577311,-14.8565905676371,21.5738746725363,76.6416965548423,63.2833931096846,1.10450357159789,-0.742829528381856,1.07869373362681
"NGC",-19.9794999681675,75.996482005336,-14.8489886645918,21.588972049422,76.6319174161563,63.2638348323125,1.10416221526173,-0.742449433229589,1.0794486024711
"NGC",-19.9793751941008,75.9986896910759,-14.841380356768,21.6040693141078,76.6221382774702,63.2442765549404,1.10382085892557,-0.742069017838399,1.08020346570539
"NGC",-19.979249745817,76.0009059425429,-14.8337656383935,21.6191664738201,76.6123591387841,63.2247182775683,1.1034795025894,-0.741688281919674,1.080958323691
"NGC",-19.9791236201183,76.0031307874019,-14.8261445036704,21.6342635358126,76.6025800000981,63.2051600001962,1.10313814625324,-0.74130722518352,1.08171317679063
"NGC",-19.9789968137934,76.0053642533906,-14.8185169467751,21.6493605073663,76.592800861412,63.185601722824,1.10279678991708,-0.740925847338756,1.08246802536831
"NGC",-19.9788693236179,76.0076063683201,-14.8108829618582,21.6644573957895,76.583021722726,63.1660434454519,1.10245543358092,-0.740544148092911,1.08322286978948
"NGC",-19.9787411463544,76.0098571600742,-14.8032425430444,21.6795542084181,76.5732425840399,63.1464851680798,1.10211407724476,-0.74016212715222,1.0839777104209
"NGC",-19.9786122787517,76.0121166566106,-14.7955956844324,21.6946509526151,76.5634634453538,63.1269268907077,1.1017727209086,-0.739779784221618,1.08473254763075
"NGC",-19.9784827175457,76.01438488596,-14.7879423800947,21.7097476357713,76.5536843066678,63.1073686133356,1.10143136457243,-0.739397119004736,1.08548738178857
"NGC",-19.9783524594586,76.0166618762273,-14.780282624078,21.7248442653052,76.5439051679817,63.0878103359634,1.10109000823627,-0.739014131203899,1.08624221326526
"NGC",-19.9782215011993,76.0189476555909,-14.7726164104024,21.7399408486626,76.5341260292957,63.0682520585913,1.10074865190011,-0.738630820520118,1.08699704243313
"NGC",-19.9780898394631,76.0212422523032,-14.7649437330617,21.7550373933173,76.5243468906096,63.0486937812192,1.10040729556395,-0.738247186653087,1.08775186966586
"NGC",-19.9779574709318,76.023545694691,-14.7572645860236,21.7701339067708,76.5145677519235,63.0291355038471,1.10006593922779,-0.737863229301179,1.08850669533854
"NGC",-19.9778243922737,76.0258580111553,-14.7495789632288,21.7852303965526,76.5047886132375,63.009577226475,1.09972458289162,-0.737478948161442,1.08926151982763
"NGC",-19.9776906001433,76.0281792301716,-14.7418868585918,21.8003268702198,76.4950094745514,62.9900189491028,1.09938322655546,-0.737094342929591,1.09001634351099
"NGC",-19.9775560911816,76.0305093802898,-14.7341882660002,21.8154233353577,76.4852303358654,62.9704606717307,1.0990418702193,-0.73670941330001,1.09077116676789
"NGC",-19.9774208620155,76.032848490135,-14.7264831793148,21.8305197995797,76.4754511971793,62.9509023943586,1.09870051388314,-0.736324158965742,1.09152598997899
"NGC",-19.9772849092585,76.0351965884069,-14.7187715923697,21.8456162705272,76.4656720584932,62.9313441169865,1.09835915754698,-0.735938579618484,1.09228081352636
"NGC",-19.9771482295102,76.0375537038806,-14.7110534989717,21.8607127558696,76.4558929198072,62.9117858396144,1.09801780121082,-0.735552674948587,1.09303563779348
"NGC",-19.977010819356,76.0399198654063,-14.703328892901,21.875809263305,76.4461137811211,62.8922275622422,1.09767644487465,-0.735166444645049,1.09379046316525
"NGC",-19.9768726753678,76.0422951019097,-14.6955977679102,21.8909058005592,76.4363346424351,62.8726692848701,1.09733508853849,-0.734779888395508,1.09454529002796
"NGC",-19.9767337941032,76.0446794423922,-14.6878601177249,21.906002375387,76.426555503749,62.853111007498,1.09699373220233,-0.734393005886243,1.09530011876935
"NGC",-19.9765941721059,76.0470729159306,-14.6801159360433,21.921098995571,76.416776365063,62.8335527301259,1.09665237586617,-0.734005796802165,1.09605494977855
"NGC",-19.9764538059056,76.0494755516781,-14.6723652165363,21.9361956689228,76.4069972263769,62.8139944527538,1.09631101953001,-0.733618260826813,1.09680978344614
"NGC",-19.9763126920176,76.0518873788637,-14.664607952847,21.9512924032823,76.3972180876908,62.7944361753816,1.09596966319385,-0.73323039764235,1.09756462016411
"NGC",-19.9761708269433,76.0543084267927,-14.6568441385912,21.966389206518,76.3874389490048,62.7748778980095,1.09562830685768,-0.73284220692956,1.0983194603259
"NGC",-19.9760282071698,76.0567387248468,-14.6490737673568,21.9814860865272,76.3776598103187,62.7553196206374,1.09528695052152,-0.73245368836784,1.09907430432636
"NGC",-19.9758848291698,76.0591783024843,-14.641296832704,21.9965830512359,76.3678806716326,62.7357613432653,1.09494559418536,-0.732064841635198,1.0998291525618
"NGC",-19.9757406894017,76.0616271892402,-14.633513328165,22.011680108599,76.3581015329466,62.7162030658932,1.0946042378492,-0.731675666408248,1.10058400542995
"NGC",-19.9755957843096,76.0640854147265,-14.625723247244,22.0267772666001,76.3483223942605,62.696644788521,1.09426288151304,-0.731286162362202,1.10133886333
"NGC",-19.9754501103232,76.0665530086322,-14.6179265834174,22.0418745332519,76.3385432555745,62.6770865111489,1.09392152517687,-0.730896329170871,1.10209372666259
"NGC",-19.9753036638577,76.0690300007234,-14.6101233301331,22.056971916596,76.3287641168884,62.6575282337768,1.09358016884071,-0.730506166506656,1.1028485958298
"NGC",-19.9751564413135,76.0715164208437,-14.6023134808109,22.0720694247032,76.3189849782023,62.6379699564047,1.09323881250455,-0.730115674040545,1.10360347123516
"NGC",-19.9750084390769,76.0740122989144,-14.5944970288422,22.0871670656733,76.3092058395163,62.6184116790326,1.09289745616839,-0.729724851442109,1.10435835328367
"NGC",-19.9748596535191,76.0765176649343,-14.5866739675899,22.1022648476355,76.2994267008302,62.5988534016605,1.09255609983223,-0.729333698379493,1.10511324238178
"NGC",-19.9747100809969,76.0790325489801,-14.5788442903883,22.1173627787481,76.2896475621442,62.5792951242883,1.09221474349607,-0.728942214519417,1.1058681389374
"NGC",-19.9745597178523,76.0815569812068,-14.5710079905434,22.1324608671987,76.2798684234581,62.5597368469162,1.0918733871599,-0.728550399527168,1.10662304335994
"NGC",-19.9744085604124,76.0840909918472,-14.5631650613319,22.1475591212046,76.270089284772,62.5401785695441,1.09153203082374,-0.728158253066596,1.10737795606023
"NGC",-19.9742566049897,76.0866346112129,-14.5553154960022,22.1626575490121,76.260310146086,62.520620292172,1.09119067448758,-0.727765774800108,1.10813287745061
"NGC",-19.9741038478816,76.0891878696939,-14.5474592877733,22.1777561588976,76.2505310073999,62.5010620147998,1.09084931815142,-0.727372964388665,1.10888780794488
"NGC",-19.9739502853705,76.0917507977587,-14.5395964298355,22.1928549591666,76.2407518687139,62.4815037374277,1.09050796181526,-0.726979821491776,1.10964274795833
"NGC",-19.9737959137241,76.094323425955,-14.5317269153499,22.2079539581546,76.2309727300278,62.4619454600556,1.09016660547909,-0.726586345767495,1.11039769790773
"NGC",-19.9736407291948,76.0969057849094,-14.5238507374482,22.2230531642267,76.2211935913417,62.4423871826835,1.08982524914293,-0.726192536872411,1.11115265821133
"NGC",-19.9734847280199,76.0994979053277,-14.515967889233,22.2381525857777,76.2114144526557,62.4228289053114,1.08948389280677,-0.725798394461652,1.11190762928889
"NGC",-19.9733279064217,76.1020998179952,-14.5080783637774,22.2532522312326,76.2016353139696,62.4032706279392,1.08914253647061,-0.725403918188869,1.11266261156163
"NGC",-19.9731702606073,76.1047115537767,-14.5001821541249,22.2683521090459,76.1918561752836,62.3837123505671,1.08880118013445,-0.725009107706243,1.1134176054523
"NGC",-19.9730117867683,76.1073331436165,-14.4922792532894,22.2834522277025,76.1820770365975,62.364154073195,1.08845982379829,-0.724613962664469,1.11417261138512
"NGC",-19.9728524810811,76.1099646185393,-14.4843696542552,22.2985525957171,76.1722978979114,62.3445957958229,1.08811846746212,-0.72421848271276,1.11492762978585
"NGC",-19.972692339707,76.1126060096493,-14.4764533499767,22.3136532216346,76.1625187592254,62.3250375184508,1.08777711112596,-0.723822667498837,1.11568266108173
"NGC",-19.9725313587915,76.1152573481314,-14.4685303333785,22.3287541140303,76.1527396205393,62.3054792410787,1.0874357547898,-0.723426516668923,1.11643770570151
"NGC",-19.9723695344648,76.1179186652505,-14.4606005973549,22.3438552815095,76.1429604818533,62.2859209637065,1.08709439845364,-0.723030029867744,1.11719276407547
"NGC",-19.9722068628416,76.1205899923524,-14.4526641347704,22.3589567327079,76.1331813431672,62.2663626863344,1.08675304211748,-0.722633206738519,1.1179478366354
"NGC",-19.9720433400209,76.1232713608635,-14.4447209384591,22.3740584762917,76.1234022044812,62.2468044089623,1.08641168578131,-0.722236046922955,1.11870292381459
"NGC",-19.9718789620862,76.125962802291,-14.4367710012249,22.3891605209576,76.1136230657951,62.2272461315902,1.08607032944515,-0.721838550061246,1.11945802604788
"NGC",-19.9717137251053,76.1286643482235,-14.4288143158412,22.4042628754327,76.103843927109,62.2076878542181,1.08572897310899,-0.721440715792062,1.12021314377163
"NGC",-19.9715476251302,76.1313760303305,-14.420850875051,22.4193655484748,76.094064788423,62.1881295768459,1.08538761677283,-0.721042543752551,1.12096827742374
"NGC",-19.9713806581971,76.1340978803633,-14.4128806715666,22.4344685488723,76.0842856497369,62.1685712994738,1.08504626043667,-0.720644033578328,1.12172342744361
"NGC",-19.9712128203264,76.1368299301543,-14.4049036980695,22.4495718854444,76.0745065110509,62.1490130221017,1.08470490410051,-0.720245184903473,1.12247859427222
"NGC",-19.9710441075224,76.1395722116181,-14.3969199472105,22.4646755670412,76.0647273723648,62.1294547447296,1.08436354776434,-0.719845997360525,1.12323377835206
"NGC",-19.9708745157738,76.1423247567511,-14.3889294116095,22.4797796025436,76.0549482336787,62.1098964673575,1.08402219142818,-0.719446470580477,1.12398898012718
"NGC",-19.970704041053,76.1450875976319,-14.3809320838554,22.4948840008633,76.0451690949927,62.0903381899853,1.08368083509202,-0.719046604192772,1.12474420004316
"NGC",-19.9705326793165,76.1478607664212,-14.3729279565059,22.5099887709433,76.0353899563066,62.0707799126132,1.08333947875586,-0.718646397825295,1.12549943854716
"NGC",-19.9703604265044,76.1506442953623,-14.3649170220874,22.5250939217575,76.0256108176205,62.0512216352411,1.0829981224197,-0.718245851104372,1.12625469608787
"NGC",-19.9701872785409,76.1534382167812,-14.3568992730952,22.540199462311,76.0158316789345,62.031663357869,1.08265676608354,-0.717844963654761,1.12700997311555
"NGC",-19.9700132313339,76.1562425630865,-14.348874701993,22.5553054016402,76.0060525402484,62.0121050804969,1.08231540974737,-0.717443735099648,1.12776527008201
"NGC",-19.9698382807749,76.15905736677,-14.3408433012129,22.5704117488126,75.9962734015624,61.9925468031247,1.08197405341121,-0.717042165060645,1.12852058744063
"NGC",-19.9696624227392,76.1618826604066,-14.3328050631556,22.5855185129272,75.9864942628763,61.9729885257526,1.08163269707505,-0.716640253157779,1.12927592564636
"NGC",-19.9694856530854,76.1647184766545,-14.3247599801898,22.6006257031146,75.9767151241902,61.9534302483805,1.08129134073889,-0.716237999009492,1.13003128515573
"NGC",-19.9693079676561,76.1675648482553,-14.3167080446527,22.6157333285365,75.9669359855042,61.9338719710084,1.08094998440273,-0.715835402232634,1.13078666642682
"NGC",-19.969129362277,76.1704218080347,-14.3086492488491,22.6308413983864,75.9571568468181,61.9143136936363,1.08060862806656,-0.715432462442454,1.13154206991932
"NGC",-19.9689498327573,76.1732893889017,-14.3005835850521,22.6459499218896,75.9473777081321,61.8947554162641,1.0802672717304,-0.715029179252604,1.13229749609448
"NGC",-19.9687693748897,76.1761676238498,-14.2925110455024,22.6610589083028,75.937598569446,61.875197138892,1.07992591539424,-0.714625552275122,1.13305294541514
"NGC",-19.96858798445,76.1790565459565,-14.2844316224088,22.6761683669146,75.92781943076,61.8556388615199,1.07958455905808,-0.714221581120439,1.13380841834573
"NGC",-19.9684056571975,76.1819561883838,-14.2763453079472,22.6912783070455,75.9180402920739,61.8360805841478,1.07924320272192,-0.713817265397361,1.13456391535228
"NGC",-19.9682223888745,76.1848665843781,-14.2682520942615,22.7063887380479,75.9082611533878,61.8165223067757,1.07890184638576,-0.713412604713075,1.13531943690239
"NGC",-19.9680381752064,76.1877877672708,-14.2601519734627,22.7214996693061,75.8984820147018,61.7969640294035,1.07856049004959,-0.713007598673137,1.1360749834653
"NGC",-19.9678530119019,76.190719770478,-14.2520449376294,22.7366111102366,75.8887028760157,61.7774057520314,1.07821913371343,-0.712602246881468,1.13683055551183
"NGC",-19.9676668946526,76.1936626275011,-14.243930978807,22.7517230702878,75.8789237373296,61.7578474746593,1.07787777737727,-0.712196548940351,1.13758615351439
"NGC",-19.9674798191329,76.1966163719266,-14.2358100890085,22.7668355589406,75.8691445986436,61.7382891972872,1.07753642104111,-0.711790504450423,1.13834177794703
"NGC",-19.9672917810003,76.1995810374267,-14.2276822602134,22.781948585708,75.8593654599575,61.7187309199151,1.07719506470495,-0.711384113010669,1.1390974292854
"NGC",-19.9671027758953,76.2025566577589,-14.2195474843684,22.7970621601354,75.8495863212715,61.699172642543,1.07685370836878,-0.710977374218421,1.13985310800677
"NGC",-19.9669127994407,76.2055432667669,-14.2114057533869,22.8121762918003,75.8398071825854,61.6796143651708,1.07651235203262,-0.710570287669347,1.14060881459002
"NGC",-19.9667218472424,76.2085408983803,-14.203257059149,22.8272909903133,75.8300280438993,61.6600560877987,1.07617099569646,-0.71016285295745,1.14136454951566
"NGC",-19.966529914889,76.2115495866146,-14.1951013935012,22.8424062653169,75.8202489052133,61.6404978104266,1.0758296393603,-0.709755069675061,1.14212031326585
"NGC",-19.9663369979514,76.2145693655721,-14.1869387482566,22.8575221264867,75.8104697665272,61.6209395330545,1.07548828302414,-0.709346937412832,1.14287610632434
"NGC",-19.9661430919834,76.2176002694414,-14.1787691151947,22.8726385835308,75.8006906278412,61.6013812556823,1.07514692668798,-0.708938455759734,1.14363192917654
"NGC",-19.9659481925209,76.2206423324977,-14.1705924860609,22.88775564619,75.7909114891551,61.5818229783102,1.07480557035181,-0.708529624303047,1.1443877823095
"NGC",-19.9657522950827,76.2236955891036,-14.1624088525672,22.902873324238,75.781132350469,61.5622647009381,1.07446421401565,-0.70812044262836,1.1451436662119
"NGC",-19.9655553951695,76.2267600737082,-14.1542182063912,22.9179916274814,75.771353211783,61.542706423566,1.07412285767949,-0.70771091031956,1.14589958137407
"NGC",-19.9653574882647,76.2298358208484,-14.1460205391766,22.9331105657599,75.7615740730969,61.5231481461939,1.07378150134333,-0.70730102695883,1.146655528288
"NGC",-19.9651585698336,76.2329228651481,-14.1378158425329,22.9482301489461,75.7517949344109,61.5035898688218,1.07344014500717,-0.706890792126644,1.14741150744731
"NGC",-19.964958635324,76.2360212413192,-14.1296041080351,22.9633503869458,75.7420157957248,61.4840315914496,1.073098788671,-0.706480205401757,1.14816751934729
"NGC",-19.9647576801656,76.2391309841613,-14.1213853272241,22.9784712896978,75.7322366570388,61.4644733140775,1.07275743233484,-0.706069266361205,1.14892356448489
"NGC",-19.9645556997702,76.2422521285619,-14.1131594916059,22.9935928671745,75.7224575183527,61.4449150367054,1.07241607599868,-0.705657974580296,1.14967964335872
"NGC",-19.9643526895319,76.2453847094968,-14.1049265926521,23.0087151293813,75.7126783796666,61.4253567593333,1.07207471966252,-0.705246329632605,1.15043575646907
"NGC",-19.9641486448262,76.2485287620303,-14.0966866217994,23.0238380863573,75.7028992409806,61.4057984819612,1.07173336332636,-0.704834331089969,1.15119190431787
"NGC",-19.9639435610109,76.251684321315,-14.0884395704496,23.0389617481749,75.6931201022945,61.386240204589,1.0713920069902,-0.704421978522481,1.15194808740875
"NGC",-19.9637374334256,76.2548514225925,-14.0801854299697,23.0540861249402,75.6833409636085,61.3666819272169,1.07105065065403,-0.704009271498483,1.15270430624701
"NGC",-19.9635302573915,76.2580301011931,-14.0719241916913,23.0692112267926,75.6735618249224,61.3471236498448,1.07070929431787,-0.703596209584566,1.15346056133963
"NGC",-19.9633220282114,76.2612203925364,-14.0636558469111,23.0843370639056,75.6637826862363,61.3275653724727,1.07036793798171,-0.703182792345554,1.15421685319528
"NGC",-19.9631127411701,76.2644223321312,-14.0553803868902,23.0994636464863,75.6540035475503,61.3080070951005,1.07002658164555,-0.70276901934451,1.15497318232431
"NGC",-19.9629023915337,76.267635955576,-14.0470978028545,23.1145909847755,75.6442244088642,61.2884488177284,1.06968522530939,-0.702354890142723,1.15572954923878
"NGC",-19.9626909745498,76.2708612985587,-14.038808085994,23.1297190890482,75.6344452701782,61.2688905403563,1.06934386897323,-0.701940404299701,1.15648595445241
"NGC",-19.9624784854476,76.2740983968572,-14.0305112274635,23.1448479696132,75.6246661314921,61.2493322629842,1.06900251263706,-0.701525561373173,1.15724239848066
"NGC",-19.9622649194375,76.2773472863394,-14.0222072183815,23.1599776368134,75.614886992806,61.2297739856121,1.0686611563009,-0.701110360919075,1.15799888184067
"NGC",-19.9620502717115,76.2806080029636,-14.013896049831,23.1751081010258,75.60510785412,61.21021570824,1.06831979996474,-0.70069480249155,1.15875540505129
"NGC",-19.9618345374425,76.2838805827784,-14.0055777128588,23.1902393726618,75.5953287154339,61.1906574308678,1.06797844362858,-0.700278885642939,1.15951196863309
"NGC",-19.9616177117848,76.2871650619229,-13.9972521984756,23.2053714621668,75.5855495767479,61.1710991534957,1.06763708729242,-0.699862609923777,1.16026857310834
"NGC",-19.9613997898739,76.2904614766274,-13.9889194976557,23.2205043800207,75.5757704380618,61.1515408761236,1.06729573095625,-0.699445974882787,1.16102521900104
"NGC",-19.9611807668262,76.2937698632127,-13.9805796013374,23.2356381367379,75.5659912993757,61.1319825987515,1.06695437462009,-0.699028980066872,1.1617819068369
"NGC",-19.9609606377392,76.2970902580912,-13.9722325004222,23.2507727428672,75.5562121606897,61.1124243213794,1.06661301828393,-0.698611625021111,1.16253863714336
"NGC",-19.9607393976912,76.3004226977664,-13.9638781857751,23.2659082089919,75.5464330220036,61.0928660440072,1.06627166194777,-0.698193909288754,1.1632954104496
"NGC",-19.9605170417417,76.3037672188336,-13.9555166482243,23.2810445457302,75.5366538833176,61.0733077666351,1.06593030561161,-0.697775832411216,1.16405222728651
"NGC",-19.9602935649305,76.3071238579797,-13.9471478785614,23.2961817637348,75.5268747446315,61.053749489263,1.06558894927545,-0.697357393928069,1.16480908818674
"NGC",-19.9600689622787,76.3104926519836,-13.9387718675407,23.3113198736933,75.5170956059454,61.0341912118909,1.06524759293928,-0.696938593377035,1.16556599368467
"NGC",-19.9598432287876,76.3138736377164,-13.9303886058798,23.3264588863282,75.5073164672594,61.0146329345188,1.06490623660312,-0.696519430293988,1.16632294431641
"NGC",-19.9596163594395,76.3172668521414,-13.9219980842588,23.3415988123968,75.4975373285733,60.9950746571466,1.06456488026696,-0.696099904212938,1.16707994061984
"NGC",-19.9593883491969,76.3206723323144,-13.9136002933206,23.3567396626916,75.4877581898873,60.9755163797745,1.0642235239308,-0.695680014666031,1.16783698313458
"NGC",-19.9591591930031,76.3240901153843,-13.9051952236709,23.3718814480401,75.4779790512012,60.9559581024024,1.06388216759464,-0.695259761183543,1.16859407240201
"NGC",-19.9589288857817,76.3275202385923,-13.8967828658774,23.387024179305,75.4681999125151,60.9363998250303,1.06354081125847,-0.69483914329387,1.16935120896525
"NGC",-19.9586974224364,76.3309627392733,-13.8883632104705,23.4021678673842,75.4584207738291,60.9168415476582,1.06319945492231,-0.694418160523527,1.17010839336921
"NGC",-19.9584647978516,76.3344176548551,-13.8799362479428,23.417312523211,75.448641635143,60.897283270286,1.06285809858615,-0.693996812397139,1.17086562616055
"NGC",-19.9582310068917,76.3378850228592,-13.8715019687487,23.4324581577541,75.438862496457,60.8777249929139,1.06251674224999,-0.693575098437434,1.1716229078877
"NGC",-19.9579960444012,76.3413648809007,-13.8630603633049,23.4476047820175,75.4290833577709,60.8581667155418,1.06217538591383,-0.693153018165243,1.17238023910088
"NGC",-19.9577599052048,76.3448572666886,-13.8546114219897,23.462752407041,75.4193042190848,60.8386084381697,1.06183402957767,-0.692730571099485,1.17313762035205
"NGC",-19.9575225841071,76.3483622180259,-13.8461551351434,23.4779010438999,75.4095250803988,60.8190501607976,1.0614926732415,-0.692307756757168,1.173895052195
"NGC",-19.9572840758929,76.35187977281,-13.8376914930676,23.4930507037051,75.3997459417127,60.7994918834254,1.06115131690534,-0.691884574653379,1.17465253518526
"NGC",-19.9570443753266,76.3554099690327,-13.8292204860256,23.5082013976035,75.3899668030267,60.7799336060533,1.06080996056918,-0.691461024301281,1.17541006988018
"NGC",-19.9568034771525,76.3589528447805,-13.8207421042421,23.5233531367776,75.3801876643406,60.7603753286812,1.06046860423302,-0.691037105212104,1.17616765683888
"NGC",-19.9565613760948,76.3625084382347,-13.8122563379028,23.5385059324461,75.3704085256545,60.7408170513091,1.06012724789686,-0.69061281689514,1.1769252966223
"NGC",-19.9563180668571,76.3660767876717,-13.8037631771548,23.5536597958634,75.3606293869685,60.721258773937,1.0597858915607,-0.690188158857739,1.17768298979317
"NGC",-19.9560735441229,76.3696579314633,-13.795262612106,23.5688147383202,75.3508502482824,60.7017004965648,1.05944453522453,-0.689763130605298,1.17844073691601
"NGC",-19.955827802555,76.3732519080764,-13.7867546328252,23.5839707711432,75.3410711095964,60.6821422191927,1.05910317888837,-0.68933773164126,1.17919853855716
"NGC",-19.9555808367958,76.3768587560738,-13.7782392293421,23.5991279056956,75.3312919709103,60.6625839418206,1.05876182255221,-0.688911961467104,1.17995639528478
"NGC",-19.9553326414672,76.3804785141141,-13.7697163916468,23.6142861533765,75.3215128322242,60.6430256644485,1.05842046621605,-0.688485819582339,1.18071430766883
"NGC",-19.9550832111702,76.384111220952,-13.7611861096901,23.6294455256218,75.3117336935382,60.6234673870764,1.05807910987989,-0.688059305484503,1.18147227628109
"NGC",-19.9548325404852,76.3877569154383,-13.752648373383,23.6446060339035,75.3019545548521,60.6039091097042,1.05773775354372,-0.687632418669149,1.18223030169517
"NGC",-19.9545806239719,76.3914156365205,-13.7441031725969,23.6597676897303,75.2921754161661,60.5843508323321,1.05739639720756,-0.687205158629844,1.18298838448652
"NGC",-19.9543274561689,76.3950874232424,-13.7355504971632,23.6749305046477,75.28239627748,60.56479255496,1.0570550408714,-0.686777524858161,1.18374652523238
"NGC",-19.954073031594,76.3987723147449,-13.7269903368735,23.6900944902375,75.272617138794,60.5452342775879,1.05671368453524,-0.686349516843674,1.18450472451187
"NGC",-19.953817344744,76.4024703502659,-13.718422681479,23.7052596581185,75.2628380001079,60.5256760002158,1.05637232819908,-0.685921134073948,1.18526298290593
"NGC",-19.9535603900946,76.4061815691405,-13.7098475206907,23.7204260199465,75.2530588614218,60.5061177228436,1.05603097186292,-0.685492376034537,1.18602130099732
"NGC",-19.9533021621003,76.4099060108012,-13.7012648441795,23.7355935874137,75.2432797227358,60.4865594454715,1.05568961552675,-0.685063242208977,1.18677967937069
"NGC",-19.9530426551945,76.4136437147783,-13.6926746415755,23.75076237225,75.2335005840497,60.4670011680994,1.05534825919059,-0.684633732078776,1.1875381186125
"NGC",-19.9527818637891,76.4173947206999,-13.6840769024683,23.7659323862217,75.2237214453637,60.4474428907273,1.05500690285443,-0.684203845123413,1.18829661931109
"NGC",-19.9525197822748,76.421159068292,-13.6754716164065,23.7811036411328,75.2139423066776,60.4278846133552,1.05466554651827,-0.683773580820326,1.18905518205664
"NGC",-19.9522564050208,76.424936797379,-13.6668587728982,23.7962761488241,75.2041631679915,60.408326335983,1.05432419018211,-0.683342938644911,1.18981380744121
"NGC",-19.9519917263749,76.4287279478838,-13.6582383614102,23.8114499211741,75.1943840293055,60.3887680586109,1.05398283384594,-0.68291191807051,1.1905724960587
"NGC",-19.9517257406632,76.4325325598278,-13.6496103713682,23.8266249700983,75.1846048906194,60.3692097812388,1.05364147750978,-0.682480518568412,1.19133124850492
"NGC",-19.9514584421901,76.4363506733316,-13.6409747921567,23.84180130755,75.1748257519334,60.3496515038667,1.05330012117362,-0.682048739607837,1.1920900653775
"NGC",-19.9511898252384,76.4401823286143,-13.6323316131187,23.8569789455199,75.1650466132473,60.3300932264946,1.05295876483746,-0.681616580655937,1.192848947276
"NGC",-19.9509198840691,76.4440275659949,-13.6236808235558,23.8721578960363,75.1552674745612,60.3105349491225,1.0526174085013,-0.681184041177788,1.19360789480182
"NGC",-19.9506486129213,76.4478864258914,-13.6150224127276,23.8873381711652,75.1454883358752,60.2909766717503,1.05227605216514,-0.680751120636381,1.19436690855826
"NGC",-19.9503760060121,76.4517589488217,-13.6063563698524,23.9025197830105,75.1357091971891,60.2714183943782,1.05193469582897,-0.680317818492619,1.19512598915052
"NGC",-19.9501020575368,76.4556451754037,-13.5976826841061,23.9177027437138,75.125930058503,60.2518601170061,1.05159333949281,-0.679884134205305,1.19588513718569
"NGC",-19.9498267616682,76.4595451463551,-13.5890013446229,23.9328870654546,75.116150919817,60.232301839634,1.05125198315665,-0.679450067231143,1.19664435327273
"NGC",-19.9495501125575,76.4634589024942,-13.5803123404945,23.9480727604507,75.1063717811309,60.2127435622619,1.05091062682049,-0.679015617024724,1.19740363802254
"NGC",-19.9492721043331,76.4673864847396,-13.5716156607705,23.9632598409578,75.0965926424449,60.1931852848897,1.05056927048433,-0.678580783038525,1.19816299204789
"NGC",-19.9489927311016,76.4713279341107,-13.562911294458,23.9784483192697,75.0868135037588,60.1736270075176,1.05022791414817,-0.6781455647229,1.19892241596349
"NGC",-19.9487119869468,76.4752832917279,-13.5541992305214,23.9936382077186,75.0770343650727,60.1540687301455,1.049886557812,-0.677709961526071,1.19968191038593
"NGC",-19.9484298659302,76.4792525988125,-13.5454794578825,24.008829518675,75.0672552263867,60.1345104527734,1.04954520147584,-0.677273972894127,1.20044147593375
"NGC",-19.948146362091,76.4832358966875,-13.5367519654203,24.0240222645477,75.0574760877006,60.1149521754013,1.04920384513968,-0.676837598271013,1.20120111322739
"NGC",-19.9478614694454,76.4872332267771,-13.5280167419705,24.0392164577842,75.0476969490146,60.0953938980291,1.04886248880352,-0.676400837098524,1.20196082288921
"NGC",-19.9475751819872,76.4912446306075,-13.519273776326,24.0544121108703,75.0379178103285,60.075835620657,1.04852113246736,-0.6759636888163,1.20272060554352
"NGC",-19.9472874936874,76.4952701498067,-13.5105230572363,24.0696092363308,75.0281386716425,60.0562773432849,1.04817977613119,-0.675526152861817,1.20348046181654
"NGC",-19.946998398494,76.499309826105,-13.5017645734076,24.0848078467289,75.0183595329564,60.0367190659128,1.04783841979503,-0.675088228670381,1.20424039233644
"NGC",-19.9467078903323,76.5033637013351,-13.4929983135025,24.1000079546668,75.0085803942703,60.0171607885407,1.04749706345887,-0.674649915675123,1.20500039773334
"NGC",-19.9464159631046,76.5074318174321,-13.4842242661398,24.1152095727855,74.9988012555843,59.9976025111685,1.04715570712271,-0.674211213306991,1.20576047863927
"NGC",-19.9461226106899,76.5115142164342,-13.4754424198948,24.130412713765,74.9890221168982,59.9780442337964,1.04681435078655,-0.673772120994741,1.20652063568825
"NGC",-19.9458278269445,76.5156109404824,-13.4666527632987,24.1456173903245,74.9792429782122,59.9584859564243,1.04647299445039,-0.673332638164933,1.20728086951622
"NGC",-19.945531605701,76.5197220318211,-13.4578552848385,24.160823615222,74.9694638395261,59.9389276790522,1.04613163811422,-0.672892764241925,1.2080411807611
"NGC",-19.9452339407691,76.523847532798,-13.4490499729573,24.1760314012551,74.95968470084,59.9193694016801,1.04579028177806,-0.672452498647863,1.20880157006275
"NGC",-19.9449348259351,76.5279874858646,-13.4402368160535,24.1912407612603,74.949905562154,59.8998111243079,1.0454489254419,-0.672011840802676,1.20956203806302
"NGC",-19.9446342549615,76.532141933576,-13.4314158024814,24.2064517081139,74.9401264234679,59.8802528469358,1.04510756910574,-0.671570790124069,1.21032258540569
"NGC",-19.9443322215877,76.5363109185918,-13.4225869205503,24.2216642547313,74.9303472847818,59.8606945695637,1.04476621276958,-0.671129346027516,1.21108321273656
"NGC",-19.9440287195293,76.5404944836756,-13.413750158525,24.2368784140675,74.9205681460958,59.8411362921916,1.04442485643341,-0.670687507926252,1.21184392070338
"NGC",-19.9437237424782,76.5446926716956,-13.4049055046254,24.2520941991174,74.9107890074097,59.8215780148195,1.04408350009725,-0.670245275231269,1.21260470995587
"NGC",-19.9434172841028,76.5489055256247,-13.3960529470261,24.2673116229153,74.9010098687237,59.8020197374473,1.04374214376109,-0.669802647351305,1.21336558114576
"NGC",-19.9431093380474,76.5531330885408,-13.3871924738568,24.2825306985353,74.8912307300376,59.7824614600752,1.04340078742493,-0.669359623692842,1.21412653492676
"NGC",-19.9427998979324,76.5573754036269,-13.3783240732018,24.2977514390915,74.8814515913515,59.7629031827031,1.04305943108877,-0.668916203660092,1.21488757195457
"NGC",-19.9424889573544,76.5616325141714,-13.3694477331,24.3129738577378,74.8716724526655,59.743344905331,1.04271807475261,-0.668472386654999,1.21564869288689
"NGC",-19.9421765098857,76.5659044635684,-13.3605634415445,24.3281979676684,74.8618933139794,59.7237866279589,1.04237671841644,-0.668028172077223,1.21640989838342
"NGC",-19.9418625490748,76.5701912953176,-13.3516711864828,24.3434237821172,74.8521141752934,59.7042283505867,1.04203536208028,-0.667583559324138,1.21717118910586
"NGC",-19.9415470684456,76.5744930530248,-13.3427709558166,24.3586513143586,74.8423350366073,59.6846700732146,1.04169400574412,-0.667138547790828,1.21793256571793
"NGC",-19.941230061498,76.5788097804021,-13.3338627374014,24.3738805777071,74.8325558979213,59.6651117958425,1.04135264940796,-0.666693136870069,1.21869402888536
"NGC",-19.9409115217072,76.583141521268,-13.3249465190467,24.3891115855178,74.8227767592352,59.6455535184704,1.0410112930718,-0.666247325952336,1.21945557927589
"NGC",-19.9405914425242,76.5874883195478,-13.3160222885157,24.4043443511859,74.8129976205491,59.6259952410983,1.04066993673563,-0.665801114425783,1.22021721755929
"NGC",-19.9402698173754,76.5918502192736,-13.3070900335249,24.4195788881473,74.8032184818631,59.6064369637261,1.04032858039947,-0.665354501676245,1.22097894440737
"NGC",-19.9399466396626,76.5962272645844,-13.2981497417445,24.4348152098786,74.793439343177,59.586878686354,1.03998722406331,-0.664907487087227,1.22174076049393
"NGC",-19.9396219027627,76.6006194997271,-13.2892014007979,24.4500533298968,74.783660204491,59.5673204089819,1.03964586772715,-0.664460070039895,1.22250266649484
"NGC",-19.9392956000281,76.6050269690555,-13.2802449982615,24.46529326176,74.7738810658049,59.5477621316098,1.03930451139099,-0.664012249913075,1.223264663088
"NGC",-19.9389677247862,76.6094497170317,-13.2712805216648,24.4805350190669,74.7641019271188,59.5282038542377,1.03896315505483,-0.663564026083239,1.22402675095335
"NGC",-19.9386382703393,76.6138877882254,-13.26230795849,24.4957786154572,74.7543227884328,59.5086455768656,1.03862179871866,-0.6631153979245,1.22478893077286
"NGC",-19.9383072299649,76.6183412273148,-13.2533272961722,24.5110240646118,74.7445436497467,59.4890872994934,1.0382804423825,-0.66266636480861,1.22555120323059
"NGC",-19.9379745969153,76.6228100790864,-13.2443385220988,24.5262713802523,74.7347645110606,59.4695290221213,1.03793908604634,-0.662216926104941,1.22631356901262
"NGC",-19.9376403644176,76.6272943884354,-13.2353416236099,24.5415205761419,74.7249853723746,59.4499707447492,1.03759772971018,-0.661767081180493,1.22707602880709
"NGC",-19.9373045256737,76.6317942003659,-13.2263365879974,24.5567716660848,74.7152062336885,59.4304124673771,1.03725637337402,-0.661316829399871,1.22783858330424
"NGC",-19.93696707386,76.6363095599911,-13.2173234025058,24.5720246639266,74.7054270950025,59.410854190005,1.03691501703786,-0.660866170125292,1.22860123319633
"NGC",-19.9366280021275,76.6408405125334,-13.2083020543313,24.5872795835545,74.6956479563164,59.3912959126328,1.03657366070169,-0.660415102716565,1.22936397917773
"NGC",-19.9362873036018,76.6453871033249,-13.1992725306219,24.602536438897,74.6858688176304,59.3717376352607,1.03623230436553,-0.659963626531093,1.23012682194485
"NGC",-19.9359449713828,76.6499493778075,-13.1902348184772,24.6177952439244,74.6760896789443,59.3521793578886,1.03589094802937,-0.659511740923862,1.23088976219622
"NGC",-19.9356009985447,76.654527381533,-13.1811889049487,24.6330560126484,74.6663105402582,59.3326210805165,1.03554959169321,-0.659059445247433,1.23165280063242
"NGC",-19.9352553781359,76.6591211601634,-13.1721347770387,24.6483187591228,74.6565314015722,59.3130628031443,1.03520823535705,-0.658606738851935,1.23241593795614
"NGC",-19.9349081031789,76.6637307594713,-13.1630724217012,24.663583497443,74.6467522628861,59.2935045257722,1.03486687902088,-0.65815362108506,1.23317917487215
"NGC",-19.9345591666705,76.6683562253398,-13.154001825841,24.6788502417465,74.6369731242,59.2739462484001,1.03452552268472,-0.65770009129205,1.23394251208732
"NGC",-19.9342085615812,76.672997603763,-13.1449229763139,24.6941190062127,74.627193985514,59.254387971028,1.03418416634856,-0.657246148815696,1.23470595031064
"NGC",-19.9338562808555,76.6776549408462,-13.1358358599265,24.7093898050633,74.6174148468279,59.2348296936559,1.0338428100124,-0.656791792996327,1.23546949025317
"NGC",-19.9335023174116,76.6823282828058,-13.126740463436,24.724662652562,74.6076357081419,59.2152714162838,1.03350145367624,-0.656337023171801,1.2362331326281
"NGC",-19.9331466641417,76.68701767597,-13.1176367735501,24.7399375630148,74.5978565694558,59.1957131389116,1.03316009734008,-0.655881838677503,1.23699687815074
"NGC",-19.9327893139113,76.6917231667789,-13.1085247769266,24.7552145507702,74.5880774307698,59.1761548615395,1.03281874100391,-0.65542623884633,1.23776072753851
"NGC",-19.9324302595596,76.6964448017843,-13.0994044601738,24.7704936302189,74.5782982920837,59.1565965841674,1.03247738466775,-0.65497022300869,1.23852468151095
"NGC",-19.9320694938992,76.7011826276505,-13.0902758098498,24.7857748157945,74.5685191533976,59.1370383067953,1.03213602833159,-0.654513790492492,1.23928874078973
"NGC",-19.9317070097162,76.7059366911543,-13.0811388124627,24.8010581219729,74.5587400147116,59.1174800294232,1.03179467199543,-0.654056940623136,1.24005290609864
"NGC",-19.9313427997698,76.7107070391851,-13.0719934544702,24.8163435632728,74.5489608760255,59.097921752051,1.03145331565927,-0.653599672723509,1.24081717816364
"NGC",-19.9309768567926,76.7154937187454,-13.0628397222795,24.8316311542557,74.5391817373394,59.0783634746789,1.0311119593231,-0.653141986113976,1.24158155771279
"NGC",-19.9306091734902,76.7202967769507,-13.0536776022474,24.8469209095261,74.5294025986534,59.0588051973068,1.03077060298694,-0.652683880112371,1.2423460454763
"NGC",-19.9302397425411,76.7251162610302,-13.0445070806799,24.8622128437312,74.5196234599673,59.0392469199347,1.03042924665078,-0.652225354033993,1.24311064218656
"NGC",-19.9298685565969,76.7299522183263,-13.0353281438319,24.8775069715614,74.5098443212813,59.0196886425626,1.03008789031462,-0.651766407191593,1.24387534857807
"NGC",-19.9294956082822,76.7348046962958,-13.0261407779074,24.8928033077503,74.5000651825952,59.0001303651904,1.02974653397846,-0.65130703889537,1.24464016538752
"NGC",-19.9291208901939,76.7396737425093,-13.0169449690593,24.9081018670747,74.4902860439092,58.9805720878183,1.0294051776423,-0.650847248452963,1.24540509335373
"NGC",-19.9287443949021,76.7445594046517,-13.0077407033888,24.9234026643545,74.4805069052231,58.9610138104462,1.02906382130613,-0.650387035169442,1.24617013321773
"NGC",-19.9283661149491,76.7494617305225,-12.998527966946,24.9387057144532,74.470727766537,58.9414555330741,1.02872246496997,-0.649926398347302,1.24693528572266
"NGC",-19.9279860428499,76.7543807680363,-12.989306745729,24.9540110322778,74.460948627851,58.921897255702,1.02838110863381,-0.649465337286452,1.24770055161389
"NGC",-19.9276041710917,76.7593165652223,-12.9800770256842,24.9693186327788,74.4511694891649,58.9023389783299,1.02803975229765,-0.64900385128421,1.24846593163894
"NGC",-19.9272204921343,76.7642691702253,-12.9708387927059,24.9846285309502,74.4413903504789,58.8827807009577,1.02769839596149,-0.648541939635295,1.24923142654751
"NGC",-19.9268349984096,76.7692386313054,-12.9615920326364,24.9999407418299,74.4316112117928,58.8632224235856,1.02735703962533,-0.648079601631819,1.2499970370915
"NGC",-19.9264476823215,76.7742249968385,-12.9523367312655,25.0152552804998,74.4218320731067,58.8436641462135,1.02701568328916,-0.647616836563275,1.25076276402499
"NGC",-19.9260585362461,76.7792283153167,-12.9430728743307,25.0305721620854,74.4120529344207,58.8241058688414,1.026674326953,-0.647153643716537,1.25152860810427
"NGC",-19.9256675525315,76.784248635348,-12.9338004475169,25.0458914017563,74.4022737957346,58.8045475914693,1.02633297061684,-0.646690022375845,1.25229457008781
"NGC",-19.9252747234975,76.789286005657,-12.924519436456,25.0612130147263,74.3924946570486,58.7849893140971,1.02599161428068,-0.646225971822801,1.25306065073632
"NGC",-19.9248800414358,76.794340475085,-12.9152298267272,25.0765370162532,74.3827155183625,58.765431036725,1.02565025794452,-0.64576149133636,1.25382685081266
"NGC",-19.9244834986098,76.7994120925901,-12.9059316038564,25.0918634216393,74.3729363796764,58.7458727593529,1.02530890160835,-0.64529658019282,1.25459317108197
"NGC",-19.9240850872544,76.8045009072476,-12.8966247533164,25.107192246231,74.3631572409904,58.7263144819808,1.02496754527219,-0.644831237665818,1.25535961231155
"NGC",-19.923684799576,76.8096069682504,-12.8873092605264,25.1225235054193,74.3533781023043,58.7067562046087,1.02462618893603,-0.644365463026319,1.25612617527097
"NGC",-19.9232826277525,76.8147303249088,-12.8779851108522,25.1378572146397,74.3435989636183,58.6871979272365,1.02428483259987,-0.643899255542608,1.25689286073199
"NGC",-19.922878563933,76.819871026651,-12.8686522896057,25.1531933893723,74.3338198249322,58.6676396498644,1.02394347626371,-0.643432614480285,1.25765966946861
"NGC",-19.9224726002381,76.8250291230235,-12.859310782045,25.1685320451418,74.3240406862461,58.6480813724923,1.02360211992755,-0.64296553910225,1.25842660225709
"NGC",-19.9220647287591,76.830204663691,-12.8499605733741,25.1838731975179,74.3142615475601,58.6285230951202,1.02326076359138,-0.642498028668705,1.25919365987589
"NGC",-19.9216549415586,76.8353976984367,-12.8406016487427,25.199216862115,74.304482408874,58.6089648177481,1.02291940725522,-0.642030082437137,1.25996084310575
"NGC",-19.9212432306703,76.840608277163,-12.8312339932462,25.2145630545927,74.294703270188,58.5894065403759,1.02257805091906,-0.641561699662312,1.26072815272964
"NGC",-19.9208295880983,76.8458364498908,-12.8218575919255,25.2299117906554,74.2849241315019,58.5698482630038,1.0222366945829,-0.641092879596273,1.26149558953277
"NGC",-19.920414005818,76.851082266761,-12.8124724297664,25.2452630860527,74.2751449928158,58.5502899856317,1.02189533824674,-0.640623621488322,1.26226315430264
"NGC",-19.9199964757749,76.8563457780334,-12.8030784917004,25.2606169565796,74.2653658541298,58.5307317082596,1.02155398191057,-0.640153924585018,1.26303084782898
"NGC",-19.9195769898856,76.8616270340881,-12.7936757626034,25.2759734180763,74.2555867154437,58.5111734308875,1.02121262557441,-0.639683788130169,1.26379867090382
"NGC",-19.9191555400368,76.8669260854251,-12.7842642272964,25.2913324864285,74.2458075767577,58.4916151535153,1.02087126923825,-0.639213211364819,1.26456662432142
"NGC",-19.9187321180857,76.8722429826645,-12.7748438705449,25.3066941775671,74.2360284380716,58.4720568761432,1.02052991290209,-0.638742193527247,1.26533470887836
"NGC",-19.9183067158599,76.8775777765472,-12.765414677059,25.3220585074691,74.2262492993855,58.4524985987711,1.02018855656593,-0.63827073385295,1.26610292537345
"NGC",-19.917879325157,76.8829305179347,-12.7559766314928,25.3374254921567,74.2164701606995,58.432940321399,1.01984720022977,-0.637798831574642,1.26687127460784
"NGC",-19.9174499377448,76.8883012578095,-12.7465297184448,25.3527951476983,74.2066910220134,58.4133820440269,1.0195058438936,-0.637326485922242,1.26763975738492
"NGC",-19.9170185453611,76.8936900472756,-12.7370739224573,25.3681674902078,74.1969118833274,58.3938237666547,1.01916448755744,-0.636853696122867,1.26840837451039
"NGC",-19.9165851397136,76.8990969375582,-12.7276092280165,25.3835425358453,74.1871327446413,58.3742654892826,1.01882313122128,-0.636380461400824,1.26917712679227
"NGC",-19.9161497124797,76.9045219800046,-12.718135619552,25.3989203008168,74.1773536059552,58.3547072119105,1.01848177488512,-0.635906780977598,1.26994601504084
"NGC",-19.9157122553067,76.9099652260836,-12.708653081437,25.4143008013745,74.1675744672692,58.3351489345384,1.01814041854896,-0.635432654071848,1.27071504006873
"NGC",-19.9152727598114,76.9154267273869,-12.6991615979879,25.4296840538169,74.1577953285831,58.3155906571663,1.0177990622128,-0.634958079899397,1.27148420269084
"NGC",-19.91483121758,76.9209065356282,-12.6896611534645,25.4450700744885,74.1480161898971,58.2960323797941,1.01745770587663,-0.634483057673224,1.27225350372443
"NGC",-19.9143876201684,76.926404702644,-12.680151732069,25.4604588797806,74.138237051211,58.276474102422,1.01711634954047,-0.634007586603452,1.27302294398903
"NGC",-19.9139419591015,76.9319212803941,-12.6706333179469,25.4758504861308,74.128457912525,58.2569158250499,1.01677499320431,-0.633531665897346,1.27379252430654
"NGC",-19.9134942258738,76.9374563209612,-12.661105895186,25.4912449100233,74.1186787738389,58.2373575476778,1.01643363686815,-0.633055294759299,1.27456224550117
"NGC",-19.9130444119484,76.9430098765517,-12.6515694478165,25.506642167989,74.1088996351528,58.2177992703057,1.01609228053199,-0.632578472390825,1.27533210839945
"NGC",-19.912592508758,76.9485819994957,-12.642023959811,25.5220422766055,74.0991204964668,58.1982409929335,1.01575092419582,-0.632101197990551,1.27610211383028
"NGC",-19.9121385077038,76.9541727422471,-12.6324694150842,25.5374452524974,74.0893413577807,58.1786827155614,1.01540956785966,-0.631623470754208,1.27687226262487
"NGC",-19.911682400156,76.9597821573843,-12.6229057974925,25.5528511123361,74.0795622190947,58.1591244381893,1.0150682115235,-0.631145289874624,1.2776425556168
"NGC",-19.9112241774535,76.9654102976101,-12.6133330908342,25.5682598728401,74.0697830804086,58.1395661608172,1.01472685518734,-0.630666654541711,1.27841299364201
"NGC",-19.9107638309038,76.9710572157521,-12.6037512788492,25.5836715507751,74.0600039417225,58.1200078834451,1.01438549885118,-0.630187563942462,1.27918357753876
"NGC",-19.910301351783,76.9767229647627,-12.5941603452187,25.599086162954,74.0502248030365,58.1004496060729,1.01404414251502,-0.629708017260937,1.2799543081477
"NGC",-19.9098367313356,76.9824075977197,-12.5845602735652,25.6145037262369,74.0404456643504,58.0808913287008,1.01370278617885,-0.629228013678259,1.28072518631184
"NGC",-19.9093699607743,76.9881111678264,-12.574951047452,25.6299242575314,74.0306665256643,58.0613330513287,1.01336142984269,-0.628747552372602,1.28149621287657
"NGC",-19.9089010312801,76.9938337284118,-12.5653326503837,25.6453477737926,74.0208873869783,58.0417747739566,1.01302007350653,-0.628266632519183,1.28226738868963
"NGC",-19.9084299340023,76.999575332931,-12.5557050658051,25.6607742920233,74.0111082482922,58.0222164965845,1.01267871717037,-0.627785253290253,1.28303871460116
"NGC",-19.9079566600579,77.0053360349653,-12.5460682771018,25.6762038292737,74.0013291096062,58.0026582192123,1.01233736083421,-0.627303413855091,1.28381019146369
"NGC",-19.9074812005321,77.0111158882225,-12.5364222675998,25.6916364026421,73.9915499709201,57.9830999418402,1.01199600449804,-0.626821113379992,1.28458182013211
"NGC",-19.9070035464777,77.0169149465371,-12.5267670205651,25.7070720292745,73.981770832234,57.9635416644681,1.01165464816188,-0.626338351028257,1.28535360146372
"NGC",-19.9065236889154,77.0227332638708,-12.5171025192038,25.7225107263648,73.971991693548,57.943983387096,1.01131329182572,-0.625855125960188,1.28612553631824
"NGC",-19.9060416188333,77.0285708943124,-12.5074287466615,25.7379525111551,73.9622125548619,57.9244251097239,1.01097193548956,-0.625371437333077,1.28689762555776
"NGC",-19.9055573271873,77.0344278920784,-12.497745686024,25.7533974009357,73.9524334161759,57.9048668323517,1.0106305791534,-0.624887284301199,1.28766987004678
"NGC",-19.9050708049003,77.0403043115131,-12.488053320316,25.7688454130448,73.9426542774898,57.8853085549796,1.01028922281724,-0.624402666015798,1.28844227065224
"NGC",-19.904582042863,77.0462002070887,-12.4783516325017,25.7842965648694,73.9328751388038,57.8657502776075,1.00994786648107,-0.623917581625084,1.28921482824347
"NGC",-19.9040910319328,77.0521156334058,-12.4686406054844,25.7997508738445,73.9230960001177,57.8461920002354,1.00960651014491,-0.623432030274221,1.28998754369223
"NGC",-19.9035977629346,77.0580506451936,-12.4589202221064,25.815208357454,73.9133168614316,57.8266337228633,1.00926515380875,-0.622946011105319,1.2907604178727
"NGC",-19.90310222666,77.06400529731,-12.4491904651485,25.8306690332301,73.9035377227456,57.8070754454911,1.00892379747259,-0.622459523257423,1.29153345166151
"NGC",-19.9026044138676,77.0699796447421,-12.4394513173302,25.8461329187539,73.8937585840595,57.787517168119,1.00858244113643,-0.621972565866509,1.2923066459377
"NGC",-19.9021043152829,77.0759737426065,-12.4297027613093,25.8616000316553,73.8839794453735,57.7679588907469,1.00824108480026,-0.621485138065465,1.29308000158277
"NGC",-19.9016019215977,77.081987646149,-12.4199447796819,25.877070389613,73.8742003066874,57.7484006133748,1.0078997284641,-0.620997238984095,1.29385351948065
"NGC",-19.9010972234709,77.0880214107457,-12.410177354982,25.8925440103547,73.8644211680013,57.7288423360027,1.00755837212794,-0.620508867749101,1.29462720051773
"NGC",-19.9005902115273,77.0940750919025,-12.4004004696815,25.9080209116572,73.8546420293153,57.7092840586305,1.00721701579178,-0.620020023484073,1.29540104558286
"NGC",-19.9000808763585,77.1001487452559,-12.3906141061897,25.9235011113466,73.8448628906292,57.6897257812584,1.00687565945562,-0.619530705309487,1.29617505556733
"NGC",-19.8995692085222,77.1062424265729,-12.3808182468538,25.938984627298,73.8350837519432,57.6701675038863,1.00653430311946,-0.61904091234269,1.2969492313649
"NGC",-19.8990551985421,77.1123561917516,-12.3710128739578,25.9544714774363,73.8253046132571,57.6506092265142,1.00619294678329,-0.618550643697892,1.29772357387181
"NGC",-19.8985388369081,77.1184900968212,-12.3611979697232,25.9699616797353,73.815525474571,57.6310509491421,1.00585159044713,-0.618059898486159,1.29849808398677
"NGC",-19.8980201140759,77.1246441979423,-12.351373516308,25.9854552522189,73.805746335885,57.61149267177,1.00551023411097,-0.6175686758154,1.29927276261095
"NGC",-19.8974990204673,77.1308185514072,-12.3415394958072,26.0009522129603,73.7959671971989,57.5919343943978,1.00516887777481,-0.617076974790361,1.30004761064802
"NGC",-19.8969755464694,77.1370132136402,-12.3316958902523,26.0164525800826,73.7861880585129,57.5723761170257,1.00482752143865,-0.616584794512615,1.30082262900413
"NGC",-19.8964496824352,77.1432282411979,-12.321842681611,26.0319563717586,73.7764089198268,57.5528178396536,1.00448616510249,-0.61609213408055,1.30159781858793
"NGC",-19.8959214186831,77.1494636907693,-12.3119798517873,26.0474636062113,73.7666297811408,57.5332595622815,1.00414480876632,-0.615598992589364,1.30237318031056
"NGC",-19.8953907454969,77.1557196191763,-12.302107382621,26.0629743017134,73.7568506424547,57.5137012849093,1.00380345243016,-0.615105369131052,1.30314871508567
"NGC",-19.8948576531256,77.1619960833737,-12.292225255888,26.078488476588,73.7470715037686,57.4941430075372,1.003462096094,-0.6146112627944,1.3039244238294
"NGC",-19.8943221317834,77.1682931404496,-12.2823334532994,26.0940061492082,73.7372923650826,57.4745847301651,1.00312073975784,-0.614116672664971,1.30470030746041
"NGC",-19.8937841716497,77.1746108476259,-12.272431956502,26.1095273379977,73.7275132263965,57.455026452793,1.00277938342168,-0.6136215978251,1.30547636689989
"NGC",-19.8932437628686,77.180949262258,-12.2625207470776,26.1250520614304,73.7177340877104,57.4354681754209,1.00243802708551,-0.613126037353882,1.30625260307152
"NGC",-19.8927008955493,77.1873084418357,-12.2525998065433,26.1405803380307,73.7079549490244,57.4159098980487,1.00209667074935,-0.612629990327163,1.30702901690154
"NGC",-19.8921555597654,77.1936884439831,-12.2426691163506,26.1561121863737,73.6981758103383,57.3963516206766,1.00175531441319,-0.612133455817532,1.30780560931869
"NGC",-19.8916077455554,77.2000893264587,-12.2327286578862,26.1716476250852,73.6883966716523,57.3767933433045,1.00141395807703,-0.611636432894308,1.30858238125426
"NGC",-19.8910574429222,77.2065111471564,-12.2227784124707,26.1871866728418,73.6786175329662,57.3572350659324,1.00107260174087,-0.611138920623534,1.30935933364209
"NGC",-19.8905046418331,77.2129539641048,-12.2128183613594,26.2027293483709,73.6688383942801,57.3376767885603,1.00073124540471,-0.610640918067968,1.31013646741855
"NGC",-19.8899493322195,77.2194178354682,-12.2028484857414,26.2182756704511,73.6590592555941,57.3181185111881,1.00038988906854,-0.610142424287068,1.31091378352255
"NGC",-19.8893915039773,77.2259028195467,-12.1928687667398,26.2338256579117,73.649280116908,57.298560233816,1.00004853273238,-0.609643438336988,1.31169128289559
"NGC",-19.8888311469663,77.2324089747763,-12.1828791854113,26.2493793296337,73.639500978222,57.2790019564439,0.99970717639622,-0.609143959270564,1.31246896648169
"NGC",-19.88826825101,77.2389363597292,-12.1728797227462,26.264936704549,73.6297218395359,57.2594436790718,0.999365820060058,-0.608643986137309,1.31324683522745
"NGC",-19.8877028058961,77.2454850331142,-12.162870359668,26.280497801641,73.6199427008498,57.2398854016997,0.999024463723896,-0.608143517983399,1.31402489008205
"NGC",-19.8871348013758,77.2520550537771,-12.1528510770333,26.2960626399446,73.6101635621638,57.2203271243276,0.998683107387735,-0.607642553851666,1.31480313199723
"NGC",-19.8865642271639,77.2586464807005,-12.1428218556318,26.3116312385463,73.6003844234777,57.2007688469554,0.998341751051573,-0.607141092781588,1.31558156192732
"NGC",-19.8859910729388,77.2652593730047,-12.1327826761855,26.3272036165842,73.5906052847917,57.1812105695833,0.998000394715411,-0.606639133809276,1.31636018082921
"NGC",-19.8854153283421,77.2718937899473,-12.1227335193494,26.3427797932481,73.5808261461056,57.1616522922112,0.997659038379249,-0.606136675967469,1.31713898966241
"NGC",-19.8848369829788,77.278549790924,-12.1126743657104,26.35835978778,73.5710470074195,57.1420940148391,0.997317682043087,-0.605633718285522,1.317917989389
"NGC",-19.884256026417,77.2852274354687,-12.1026051957879,26.3739436194734,73.5612678687335,57.122535737467,0.996976325706926,-0.605130259789393,1.31869718097367
"NGC",-19.8836724481878,77.2919267832538,-12.0925259900328,26.3895313076741,73.5514887300474,57.1029774600948,0.996634969370764,-0.604626299501641,1.31947656538371
"NGC",-19.8830862377851,77.2986478940904,-12.0824367288281,26.4051228717803,73.5417095913614,57.0834191827227,0.996293613034602,-0.604121836441407,1.32025614358901
"NGC",-19.8824973846658,77.3053908279287,-12.0723373924882,26.420718331242,73.5319304526753,57.0638609053506,0.99595225669844,-0.603616869624411,1.3210359165621
"NGC",-19.8819058782494,77.312155644858,-12.0622279612588,26.4363177055618,73.5221513139892,57.0443026279785,0.995610900362279,-0.603111398062938,1.32181588527809
"NGC",-19.8813117079178,77.3189424051074,-12.0521084153166,26.4519210142948,73.5123721753032,57.0247443506064,0.995269544026117,-0.60260542076583,1.32259605071474
"NGC",-19.8807148630154,77.3257511690458,-12.0419787347695,26.4675282770485,73.5025930366171,57.0051860732342,0.994928187689955,-0.602098936738475,1.32337641385243
"NGC",-19.8801153328492,77.3325819971823,-12.031838899656,26.4831395134833,73.4928138979311,56.9856277958621,0.994586831353793,-0.601591944982798,1.32415697567416
"NGC",-19.879513106688,77.3394349501663,-12.021688889945,26.498754743312,73.483034759245,56.96606951849,0.994245475017631,-0.60108444449725,1.3249377371656
"NGC",-19.878908173763,77.346310088788,-12.011528685536,26.5143739863006,73.473255620559,56.9465112411179,0.99390411868147,-0.600576434276799,1.32571869931503
"NGC",-19.8783005232671,77.3532074739785,-12.0013582662584,26.5299972622678,73.4634764818729,56.9269529637458,0.993562762345308,-0.600067913312919,1.32649986311339
"NGC",-19.8776901443552,77.3601271668103,-11.9911776118716,26.5456245910854,73.4536973431868,56.9073946863736,0.993221406009146,-0.599558880593578,1.32728122955427
"NGC",-19.8770770261439,77.3670692284974,-11.9809867020647,26.5612559926786,73.4439182045008,56.8878364090015,0.992880049672984,-0.599049335103233,1.32806279963393
"NGC",-19.8764611577115,77.3740337203955,-11.9707855164563,26.5768914870255,73.4341390658147,56.8682781316294,0.992538693336822,-0.598539275822815,1.32884457435127
"NGC",-19.8758425280975,77.3810207040027,-11.9605740345944,26.5925310941577,73.4243599271286,56.8487198542573,0.992197337000661,-0.59802870172972,1.32962655470788
"NGC",-19.8752211263032,77.3880302409592,-11.950352235956,26.6081748341602,73.4145807884426,56.8291615768852,0.991855980664499,-0.597517611797802,1.33040874170801
"NGC",-19.8745969412906,77.3950623930481,-11.9401200999472,26.6238227271717,73.4048016497565,56.809603299513,0.991514624328337,-0.597006004997358,1.33119113635858
"NGC",-19.8739699619834,77.4021172221954,-11.9298776059024,26.6394747933844,73.3950225110705,56.7900450221409,0.991173267992175,-0.59649388029512,1.33197373966922
"NGC",-19.8733401772659,77.4091947904703,-11.9196247330849,26.6551310530442,73.3852433723844,56.7704867447688,0.990831911656013,-0.595981236654244,1.33275655265221
"NGC",-19.8727075759834,77.4162951600856,-11.909361460686,26.670791526451,73.3754642336983,56.7509284673967,0.990490555319852,-0.595468073034301,1.33353957632255
"NGC",-19.8720721469421,77.4234183933979,-11.8990877678253,26.6864562339586,73.3656850950123,56.7313701900246,0.99014919898369,-0.594954388391267,1.33432281169793
"NGC",-19.8714338789085,77.430564552908,-11.8888036335502,26.7021251959749,73.3559059563262,56.7118119126525,0.989807842647528,-0.594440181677509,1.33510625979874
"NGC",-19.8707927606099,77.437733701261,-11.8785090368356,26.7177984329617,73.3461268176402,56.6922536352803,0.989466486311366,-0.593925451841778,1.33588992164809
"NGC",-19.870148780734,77.4449259012467,-11.868203956584,26.7334759654353,73.3363476789541,56.6726953579082,0.989125129975205,-0.5934101978292,1.33667379827177
"NGC",-19.8695019279286,77.4521412158,-11.8578883716252,26.7491578139664,73.326568540268,56.6531370805361,0.988783773639043,-0.592894418581258,1.33745789069832
"NGC",-19.8688521908018,77.4593797080009,-11.8475622607158,26.7648439991799,73.316789401582,56.633578803164,0.988442417302881,-0.592378113035791,1.338242199959
"NGC",-19.8681995579215,77.466641441075,-11.8372256025396,26.7805345417554,73.3070102628959,56.6140205257919,0.988101060966719,-0.591861280126979,1.33902672708777
"NGC",-19.8675440178157,77.473926478394,-11.8268783757066,26.7962294624272,73.2972311242099,56.5944622484197,0.987759704630557,-0.591343918785331,1.33981147312136
"NGC",-19.8668855589721,77.4812348834753,-11.8165205587535,26.8119287819843,73.2874519855238,56.5749039710476,0.987418348294396,-0.590826027937676,1.34059643909921
"NGC",-19.8662241698381,77.488566719983,-11.8061521301431,26.8276325212705,73.2776728468377,56.5553456936755,0.987076991958234,-0.590307606507153,1.34138162606352
"NGC",-19.8655598388205,77.495922051728,-11.795773068264,26.8433407011846,73.2678937081517,56.5357874163034,0.986735635622072,-0.589788653413201,1.34216703505923
"NGC",-19.8648925542856,77.503300942668,-11.7853833514309,26.8590533426806,73.2581145694656,56.5162291389313,0.98639427928591,-0.589269167571545,1.34295266713403
"NGC",-19.864222304559,77.5107034569082,-11.7749829578838,26.8747704667674,73.2483354307796,56.4966708615591,0.986052922949748,-0.588749147894191,1.34373852333837
"NGC",-19.8635490779252,77.5181296587011,-11.7645718657882,26.8904920945093,73.2385562920935,56.477112584187,0.985711566613587,-0.588228593289408,1.34452460472547
"NGC",-19.862872862628,77.5255796124476,-11.7541500532345,26.9062182470261,73.2287771534074,56.4575543068149,0.985370210277425,-0.587707502661724,1.34531091235131
"NGC",-19.8621936468699,77.5330533826962,-11.7437174982382,26.9219489454928,73.2189980147214,56.4379960294428,0.985028853941263,-0.587185874911911,1.34609744727464
"NGC",-19.8615114188123,77.5405510341444,-11.7332741787395,26.9376842111402,73.2092188760353,56.4184377520707,0.984687497605101,-0.586663708936976,1.34688421055701
"NGC",-19.8608261665752,77.5480726316382,-11.722820072603,26.9534240652547,73.1994397373493,56.3988794746985,0.984346141268939,-0.586141003630151,1.34767120326273
"NGC",-19.8601378782369,77.5556182401728,-11.7123551576176,26.9691685291784,73.1896605986632,56.3793211973264,0.984004784932778,-0.585617757880879,1.34845842645892
"NGC",-19.8594465418344,77.5631879248926,-11.7018794114961,26.9849176243093,73.1798814599772,56.3597629199543,0.983663428596616,-0.585093970574806,1.34924588121546
"NGC",-19.8587521453627,77.5707817510918,-11.6913928118754,27.0006713721014,73.1701023212911,56.3402046425822,0.983322072260454,-0.58456964059377,1.35003356860507
"NGC",-19.8580546767749,77.5783997842146,-11.6808953363158,27.016429794065,73.160323182605,56.3206463652101,0.982980715924292,-0.58404476681579,1.35082148970325
"NGC",-19.8573541239824,77.5860420898554,-11.6703869623011,27.0321929117662,73.150544043919,56.3010880878379,0.98263935958813,-0.583519348115053,1.35160964558831
"NGC",-19.856650474854,77.5937087337591,-11.6598676672381,27.0479607468276,73.1407649052329,56.2815298104658,0.982298003251969,-0.582993383361905,1.35239803734138
"NGC",-19.8559437172166,77.6013997818218,-11.6493374284568,27.0637333209283,73.1309857665468,56.2619715330937,0.981956646915807,-0.582466871422838,1.35318666604642
"NGC",-19.8552338388545,77.6091153000903,-11.6387962232097,27.0795106558037,73.1212066278608,56.2424132557216,0.981615290579645,-0.581939811160485,1.35397553279018
"NGC",-19.8545208275096,77.6168553547632,-11.628244028672,27.0952927732458,73.1114274891747,56.2228549783495,0.981273934243483,-0.5814122014336,1.35476463866229
"NGC",-19.8538046708809,77.6246200121907,-11.6176808219411,27.1110796951035,73.1016483504887,56.2032967009773,0.980932577907321,-0.580884041097054,1.35555398475518
"NGC",-19.8530853566248,77.6324093388751,-11.6071065800364,27.1268714432824,73.0918692118026,56.1837384236052,0.98059122157116,-0.580355329001819,1.35634357216412
"NGC",-19.8523628723547,77.6402234014712,-11.5965212798992,27.1426680397449,73.0820900731165,56.1641801462331,0.980249865234998,-0.579826063994962,1.35713340198725
"NGC",-19.851637205641,77.6480622667863,-11.5859248983926,27.1584695065107,73.0723109344305,56.144621868861,0.979908508898836,-0.579296244919629,1.35792347532553
"NGC",-19.8509083440108,77.6559260017807,-11.5753174123007,27.1742758656562,73.0625317957444,56.1250635914889,0.979567152562674,-0.578765870615037,1.35871379328281
"NGC",-19.8501762749478,77.6638146735681,-11.5646987983292,27.1900871393154,73.0527526570584,56.1055053141167,0.979225796226513,-0.578234939916461,1.35950435696577
"NGC",-19.8494409858925,77.6717283494158,-11.5540690331045,27.2059033496796,73.0429735183723,56.0859470367446,0.978884439890351,-0.577703451655225,1.36029516748398
"NGC",-19.8487024642416,77.6796670967447,-11.5434280931737,27.2217245189973,73.0331943796863,56.0663887593725,0.978543083554189,-0.577171404658687,1.36108622594986
"NGC",-19.847960697348,77.6876309831302,-11.5327759550046,27.2375506695747,73.0234152410002,56.0468304820004,0.978201727218027,-0.576638797750231,1.36187753347873
"NGC",-19.8472156725209,77.6956200763022,-11.5221125949851,27.2533818237756,73.0136361023141,56.0272722046283,0.977860370881865,-0.576105629749254,1.36266909118878
"NGC",-19.8464673770254,77.7036344441452,-11.5114379894231,27.2692180040217,73.0038569636281,56.0077139272561,0.977519014545704,-0.575571899471157,1.36346090020108
"NGC",-19.8457157980826,77.711674154699,-11.5007521145466,27.2850592327923,72.994077824942,55.988155649884,0.977177658209542,-0.575037605727331,1.36425296163961
"NGC",-19.844960922869,77.7197392761586,-11.4900549465029,27.3009055326248,72.984298686256,55.9685973725119,0.97683630187338,-0.574502747325144,1.36504527663124
"NGC",-19.844202738517,77.7278298768752,-11.4793464613587,27.3167569261147,72.9745195475699,55.9490390951398,0.976494945537218,-0.573967323067937,1.36583784630574
"NGC",-19.8434412321143,77.7359460253555,-11.4686266351,27.3326134359157,72.9647404088838,55.9294808177677,0.976153589201056,-0.573431331755002,1.36663067179578
"NGC",-19.8426763907039,77.7440877902628,-11.4578954436316,27.3484750847395,72.9549612701978,55.9099225403955,0.975812232864895,-0.572894772181582,1.36742375423698
"NGC",-19.8419082012841,77.7522552404171,-11.447152862777,27.3643418953565,72.9451821315117,55.8903642630234,0.975470876528733,-0.572357643138849,1.36821709476783
"NGC",-19.8411366508081,77.7604484447954,-11.436398868278,27.3802138905956,72.9354029928257,55.8708059856513,0.975129520192571,-0.571819943413898,1.36901069452978
"NGC",-19.8403617261841,77.7686674725318,-11.4256334357947,27.3960910933439,72.9256238541396,55.8512477082792,0.974788163856409,-0.571281671789737,1.3698045546672
"NGC",-19.839583414275,77.7769123929181,-11.4148565409054,27.4119735265477,72.9158447154535,55.8316894309071,0.974446807520247,-0.570742827045271,1.37059867632739
"NGC",-19.8388017018982,77.785183275404,-11.4040681591058,27.4278612132118,72.9060655767675,55.812131153535,0.974105451184086,-0.570203407955291,1.37139306066059
"NGC",-19.8380165758259,77.7934801895975,-11.3932682658093,27.4437541763999,72.8962864380814,55.7925728761628,0.973764094847924,-0.569663413290467,1.37218770882
"NGC",-19.8372280227843,77.8018032052651,-11.3824568363466,27.459652439235,72.8865072993953,55.7730145987907,0.973422738511762,-0.56912284181733,1.37298262196175
"NGC",-19.8364360294539,77.810152392332,-11.3716338459653,27.4755560248988,72.8767281607093,55.7534563214186,0.9730813821756,-0.568581692298264,1.37377780124494
"NGC",-19.8356405824694,77.8185278208827,-11.3607992698299,27.4914649566327,72.8669490220232,55.7338980440465,0.972740025839439,-0.568039963491495,1.37457324783164
"NGC",-19.8348416684193,77.8269295611613,-11.3499530830215,27.5073792577371,72.8571698833372,55.7143397666743,0.972398669503277,-0.567497654151076,1.37536896288686
"NGC",-19.8340392738459,77.8353576835713,-11.3390952605376,27.523298951572,72.8473907446511,55.6947814893022,0.972057313167115,-0.566954763026878,1.3761649475786
"NGC",-19.833233385245,77.8438122586768,-11.3282257772915,27.5392240615568,72.837611605965,55.6752232119301,0.971715956830953,-0.566411288864576,1.37696120307784
"NGC",-19.8324239890662,77.8522933572021,-11.3173446081128,27.5551546111709,72.827832467279,55.655664934558,0.971374600494791,-0.565867230405639,1.37775773055854
"NGC",-19.8316110717121,77.860801050032,-11.3064517277464,27.571090623953,72.8180533285929,55.6361066571859,0.97103324415863,-0.565322586387319,1.37855453119765
"NGC",-19.8307946195387,77.8693354082129,-11.2955471108527,27.5870321235021,72.8082741899069,55.6165483798138,0.970691887822468,-0.564777355542634,1.37935160617511
"NGC",-19.8299746188551,77.877896502952,-11.2846307320073,27.602979133477,72.7984950512208,55.5969901024416,0.970350531486306,-0.564231536600363,1.38014895667385
"NGC",-19.8291510559232,77.8864844056188,-11.2737025657005,27.6189316775965,72.7887159125348,55.5774318250695,0.970009175150144,-0.563685128285027,1.38094658387982
"NGC",-19.8283239169576,77.8950991877443,-11.2627625863377,27.6348897796397,72.7789367738487,55.5578735476974,0.969667818813982,-0.563138129316884,1.38174448898199
"NGC",-19.8274931881259,77.9037409210221,-11.2518107682382,27.6508534634462,72.7691576351626,55.5383152703253,0.969326462477821,-0.562590538411912,1.38254267317231
"NGC",-19.8266588555477,77.9124096773085,-11.240847085636,27.6668227529156,72.7593784964766,55.5187569929532,0.968985106141659,-0.562042354281799,1.38334113764578
"NGC",-19.8258209052952,77.9211055286227,-11.2298715126786,27.6827976720084,72.7495993577905,55.499198715581,0.968643749805497,-0.561493575633929,1.38413988360042
"NGC",-19.8249793233928,77.9298285471472,-11.2188840234275,27.6987782447455,72.7398202191045,55.4796404382089,0.968302393469335,-0.560944201171373,1.38493891223728
"NGC",-19.824134095817,77.9385788052281,-11.2078845918575,27.7147644952087,72.7300410804184,55.4600821608368,0.967961037133173,-0.560394229592873,1.38573822476044
"NGC",-19.8232852084959,77.9473563753755,-11.1968731918567,27.7307564475406,72.7202619417323,55.4405238834647,0.967619680797012,-0.559843659592836,1.38653782237703
"NGC",-19.8224326473097,77.956161330264,-11.1858497972262,27.7467541259447,72.7104828030463,55.4209656060926,0.96727832446085,-0.559292489861312,1.38733770629723
"NGC",-19.8215763980899,77.9649937427323,-11.1748143816799,27.7627575546855,72.7007036643602,55.4014073287204,0.966936968124688,-0.558740719083994,1.38813787773428
"NGC",-19.8207164466198,77.9738536857846,-11.1637669188439,27.778766758089,72.6909245256742,55.3818490513483,0.966595611788526,-0.558188345942193,1.38893833790445
"NGC",-19.8198527786337,77.9827412325899,-11.1527073822567,27.7947817605422,72.6811453869881,55.3622907739762,0.966254255452364,-0.557635369112835,1.38973908802711
"NGC",-19.8189853798173,77.991656456483,-11.141635745369,27.8108025864935,72.671366248302,55.3427324966041,0.965912899116203,-0.557081787268448,1.39054012932468
"NGC",-19.818114235807,78.0005994309647,-11.1305519815428,27.826829260453,72.661587109616,55.323174219232,0.965571542780041,-0.556527599077142,1.39134146302265
"NGC",-19.8172393321903,78.0095702297017,-11.1194560640521,27.8428618069921,72.6518079709299,55.3036159418598,0.965230186443879,-0.555972803202606,1.39214309034961
"NGC",-19.8163606545055,78.0185689265276,-11.1083479660818,27.8589002507444,72.6420288322439,55.2840576644877,0.964888830107717,-0.555417398304089,1.39294501253722
"NGC",-19.8154781882411,78.0275955954428,-11.0972276607278,27.8749446164048,72.6322496935578,55.2644993871156,0.964547473771555,-0.554861383036392,1.39374723082024
"NGC",-19.8145919188364,78.0366503106148,-11.086095120997,27.8909949287306,72.6224705548717,55.2449411097435,0.964206117435394,-0.554304756049852,1.39454974643653
"NGC",-19.8137018316807,78.045733146379,-11.0749503198066,27.9070512125408,72.6126914161857,55.2253828323714,0.963864761099232,-0.553747515990332,1.39535256062704
"NGC",-19.8128079121135,78.0548441772381,-11.0637932299841,27.9231134927169,72.6029122774996,55.2058245549992,0.96352340476307,-0.553189661499207,1.39615567463584
"NGC",-19.8119101454242,78.0639834778636,-11.052623824267,27.9391817942023,72.5931331388136,55.1862662776271,0.963182048426908,-0.552631191213351,1.39695908971012
"NGC",-19.8110085168521,78.0731511230952,-11.0414420753026,27.9552561420031,72.5833540001275,55.166708000255,0.962840692090747,-0.552072103765128,1.39776280710016
"NGC",-19.810103011586,78.0823471879416,-11.0302479556475,27.9713365611879,72.5735748614414,55.1471497228829,0.962499335754585,-0.551512397782375,1.39856682805939
"NGC",-19.8091936147644,78.0915717475807,-11.0190414377678,27.9874230768875,72.5637957227554,55.1275914455108,0.962157979418423,-0.550952071888389,1.39937115384438
"NGC",-19.808280311475,78.10082487736,-11.0078224940384,28.003515714296,72.5540165840693,55.1080331681386,0.961816623082261,-0.550391124701921,1.4001757857148
"NGC",-19.8073630867546,78.1101066527969,-10.9965910967431,28.0196144986699,72.5442374453833,55.0884748907665,0.961475266746099,-0.549829554837154,1.40098072493349
"NGC",-19.8064419255893,78.1194171495789,-10.985347218074,28.0357194553288,72.5344583066972,55.0689166133944,0.961133910409938,-0.549267360903698,1.40178597276644
"NGC",-19.8055168129137,78.128756443564,-10.9740908301314,28.0518306096553,72.5246791680111,55.0493583360223,0.960792554073776,-0.548704541506572,1.40259153048277
"NGC",-19.8045877336116,78.1381246107813,-10.9628219049239,28.0679479870953,72.5149000293251,55.0298000586502,0.960451197737614,-0.548141095246195,1.40339739935477
"NGC",-19.8036546725149,78.1475217274311,-10.9515404143674,28.0840716131579,72.505120890639,55.0102417812781,0.960109841401452,-0.547577020718371,1.40420358065789
"NGC",-19.8027176144041,78.1569478698851,-10.9402463302855,28.1002015134154,72.495341751953,54.9906835039059,0.95976848506529,-0.547012316514275,1.40501007567077
"NGC",-19.8017765440082,78.166403114687,-10.9289396244089,28.1163377135039,72.4855626132669,54.9711252265338,0.959427128729129,-0.546446981220443,1.4058168856752
"NGC",-19.8008314460038,78.1758875385528,-10.9176202683752,28.1324802391229,72.4757834745809,54.9515669491617,0.959085772392967,-0.545881013418759,1.40662401195615
"NGC",-19.7998823050158,78.185401218371,-10.9062882337287,28.1486291160358,72.4660043358948,54.9320086717896,0.958744416056805,-0.545314411686437,1.40743145580179
"NGC",-19.7989291056167,78.1949442312032,-10.8949434919203,28.1647843700697,72.4562251972087,54.9124503944174,0.958403059720643,-0.544747174596015,1.40823921850348
"NGC",-19.7979718323268,78.2045166542839,-10.8835860143068,28.1809460271156,72.4464460585227,54.8928921170453,0.958061703384481,-0.544179300715337,1.40904730135578
"NGC",-19.7970104696138,78.2141185650214,-10.8722157721509,28.1971141131287,72.4366669198366,54.8733338396732,0.95772034704832,-0.543610788607544,1.40985570565643
"NGC",-19.7960450018924,78.2237500409982,-10.8608327366211,28.2132886541283,72.4268877811505,54.8537755623011,0.957378990712158,-0.543041636831054,1.41066443270642
"NGC",-19.795075413525,78.2334111599707,-10.8494368787911,28.229469676198,72.4171086424645,54.834217284929,0.957037634375996,-0.542471843939557,1.4114734838099
"NGC",-19.7941016888204,78.24310199987,-10.83802816964,28.2456572054859,72.4073295037784,54.8146590075568,0.956696278039834,-0.541901408481998,1.4122828602743
"NGC",-19.7931238120348,78.2528226388025,-10.8266065800513,28.2618512682044,72.3975503650924,54.7951007301847,0.956354921703673,-0.541330329002563,1.41309256341022
"NGC",-19.7921417673704,78.2625731550496,-10.8151720808133,28.2780518906306,72.3877712264063,54.7755424528126,0.956013565367511,-0.540758604040666,1.41390259453153
"NGC",-19.7911555389766,78.2723536270684,-10.8037246426188,28.2942590991065,72.3779920877202,54.7559841754405,0.955672209031349,-0.540186232130939,1.41471295495533
"NGC",-19.7901651109486,78.2821641334921,-10.7922642360643,28.3104729200388,72.3682129490342,54.7364258980684,0.955330852695187,-0.539613211803214,1.41552364600194
"NGC",-19.7891704673279,78.2920047531302,-10.7807908316503,28.3266933798991,72.3584338103481,54.7168676206963,0.954989496359025,-0.539039541582513,1.41633466899495
"NGC",-19.7881715921023,78.3018755649689,-10.7693043997806,28.3429205052242,72.3486546716621,54.6973093433241,0.954648140022864,-0.538465219989032,1.41714602526121
"NGC",-19.787168469205,78.3117766481716,-10.7578049107627,28.359154322616,72.338875532976,54.677751065952,0.954306783686702,-0.537890245538133,1.4179577161308
"NGC",-19.7861610825153,78.321708082079,-10.7462923348064,28.375394858742,72.32909639429,54.6581927885799,0.95396542735054,-0.537314616740322,1.4187697429371
"NGC",-19.7851494158577,78.3316699462094,-10.7347666420249,28.3916421403346,72.3193172556039,54.6386345112078,0.953624071014378,-0.536738332101244,1.41958210701673
"NGC",-19.7841334530021,78.3416623202594,-10.7232278024333,28.4078961941922,72.3095381169178,54.6190762338357,0.953282714678216,-0.536161390121663,1.42039480970961
"NGC",-19.7831131776638,78.3516852841041,-10.7116757859491,28.4241570471786,72.2997589782318,54.5995179564635,0.952941358342055,-0.535583789297454,1.42120785235893
"NGC",-19.782088573503,78.3617389177971,-10.7001105623917,28.4404247262234,72.2899798395457,54.5799596790914,0.952600002005893,-0.535005528119584,1.42202123631117
"NGC",-19.7810596241247,78.3718233015715,-10.6885321014821,28.4566992583222,72.2802007008596,54.5604014017193,0.952258645669731,-0.534426605074103,1.42283496291611
"NGC",-19.7800263130785,78.3819385158397,-10.6769403728426,28.4729806705364,72.2704215621736,54.5408431243472,0.951917289333569,-0.533847018642129,1.42364903352682
"NGC",-19.7789886238589,78.392084641194,-10.6653353459966,28.4892689899937,72.2606424234875,54.5212848469751,0.951575932997408,-0.533266767299832,1.42446344949968
"NGC",-19.7779465399043,78.402261758407,-10.6537169903685,28.5055642438878,72.2508632848015,54.5017265696029,0.951234576661246,-0.532685849518423,1.42527821219439
"NGC",-19.7769000445976,78.4124699484317,-10.6420852752828,28.521866459479,72.2410841461154,54.4821682922308,0.950893220325084,-0.53210426376414,1.42609332297395
"NGC",-19.7758491212657,78.4227092924022,-10.6304401699647,28.5381756640938,72.2313050074293,54.4626100148587,0.950551863988922,-0.531522008498234,1.42690878320469
"NGC",-19.774793753179,78.4329798716337,-10.6187816435391,28.5544918851254,72.2215258687433,54.4430517374866,0.95021050765276,-0.530939082176953,1.42772459425627
"NGC",-19.7737339235521,78.4432817676233,-10.6071096650307,28.5708151500337,72.2117467300572,54.4234934601145,0.949869151316599,-0.530355483251533,1.42854075750169
"NGC",-19.7726696155427,78.4536150620497,-10.5954242033636,28.5871454863454,72.2019675913712,54.4039351827423,0.949527794980437,-0.529771210168179,1.42935727431727
"NGC",-19.7716008122521,78.4639798367744,-10.5837252273611,28.6034829216539,72.1921884526851,54.3843769053702,0.949186438644275,-0.529186261368055,1.4301741460827
"NGC",-19.7705274967247,78.4743761738411,-10.5720127057453,28.61982748362,72.182409313999,54.3648186279981,0.948845082308113,-0.528600635287267,1.430991374181
"NGC",-19.7694496519477,78.4848041554771,-10.560286607137,28.6361791999714,72.172630175313,54.345260350626,0.948503725971951,-0.528014330356851,1.43180895999857
"NGC",-19.7683672608513,78.4952638640927,-10.5485469000552,28.652538098503,72.1628510366269,54.3257020732539,0.94816236963579,-0.527427345002761,1.43262690492515
"NGC",-19.7672803063085,78.5057553822822,-10.536793552917,28.6689042070773,72.1530718979409,54.3061437958817,0.947821013299628,-0.526839677645848,1.43344521035387
"NGC",-19.7661887711346,78.516278792824,-10.5250265340371,28.6852775536242,72.1432927592548,54.2865855185096,0.947479656963466,-0.526251326701854,1.43426387768121
"NGC",-19.7650926380871,78.526834178681,-10.5132458116279,28.7016581661411,72.1335136205687,54.2670272411375,0.947138300627304,-0.525662290581393,1.43508290830705
"NGC",-19.7639918898658,78.537421623001,-10.5014513537988,28.7180460726932,72.1237344818827,54.2474689637654,0.946796944291142,-0.52507256768994,1.43590230363466
"NGC",-19.7628865091125,78.548041209117,-10.4896431285562,28.7344413014137,72.1139553431966,54.2279106863933,0.946455587954981,-0.524482156427812,1.43672206507069
"NGC",-19.7617764784107,78.5586930205476,-10.4778211038032,28.7508438805035,72.1041762045106,54.2083524090211,0.946114231618819,-0.52389105519016,1.43754219402517
"NGC",-19.7606617802855,78.5693771409973,-10.465985247339,28.7672538382317,72.0943970658245,54.188794131649,0.945772875282657,-0.52329926236695,1.43836269191159
"NGC",-19.7595423972035,78.580093654357,-10.454135526859,28.7836712029357,72.0846179271385,54.1692358542769,0.945431518946495,-0.522706776342952,1.43918356014678
"NGC",-19.7584183115724,78.5908426447044,-10.4422719099544,28.800096003021,72.0748387884524,54.1496775769048,0.945090162610333,-0.522113595497721,1.44000480015105
"NGC",-19.7572895057412,78.601624196304,-10.4303943641118,28.8165282669616,72.0650596497663,54.1301192995327,0.944748806274172,-0.521519718205591,1.44082641334808
"NGC",-19.7561559619997,78.6124383936078,-10.418502856713,28.8329680233002,72.0552805110803,54.1105610221605,0.94440744993801,-0.520925142835651,1.44164840116501
"NGC",-19.7550176625784,78.6232853212559,-10.4065973550347,28.849415300648,72.0455013723942,54.0910027447884,0.944066093601848,-0.520329867751737,1.4424707650324
"NGC",-19.7538745896484,78.6341650640761,-10.3946778262483,28.865870127685,72.0357222337082,54.0714444674163,0.943724737265686,-0.519733891312415,1.44329350638425
"NGC",-19.7527267253211,78.645077707085,-10.3827442374194,28.8823325331602,72.0259430950221,54.0518861900442,0.943383380929524,-0.519137211870968,1.44411662665801
"NGC",-19.7515740516483,78.6560233354881,-10.3707965555076,28.8988025458914,72.016163956336,54.0323279126721,0.943042024593363,-0.518539827775382,1.44494012729457
"NGC",-19.7504165506215,78.66700203468,-10.3588347473665,28.9152801947658,72.00638481765,54.0127696352999,0.942700668257201,-0.517941737368326,1.44576400973829
"NGC",-19.7492542041723,78.6780138902452,-10.3468587797429,28.9317655087397,71.9966056789639,53.9932113579278,0.942359311921039,-0.517342938987146,1.44658827543699
"NGC",-19.7480869941717,78.6890589879578,-10.3348686192769,28.9482585168388,71.9868265402779,53.9736530805557,0.942017955584877,-0.516743430963843,1.44741292584194
"NGC",-19.7469149024305,78.7001374137828,-10.3228642325013,28.9647592481583,71.9770474015918,53.9540948031836,0.941676599248715,-0.516143211625064,1.44823796240791
"NGC",-19.7457379106985,78.7112492538755,-10.3108455858417,28.981267731863,71.9672682629057,53.9345365258115,0.941335242912554,-0.515542279292084,1.44906338659315
"NGC",-19.7445560006647,78.7223945945827,-10.2988126456158,28.9977839971874,71.9574891242197,53.9149782484393,0.940993886576392,-0.514940632280789,1.44988919985937
"NGC",-19.7433691539571,78.7335735224424,-10.2867653780334,29.014308073436,71.9477099855336,53.8954199710672,0.94065253024023,-0.514338268901669,1.4507154036718
"NGC",-19.7421773521424,78.7447861241848,-10.2747037491959,29.030839989983,71.9379308468476,53.8758616936951,0.940311173904068,-0.513735187459795,1.45154199949915
"NGC",-19.7409805767258,78.7560324867319,-10.2626277250962,29.0473797762729,71.9281517081615,53.856303416323,0.939969817567907,-0.51313138625481,1.45236898881365
"NGC",-19.7397788091509,78.7673126971988,-10.2505372716182,29.0639274618204,71.9183725694754,53.8367451389509,0.939628461231745,-0.512526863580909,1.45319637309102
"NGC",-19.7385720307996,78.7786268428934,-10.2384323545366,29.0804830762103,71.9085934307894,53.8171868615788,0.939287104895583,-0.511921617726831,1.45402415381052
"NGC",-19.7373602229916,78.789975011317,-10.2263129395167,29.0970466490982,71.8988142921033,53.7976285842066,0.938945748559421,-0.511315646975836,1.45485233245491
"NGC",-19.7361433669846,78.8013572901646,-10.2141789921139,29.1136182102099,71.8890351534173,53.7780703068345,0.938604392223259,-0.510708949605696,1.4556809105105
"NGC",-19.7349214439739,78.8127737673255,-10.2020304777736,29.1301977893422,71.8792560147312,53.7585120294624,0.938263035887098,-0.510101523888679,1.45650988946711
"NGC",-19.7336944350922,78.8242245308833,-10.1898673618306,29.1467854163624,71.8694768760451,53.7389537520903,0.937921679550936,-0.509493368091531,1.45733927081812
"NGC",-19.7324623214094,78.8357096691169,-10.1776896095093,29.163381121209,71.8596977373591,53.7193954747181,0.937580323214774,-0.508884480475464,1.45816905606045
"NGC",-19.7312250839327,78.8472292704999,-10.1654971859228,29.1799849338914,71.849918598673,53.699837197346,0.937238966878612,-0.508274859296141,1.45899924669457
"NGC",-19.729982703606,78.8587834237022,-10.1532900560731,29.1965968844901,71.840139459987,53.6802789199739,0.93689761054245,-0.507664502803657,1.45982984422451
"NGC",-19.7287351613099,78.8703722175893,-10.1410681848506,29.2132170031571,71.8303603213009,53.6607206426018,0.936556254206289,-0.507053409242529,1.46066085015785
"NGC",-19.7274824378615,78.8819957412234,-10.1288315370335,29.2298453201156,71.8205811826148,53.6411623652297,0.936214897870127,-0.506441576851677,1.46149226600578
"NGC",-19.7262245140143,78.8936540838634,-10.1165800772882,29.2464818656603,71.8108020439288,53.6216040878575,0.935873541533965,-0.505829003864412,1.46232409328302
"NGC",-19.724961370458,78.9053473349653,-10.1043137701683,29.2631266701579,71.8010229052427,53.6020458104854,0.935532185197803,-0.505215688508415,1.46315633350789
"NGC",-19.7236929878181,78.917075584183,-10.0920325801146,29.2797797640464,71.7912437665567,53.5824875331133,0.935190828861642,-0.504601629005731,1.46398898820232
"NGC",-19.7224193466558,78.928838921368,-10.0797364714549,29.2964411778359,71.7814646278706,53.5629292557412,0.93484947252548,-0.503986823572743,1.4648220588918
"NGC",-19.7211404274679,78.9406374365705,-10.0674254084033,29.3131109421087,71.7716854891845,53.5433709783691,0.934508116189318,-0.503371270420165,1.46565554710543
"NGC",-19.7198562106867,78.9524712200394,-10.0550993550604,29.3297890875188,71.7619063504985,53.523812700997,0.934166759853156,-0.502754967753022,1.46648945437594
"NGC",-19.7185666766796,78.9643403622224,-10.0427582754127,29.3464756447929,71.7521272118124,53.5042544236248,0.933825403516994,-0.502137913770636,1.46732378223964
"NGC",-19.7172718057489,78.9762449537672,-10.0304021333322,29.3631706447297,71.7423480731264,53.4846961462527,0.933484047180833,-0.501520106666611,1.46815853223648
"NGC",-19.7159715781316,78.9881850855211,-10.0180308925763,29.3798741182006,71.7325689344403,53.4651378688806,0.933142690844671,-0.500901544628816,1.46899370591003
"NGC",-19.7146659739996,79.0001608485319,-10.0056445167874,29.3965860961497,71.7227897957542,53.4455795915085,0.932801334508509,-0.500282225839371,1.46982930480748
"NGC",-19.713354973459,79.012172334048,-9.99324296949261,29.4133066095936,71.7130106570682,53.4260213141364,0.932459978172347,-0.49966214847463,1.47066533047968
"NGC",-19.71203855655,79.0242196335188,-9.98082621410333,29.4300356896218,71.7032315183821,53.4064630367642,0.932118621836185,-0.499041310705167,1.47150178448109
"NGC",-19.7107167032471,79.0363028385955,-9.96839421391515,29.4467733673971,71.693452379696,53.3869047593921,0.931777265500024,-0.498419710695757,1.47233866836986
"NGC",-19.7093893934582,79.0484220411309,-9.95594693210732,29.463519674155,71.68367324101,53.36734648202,0.931435909163862,-0.497797346605366,1.47317598370775
"NGC",-19.7080566070251,79.0605773331802,-9.94348433174258,29.4802746412045,71.6738941023239,53.3477882046479,0.9310945528277,-0.497174216587129,1.47401373206022
"NGC",-19.7067183237231,79.0727688070012,-9.93100637576676,29.4970382999277,71.6641149636379,53.3282299272758,0.930753196491538,-0.496550318788338,1.47485191499639
"NGC",-19.7053745232604,79.0849965550548,-9.9185130270085,29.5138106817805,71.6543358249518,53.3086716499036,0.930411840155376,-0.495925651350425,1.47569053408902
"NGC",-19.7040251852784,79.0972606700054,-9.90600424817895,29.530591818292,71.6445566862658,53.2891133725315,0.930070483819215,-0.495300212408948,1.4765295909146
"NGC",-19.7026702893513,79.1095612447212,-9.89348000187138,29.5473817410655,71.6347775475797,53.2695550951594,0.929729127483053,-0.494674000093569,1.47736908705327
"NGC",-19.7013098149859,79.1218983722748,-9.88094025056094,29.5641804817777,71.6249984088936,53.2499968177873,0.929387771146891,-0.494047012528047,1.47820902408888
"NGC",-19.6999437416215,79.1342721459433,-9.86838495660432,29.5809880721795,71.6152192702076,53.2304385404152,0.929046414810729,-0.493419247830216,1.47904940360898
"NGC",-19.6985720486295,79.1466826592089,-9.85581408223937,29.5978045440959,71.6054401315215,53.210880263043,0.928705058474567,-0.492790704111969,1.47989022720479
"NGC",-19.6971947153133,79.1591300057592,-9.84322758958489,29.6146299294259,71.5956609928355,53.1913219856709,0.928363702138406,-0.492161379479245,1.4807314964713
"NGC",-19.6958117209083,79.1716142794879,-9.83062544064019,29.6314642601431,71.5858818541494,53.1717637082988,0.928022345802244,-0.49153127203201,1.48157321300716
"NGC",-19.6944230445812,79.1841355744946,-9.81800759728485,29.6483075682955,71.5761027154633,53.1522054309267,0.927680989466082,-0.490900379864243,1.48241537841478
"NGC",-19.6930286654305,79.1966939850859,-9.80537402127837,29.6651598860055,71.5663235767773,53.1326471535546,0.92733963312992,-0.490268701063918,1.48325799430028
"NGC",-19.6916285624855,79.2092896057752,-9.79272467425982,29.6820212454705,71.5565444380912,53.1130888761824,0.926998276793758,-0.489636233712991,1.48410106227352
"NGC",-19.6902227147069,79.2219225312836,-9.78005951774756,29.6988916789624,71.5467652994052,53.0935305988103,0.926656920457597,-0.489002975887378,1.48494458394812
"NGC",-19.6888111009857,79.2345928565399,-9.76737851313888,29.7157712188283,71.5369861607191,53.0739723214382,0.926315564121435,-0.488368925656944,1.48578856094141
"NGC",-19.6873937001441,79.2473006766813,-9.7546816217097,29.7326598974904,71.527207022033,53.0544140440661,0.925974207785273,-0.487734081085485,1.48663299487452
"NGC",-19.6859704909341,79.2600460870536,-9.74196880461421,29.7495577474459,71.517427883347,53.034855766694,0.925632851449111,-0.48709844023071,1.48747788737229
"NGC",-19.6845414520383,79.2728291832118,-9.72924002288456,29.7664648012675,71.5076487446609,53.0152974893218,0.92529149511295,-0.486462001144228,1.48832324006337
"NGC",-19.6831065620691,79.2856500609202,-9.71649523743056,29.7833810916032,71.4978696059749,52.9957392119497,0.924950138776788,-0.485824761871528,1.48916905458016
"NGC",-19.6816657995687,79.2985088161532,-9.70373440903929,29.8003066511769,71.4880904672888,52.9761809345776,0.924608782440626,-0.485186720451964,1.49001533255885
"NGC",-19.6802191430087,79.3114055450956,-9.6909574983748,29.8172415127879,71.4783113286027,52.9566226572055,0.924267426104464,-0.48454787491874,1.4908620756394
"NGC",-19.6787665707903,79.3243403441426,-9.67816446597779,29.8341857093114,71.4685321899167,52.9370643798334,0.923926069768302,-0.48390822329889,1.49170928546557
"NGC",-19.6773080612437,79.3373133099008,-9.66535527226527,29.8511392736985,71.4587530512306,52.9175061024612,0.92358471343214,-0.483267763613263,1.49255696368492
"NGC",-19.6758435926281,79.3503245391883,-9.65252987753021,29.8681022389766,71.4489739125446,52.8979478250891,0.923243357095979,-0.482626493876511,1.49340511194883
"NGC",-19.6743731431313,79.3633741290353,-9.63968824194122,29.885074638249,71.4391947738585,52.878389547717,0.922902000759817,-0.481984412097061,1.49425373191245
"NGC",-19.6728966908697,79.3764621766839,-9.62683032554223,29.9020565046957,71.4294156351724,52.8588312703449,0.922560644423655,-0.481341516277112,1.49510282523478
"NGC",-19.6714142138879,79.3895887795897,-9.61395608825213,29.9190478715728,71.4196364964864,52.8392729929728,0.922219288087493,-0.480697804412607,1.49595239357864
"NGC",-19.6699256901588,79.4027540354208,-9.60106548986444,29.9360487722132,71.4098573578003,52.8197147156006,0.921877931751332,-0.480053274493222,1.49680243861066
"NGC",-19.668431097583,79.4159580420594,-9.58815849004697,29.9530592400265,71.4000782191143,52.8001564382285,0.92153657541517,-0.479407924502348,1.49765296200132
"NGC",-19.6669304139887,79.4292008976017,-9.5752350483415,29.970079308499,71.3902990804282,52.7805981608564,0.921195219079008,-0.478761752417075,1.49850396542495
"NGC",-19.6654236171317,79.442482700358,-9.56229512416342,29.987109011194,71.3805199417422,52.7610398834843,0.920853862742846,-0.478114756208171,1.4993554505597
"NGC",-19.663910684695,79.4558035488539,-9.54933867680143,30.0041483817521,71.3707408030561,52.7414816061122,0.920512506406684,-0.477466933840071,1.50020741908761
"NGC",-19.6623915942885,79.4691635418301,-9.53636566541712,30.0211974538909,71.36096166437,52.7219233287401,0.920171150070523,-0.476818283270856,1.50105987269454
"NGC",-19.6608663234491,79.4825627782429,-9.5233760490447,30.0382562614053,71.351182525684,52.7023650513679,0.919829793734361,-0.476168802452235,1.50191281307027
"NGC",-19.65933484964,79.496001357265,-9.51036978659066,30.055324838168,71.3414033869979,52.6828067739958,0.919488437398199,-0.475518489329533,1.5027662419084
"NGC",-19.6577971502511,79.5094793782854,-9.49734683683338,30.0724032181288,71.3316242483118,52.6632484966237,0.919147081062037,-0.474867341841669,1.50362016090644
"NGC",-19.6562532025982,79.5229969409102,-9.48430715842281,30.0894914353156,71.3218451096258,52.6436902192516,0.918805724725876,-0.474215357921141,1.50447457176578
"NGC",-19.6547029839232,79.5365541449628,-9.47125070988014,30.106589523834,71.3120659709397,52.6241319418795,0.918464368389714,-0.473562535494007,1.5053294761917
"NGC",-19.6531464713936,79.5501510904846,-9.45817744959742,30.1236975178677,71.3022868322537,52.6045736645073,0.918123012053552,-0.472908872479871,1.50618487589339
"NGC",-19.6515836421023,79.5637878777351,-9.44508733583726,30.1408154516784,71.2925076935676,52.5850153871352,0.91778165571739,-0.472254366791863,1.50704077258392
"NGC",-19.6500144730679,79.5774646071925,-9.43198032673244,30.157943359606,71.2827285548815,52.5654571097631,0.917440299381228,-0.471599016336622,1.5078971679803
"NGC",-19.6484389412335,79.591181379554,-9.4188563802856,30.1750812760689,71.2729494161955,52.545898832391,0.917098943045067,-0.47094281901428,1.50875406380345
"NGC",-19.6468570234673,79.6049382957365,-9.40571545436885,30.1922292355639,71.2631702775094,52.5263405550189,0.916757586708905,-0.470285772718443,1.50961146177819
"NGC",-19.6452686965623,79.6187354568767,-9.39255750672347,30.2093872726663,71.2533911388234,52.5067822776467,0.916416230372743,-0.469627875336173,1.51046936363331
"NGC",-19.6436739372357,79.6325729643318,-9.37938249495948,30.2265554220303,71.2436120001373,52.4872240002746,0.916074874036581,-0.468969124747974,1.51132777110152
"NGC",-19.6420727221287,79.6464509196798,-9.36619037655542,30.2437337183891,71.2338328614512,52.4676657229025,0.915733517700419,-0.468309518827771,1.51218668591946
"NGC",-19.6404650278067,79.6603694247196,-9.35298110885787,30.2609221965546,71.2240537227652,52.4481074455304,0.915392161364258,-0.467649055442893,1.51304610982773
"NGC",-19.6388508307587,79.6743285814722,-9.33975464908115,30.278120891418,71.2142745840791,52.4285491681583,0.915050805028096,-0.466987732454058,1.5139060445709
"NGC",-19.6372301073974,79.6883284921806,-9.32651095430698,30.2953298379498,71.2044954453931,52.4089908907861,0.914709448691934,-0.466325547715349,1.51476649189749
"NGC",-19.6356028340585,79.7023692593101,-9.3132499814841,30.3125490711997,71.194716306707,52.389432613414,0.914368092355772,-0.465662499074205,1.51562745355998
"NGC",-19.6339689870008,79.7164509855491,-9.29997168742793,30.329778626297,71.184937168021,52.3698743360419,0.91402673601961,-0.464998584371397,1.51648893131485
"NGC",-19.6323285424062,79.7305737738095,-9.28667602882022,30.3470185384509,71.1751580293349,52.3503160586698,0.913685379683449,-0.464333801441011,1.51735092692255
"NGC",-19.6306814763787,79.744737727227,-9.27336296220866,30.36426884295,71.1653788906488,52.3307577812977,0.913344023347287,-0.463668148110433,1.5182134421475
"NGC",-19.6290277649451,79.7589429491612,-9.26003244400657,30.381529575163,71.1555997519628,52.3111995039255,0.913002667011125,-0.463001622200328,1.51907647875815
"NGC",-19.6273673840542,79.7731895431968,-9.24668443049248,30.3988007705385,71.1458206132767,52.2916412265534,0.912661310674963,-0.462334221524624,1.51994003852693
"NGC",-19.6257003095767,79.7874776131437,-9.23331887780985,30.4160824646055,71.1360414745907,52.2720829491813,0.912319954338801,-0.461665943890493,1.52080412323028
"NGC",-19.6240265173049,79.801807263037,-9.21993574196666,30.4333746929731,71.1262623359046,52.2525246718092,0.91197859800264,-0.460996787098333,1.52166873464865
"NGC",-19.6223459829527,79.816178597138,-9.20653497883501,30.4506774913307,71.1164831972185,52.2329663944371,0.911637241666478,-0.460326748941751,1.52253387456654
"NGC",-19.6206586821551,79.8305917199345,-9.19311654415088,30.4679908954487,71.1067040585325,52.2134081170649,0.911295885330316,-0.459655827207544,1.52339954477243
"NGC",-19.6189645904681,79.8450467361411,-9.17968039351362,30.4853149411777,71.0969249198464,52.1938498396928,0.910954528994154,-0.458984019675681,1.52426574705889
"NGC",-19.6172636833686,79.8595437506999,-9.16622648238571,30.5026496644494,71.0871457811603,52.1742915623207,0.910613172657992,-0.458311324119285,1.52513248322247
"NGC",-19.6155559362539,79.8740828687804,-9.15275476609231,30.5199951012763,71.0773666424743,52.1547332849486,0.910271816321831,-0.457637738304616,1.52599975506381
"NGC",-19.6138413244415,79.8886641957806,-9.13926519982096,30.5373512877521,71.0675875037882,52.1351750075765,0.909930459985669,-0.456963259991048,1.5268675643876
"NGC",-19.6121198231692,79.9032878373273,-9.12575773862115,30.5547182600515,71.0578083651022,52.1156167302044,0.909589103649507,-0.456287886931058,1.52773591300257
"NGC",-19.6103914075944,79.9179538992761,-9.11223233740401,30.5720960544308,71.0480292264161,52.0960584528322,0.909247747313345,-0.4556116168702,1.52860480272154
"NGC",-19.6086560527942,79.9326624877122,-9.0986889509419,30.5894847072276,71.03825008773,52.0765001754601,0.908906390977184,-0.454934447547095,1.52947423536138
"NGC",-19.6069137337651,79.9474137089508,-9.08512753386807,30.606884254861,71.028470949044,52.056941898088,0.908565034641022,-0.454256376693403,1.53034421274305
"NGC",-19.6051644254227,79.9622076695378,-9.07154804067628,30.6242947338321,71.0186918103579,52.0373836207159,0.90822367830486,-0.453577402033814,1.53121473669161
"NGC",-19.6034081026012,79.9770444762496,-9.05795042572042,30.6417161807237,71.0089126716719,52.0178253433438,0.907882321968698,-0.452897521286021,1.53208580903618
"NGC",-19.6016447400539,79.9919242360941,-9.04433464321415,30.6591486322005,70.9991335329858,51.9982670659716,0.907540965632536,-0.452216732160708,1.53295743161003
"NGC",-19.5998743124522,80.0068470563111,-9.03070064723053,30.6765921250095,70.9893543942998,51.9787087885995,0.907199609296375,-0.451535032361527,1.53382960625047
"NGC",-19.5980967943858,80.0218130443724,-9.01704839170166,30.6940466959798,70.9795752556137,51.9591505112274,0.906858252960213,-0.450852419585083,1.53470233479899
"NGC",-19.5963121603622,80.0368223079827,-9.00337783041824,30.711512382023,70.9697961169276,51.9395922338553,0.906516896624051,-0.450168891520912,1.53557561910115
"NGC",-19.5945203848067,80.0518749550797,-8.98968891702928,30.7289892201331,70.9600169782416,51.9200339564831,0.906175540287889,-0.449484445851464,1.53644946100665
"NGC",-19.592721442062,80.0669710938347,-8.97598160504168,30.7464772473869,70.9502378395555,51.900475679111,0.905834183951727,-0.448799080252084,1.53732386236934
"NGC",-19.590915306388,80.0821108326532,-8.96225584781985,30.7639765009438,70.9404587008695,51.8809174017389,0.905492827615566,-0.448112792390993,1.53819882504719
"NGC",-19.5891019519616,80.0972942801749,-8.94851159858537,30.7814870180462,70.9306795621834,51.8613591243668,0.905151471279404,-0.447425579929268,1.53907435090231
"NGC",-19.5872813528764,80.1125215452747,-8.93474881041656,30.7990088360197,70.9209004234973,51.8418008469947,0.904810114943242,-0.446737440520828,1.53995044180098
"NGC",-19.5854534831424,80.1277927370628,-8.92096743624813,30.8165419922727,70.9111212848113,51.8222425696226,0.90446875860708,-0.446048371812407,1.54082709961364
"NGC",-19.583618316686,80.1431079648852,-8.9071674288708,30.8340865242973,70.9013421461252,51.8026842922504,0.904127402270918,-0.44535837144354,1.54170432621487
"NGC",-19.5817758273494,80.1584673383245,-8.89334874093091,30.8516424696688,70.8915630074392,51.7831260148783,0.903786045934757,-0.444667437046546,1.54258212348344
"NGC",-19.5799259888907,80.1738709671998,-8.87951132493006,30.8692098660461,70.8817838687531,51.7635677375062,0.903444689598595,-0.443975566246503,1.54346049330231
"NGC",-19.5780687749834,80.1893189615675,-8.86565513322467,30.886788751172,70.872004730067,51.7440094601341,0.903103333262433,-0.443282756661234,1.5443394375586
"NGC",-19.5762041592163,80.2048114317217,-8.85178011802568,30.9043791628728,70.862225591381,51.724451182762,0.902761976926271,-0.442589005901284,1.54521895814364
"NGC",-19.5743321150931,80.2203484881947,-8.83788623139808,30.921981139059,70.8524464526949,51.7048929053898,0.90242062059011,-0.441894311569904,1.54609905695295
"NGC",-19.5724526160325,80.2359302417574,-8.82397342526061,30.9395947177252,70.8426673140088,51.6853346280177,0.902079264253948,-0.441198671263031,1.54697973588626
"NGC",-19.5705656353674,80.2515568034198,-8.8100416513853,30.9572199369503,70.8328881753228,51.6657763506456,0.901737907917786,-0.440502082569265,1.54786099684751
"NGC",-19.5686711463451,80.2672282844315,-8.7960908613971,30.9748568348973,70.8231090366367,51.6462180732735,0.901396551581624,-0.439804543069855,1.54874284174486
"NGC",-19.5667691221269,80.2829447962818,-8.78212100677353,30.992505449814,70.8133298979507,51.6266597959014,0.901055195245462,-0.439106050338677,1.5496252724907
"NGC",-19.564859535788,80.298706450701,-8.76813203884424,31.0101658200326,70.8035507592646,51.6071015185292,0.900713838909301,-0.438406601942212,1.55050829100163
"NGC",-19.5629423603168,80.3145133596598,-8.75412390879068,31.0278379839704,70.7937716205786,51.5875432411571,0.900372482573139,-0.437706195439534,1.55139189919852
"NGC",-19.5610175686152,80.3303656353708,-8.74009656764564,31.0455219801292,70.7839924818925,51.567984963785,0.900031126236977,-0.437004828382282,1.55227609900646
"NGC",-19.5590851334979,80.3462633902881,-8.72604996629289,31.0632178470961,70.7742133432064,51.5484266864129,0.899689769900815,-0.436302498314644,1.55316089235481
"NGC",-19.5571450276927,80.3622067371084,-8.7119840554668,31.0809256235434,70.7644342045204,51.5288684090408,0.899348413564653,-0.43559920277334,1.55404628117717
"NGC",-19.5551972238394,80.378195788771,-8.69789878575193,31.0986453482285,70.7546550658343,51.5093101316686,0.899007057228492,-0.434894939287597,1.55493226741143
"NGC",-19.5532416944904,80.3942306584586,-8.68379410758264,31.1163770599946,70.7448759271483,51.4897518542965,0.89866570089233,-0.434189705379132,1.55581885299973
"NGC",-19.55127841211,80.4103114595977,-8.6696699712427,31.13412079777,70.7350967884622,51.4701935769244,0.898324344556168,-0.433483498562135,1.5567060398885
"NGC",-19.5493073490741,80.4264383058589,-8.65552632686487,31.1518766005691,70.7253176497761,51.4506352995523,0.897982988220006,-0.432776316343244,1.55759383002845
"NGC",-19.5473284776703,80.4426113111577,-8.64136312443053,31.169644507492,70.7155385110901,51.4310770221802,0.897641631883844,-0.432068156221527,1.5584822253746
"NGC",-19.5453417700972,80.4588305896546,-8.62718031376927,31.1874245577247,70.705759372404,51.411518744808,0.897300275547683,-0.431359015688464,1.55937122788624
"NGC",-19.5433471984644,80.4750962557558,-8.61297784455849,31.2052167905397,70.695980233718,51.3919604674359,0.896958919211521,-0.430648892227924,1.56026083952698
"NGC",-19.5413447347923,80.4914084241136,-8.598755666323,31.2230212452951,70.6862010950319,51.3724021900638,0.896617562875359,-0.42993778331615,1.56115106226476
"NGC",-19.5393343510117,80.507767209627,-8.58451372843461,31.2408379614361,70.6764219563458,51.3528439126917,0.896276206539197,-0.429225686421731,1.56204189807181
"NGC",-19.5373160189634,80.524172727442,-8.57025198011176,31.2586669784939,70.6666428176598,51.3332856353196,0.895934850203036,-0.428512599005588,1.5629333489247
"NGC",-19.5352897103983,80.5406250929522,-8.55597037041908,31.2765083360866,70.6568636789737,51.3137273579474,0.895593493866874,-0.427798518520954,1.56382541680433
"NGC",-19.5332553969769,80.5571244217991,-8.541668848267,31.2943620739191,70.6470845402877,51.2941690805753,0.895252137530712,-0.42708344241335,1.56471810369595
"NGC",-19.5312130502691,80.573670829873,-8.52734736241133,31.312228231783,70.6373054016016,51.2746108032032,0.89491078119455,-0.426367368120567,1.56561141158915
"NGC",-19.5291626417539,80.590264433313,-8.5130058614529,31.3301068495574,70.6275262629155,51.2550525258311,0.894569424858388,-0.425650293072645,1.56650534247787
"NGC",-19.5271041428193,80.6069053485076,-8.49864429383711,31.3479979672081,70.6177471242295,51.235494248459,0.894228068522227,-0.424932214691855,1.56739989836041
"NGC",-19.5250375247616,80.6235936920955,-8.48426260785351,31.3659016247887,70.6079679855434,51.2159359710868,0.893886712186065,-0.424213130392676,1.56829508123944
"NGC",-19.5229627587856,80.6403295809657,-8.46986075163545,31.38381786244,70.5981888468574,51.1963776937147,0.893545355849903,-0.423493037581772,1.569190893122
"NGC",-19.5208798160043,80.6571131322581,-8.45543867315961,31.4017467203904,70.5884097081713,51.1768194163426,0.893203999513741,-0.422771933657981,1.57008733601952
"NGC",-19.5187886674384,80.6739444633642,-8.44099632024564,31.4196882389562,70.5786305694852,51.1572611389705,0.892862643177579,-0.422049816012282,1.57098441194781
"NGC",-19.5166892840159,80.6908236919272,-8.42653364055569,31.4376424585416,70.5688514307992,51.1377028615984,0.892521286841418,-0.421326682027784,1.57188212292708
"NGC",-19.5145816365725,80.7077509358428,-8.41205058159404,31.4556094196386,70.5590722921131,51.1181445842262,0.892179930505256,-0.420602529079702,1.57278047098193
"NGC",-19.5124656958505,80.7247263132596,-8.3975470907067,31.4735891628275,70.5492931534271,51.0985863068541,0.891838574169094,-0.419877354535335,1.57367945814138
"NGC",-19.5103414324991,80.7417499425794,-8.38302311508094,31.491581728777,70.539514014741,51.079028029482,0.891497217832932,-0.419151155754047,1.57457908643885
"NGC",-19.5082088170741,80.7588219424582,-8.36847860174492,31.5095871582441,70.529734876055,51.0594697521099,0.89115586149677,-0.418423930087246,1.57547935791221
"NGC",-19.5060678200372,80.775942431806,-8.35391349756726,31.5276054920744,70.5199557373689,51.0399114747378,0.890814505160609,-0.417695674878363,1.57638027460372
"NGC",-19.5039184117561,80.7931115297877,-8.33932774925661,31.5456367712022,70.5101765986828,51.0203531973657,0.890473148824447,-0.416966387462831,1.57728183856011
"NGC",-19.5017605625043,80.8103293558238,-8.32472130336126,31.5636810366506,70.5003974599968,51.0007949199935,0.890131792488285,-0.416236065168063,1.57818405183253
"NGC",-19.4995942424605,80.8275960295904,-8.31009410626869,31.5817383295318,70.4906183213107,50.9812366426214,0.889790436152123,-0.415504705313435,1.57908691647659
"NGC",-19.4974194217085,80.8449116710199,-8.29544610420517,31.5998086910471,70.4808391826246,50.9616783652493,0.889449079815961,-0.414772305210259,1.57999043455236
"NGC",-19.4952360702371,80.8622764003016,-8.28077724323533,31.617892162487,70.4710600439386,50.9421200878772,0.8891077234798,-0.414038862161767,1.58089460812435
"NGC",-19.4930441579394,80.8796903378822,-8.26608746926173,31.6359887852314,70.4612809052525,50.922561810505,0.888766367143638,-0.413304373463086,1.58179943926157
"NGC",-19.4908436546128,80.8971536044661,-8.25137672802445,31.6540986007497,70.4515017665665,50.9030035331329,0.888425010807476,-0.412568836401222,1.58270493003749
"NGC",-19.4886345299589,80.9146663210159,-8.23664496510067,31.6722216506012,70.4417226278804,50.8834452557608,0.888083654471314,-0.411832248255033,1.58361108253006
"NGC",-19.4864167535828,80.9322286087533,-8.22189212590422,31.6903579764347,70.4319434891943,50.8638869783887,0.887742298135152,-0.411094606295211,1.58451789882174
"NGC",-19.4841902949931,80.9498405891592,-8.20711815568519,31.7085076199892,70.4221643505083,50.8443287010166,0.887400941798991,-0.410355907784259,1.58542538099946
"NGC",-19.4819551236016,80.967502383974,-8.19232299952944,31.7266706230935,70.4123852118222,50.8247704236445,0.887059585462829,-0.409616149976472,1.58633353115468
"NGC",-19.4797112087229,80.985214115199,-8.17750660235826,31.744847027667,70.4026060731362,50.8052121462723,0.886718229126667,-0.408875330117913,1.58724235138335
"NGC",-19.4774585195743,81.0029759050958,-8.16266890892787,31.7630368757193,70.3928269344501,50.7856538689002,0.886376872790505,-0.408133445446394,1.58815184378596
"NGC",-19.4751970252752,81.0207878761875,-8.14780986382901,31.7812402093503,70.383047795764,50.7660955915281,0.886035516454344,-0.407390493191451,1.58906201046751
"NGC",-19.4729266948473,81.0386501512592,-8.13292941148654,31.7994570707509,70.373268657078,50.746537314156,0.885694160118182,-0.406646470574327,1.58997285353754
"NGC",-19.4706474972139,81.0565628533582,-8.11802749615892,31.8176875022025,70.3634895183919,50.7269790367839,0.88535280378202,-0.405901374807946,1.59088437511012
"NGC",-19.4683594011997,81.0745261057944,-8.10310406193789,31.8359315460776,70.3537103797059,50.7074207594117,0.885011447445858,-0.405155203096894,1.59179657730388
"NGC",-19.4660623755308,81.0925400321415,-8.08815905274796,31.8541892448396,70.3439312410198,50.6878624820396,0.884670091109696,-0.404407952637398,1.59270946224198
"NGC",-19.4637563888339,81.1106047562367,-8.073192412346,31.8724606410434,70.3341521023337,50.6683042046675,0.884328734773535,-0.4036596206173,1.59362303205217
"NGC",-19.4614414096366,81.1287204021818,-8.05820408432079,31.8907457773349,70.3243729636477,50.6487459272954,0.883987378437373,-0.40291020421604,1.59453728886675
"NGC",-19.4591174063666,81.1468870943432,-8.0431940120926,31.9090446964517,70.3145938249616,50.6291876499233,0.883646022101211,-0.40215970060463,1.59545223482259
"NGC",-19.4567843473517,81.165104957353,-8.02816213891273,31.9273574412229,70.3048146862756,50.6096293725511,0.883304665765049,-0.401408106945636,1.59636787206115
"NGC",-19.4544422008196,81.183374116109,-8.0131084078631,31.9456840545694,70.2950355475895,50.590071095179,0.882963309428887,-0.400655420393155,1.59728420272847
"NGC",-19.4520909348972,81.2016946957754,-7.99803276185578,31.9640245795041,70.2852564089035,50.5705128178069,0.882621953092726,-0.399901638092789,1.59820122897521
"NGC",-19.4497305176107,81.2200668217835,-7.98293514363257,31.9823790591318,70.2754772702174,50.5509545404348,0.882280596756564,-0.399146757181629,1.59911895295659
"NGC",-19.4473609168852,81.238490619832,-7.96781549576454,32.0007475366495,70.2656981315313,50.5313962630627,0.881939240420402,-0.398390774788227,1.60003737683248
"NGC",-19.4449821005443,81.2569662158873,-7.95267376065159,32.0191300553466,70.2559189928453,50.5118379856905,0.88159788408424,-0.39763368803258,1.60095650276733
"NGC",-19.44259403631,81.2754937361847,-7.93750988052203,32.037526658605,70.2461398541592,50.4922797083184,0.881256527748078,-0.396875494026101,1.60187633293025
"NGC",-19.4401966918022,81.294073307228,-7.92232379743209,32.055937389899,70.2363607154732,50.4727214309463,0.880915171411917,-0.396116189871604,1.60279686949495
"NGC",-19.4377900345386,81.3127050557911,-7.9071154532655,32.0743622927959,70.2265815767871,50.4531631535742,0.880573815075755,-0.395355772663275,1.60371811463979
"NGC",-19.4353740319342,81.3313891089174,-7.89188478973306,32.0928014109556,70.216802438101,50.4336048762021,0.880232458739593,-0.394594239486653,1.60464007054778
"NGC",-19.4329486513011,81.3501255939211,-7.87663174837214,32.1112547881313,70.207023299415,50.4140465988299,0.879891102403431,-0.393831587418607,1.60556273940657
"NGC",-19.4305138598485,81.3689146383875,-7.86135627054629,32.1297224681693,70.1972441607289,50.3944883214578,0.87954974606727,-0.393067813527314,1.60648612340847
"NGC",-19.4280696246818,81.3877563701735,-7.84605829744473,32.1482044950091,70.1874650220428,50.3749300440857,0.879208389731108,-0.392302914872236,1.60741022475046
"NGC",-19.4256159128027,81.406650917408,-7.83073777008195,32.1667009126838,70.1776858833568,50.3553717667136,0.878867033394946,-0.391536888504098,1.60833504563419
"NGC",-19.4231526911089,81.4255984084927,-7.81539462929722,32.1852117653199,70.1679067446707,50.3358134893415,0.878525677058784,-0.390769731464861,1.60926058826599
"NGC",-19.4206799263937,81.4445989721024,-7.80002881575416,32.2037370971378,70.1581276059847,50.3162552119693,0.878184320722622,-0.390001440787708,1.61018685485689
"NGC",-19.4181975853457,81.4636527371855,-7.78464026994026,32.2222769524517,70.1483484672986,50.2966969345972,0.877842964386461,-0.389232013497013,1.61111384762258
"NGC",-19.4157056345486,81.4827598329649,-7.76922893216646,32.2408313756698,70.1385693286125,50.2771386572251,0.877501608050299,-0.388461446608323,1.61204156878349
"NGC",-19.4132040404808,81.501920388938,-7.75379474256664,32.2594004112947,70.1287901899265,50.257580379853,0.877160251714137,-0.387689737128332,1.61297002056473
"NGC",-19.4106927695149,81.5211345348776,-7.73833764109723,32.2779841039229,70.1190110512404,50.2380221024809,0.876818895377975,-0.386916882054861,1.61389920519614
"NGC",-19.4081717879181,81.5404024008323,-7.72285756753667,32.2965824982456,70.1092319125544,50.2184638251087,0.876477539041813,-0.386142878376833,1.61482912491228
"NGC",-19.4056410618509,81.5597241171272,-7.70735446148503,32.3151956390486,70.0994527738683,50.1989055477366,0.876136182705652,-0.385367723074252,1.61575978195243
"NGC",-19.4031005573676,81.579099814364,-7.69182826236349,32.3338235712123,70.0896736351823,50.1793472703645,0.87579482636949,-0.384591413118175,1.61669117856061
"NGC",-19.4005502404157,81.598529623422,-7.67627890941391,32.352466339712,70.0798944964962,50.1597889929924,0.875453470033328,-0.383813945470696,1.6176233169856
"NGC",-19.3979900768354,81.6180136754585,-7.66070634169834,32.3711239896182,70.0701153578101,50.1402307156203,0.875112113697166,-0.383035317084917,1.61855619948091
"NGC",-19.3954200323598,81.6375521019091,-7.64511049809858,32.3897965660962,70.0603362191241,50.1206724382481,0.874770757361004,-0.382255524904929,1.61948982830481
"NGC",-19.392840072614,81.6571450344887,-7.6294913173157,32.408484114407,70.050557080438,50.101114160876,0.874429401024843,-0.381474565865785,1.62042420572035
"NGC",-19.3902501631153,81.6767926051915,-7.61384873786958,32.4271866799068,70.040777941752,50.0815558835039,0.874088044688681,-0.380692436893479,1.62135933399534
"NGC",-19.3876502692723,81.696494946292,-7.59818269809843,32.4459043080474,70.0309988030659,50.0619976061318,0.873746688352519,-0.379909134904921,1.62229521540237
"NGC",-19.3850403563855,81.7162521903452,-7.58249313615832,32.4646370443764,70.0212196643798,50.0424393287597,0.873405332016357,-0.379124656807916,1.62323185221882
"NGC",-19.3824203896459,81.7360644701874,-7.56677999002276,32.4833849345372,70.0114405256938,50.0228810513875,0.873063975680195,-0.378338999501138,1.62416924672686
"NGC",-19.3797903341355,81.7559319189365,-7.55104319748215,32.5021480242693,70.0016613870077,50.0033227740154,0.872722619344034,-0.377552159874108,1.62510740121346
"NGC",-19.3771501548268,81.7758546699928,-7.53528269614335,32.5209263594083,69.9918822483217,49.9837644966433,0.872381263007872,-0.376764134807168,1.62604631797041
"NGC",-19.3744998165822,81.7958328570394,-7.51949842342922,32.5397199858861,69.9821031096356,49.9642062192712,0.87203990667171,-0.375974921171461,1.6269859992943
"NGC",-19.371839284154,81.8158666140426,-7.5036903165781,32.5585289497311,69.9723239709495,49.9446479418991,0.871698550335548,-0.375184515828905,1.62792644748656
"NGC",-19.3691685221838,81.8359560752529,-7.48785831264336,32.5773532970683,69.9625448322635,49.9250896645269,0.871357193999386,-0.374392915632168,1.62886766485342
"NGC",-19.3664874952027,81.8561013752049,-7.47200234849297,32.5961930741194,69.9527656935774,49.9055313871548,0.871015837663225,-0.373600117424649,1.62980965370597
"NGC",-19.3637961676302,81.8763026487186,-7.45612236080893,32.6150483272029,69.9429865548913,49.8859731097827,0.870674481327063,-0.372806118040446,1.63075241636014
"NGC",-19.3610945037748,81.8965600308991,-7.44021828608685,32.6339191027344,69.9332074162053,49.8664148324106,0.870333124990901,-0.372010914304342,1.63169595513672
"NGC",-19.3583824678327,81.916873657138,-7.42429006063545,32.6528054472268,69.9234282775192,49.8468565550385,0.869991768654739,-0.371214503031773,1.63264027236134
"NGC",-19.3556600238883,81.9372436631134,-7.40833762057612,32.6717074072901,69.9136491388332,49.8272982776664,0.869650412318578,-0.370416881028806,1.6335853703645
"NGC",-19.3529271359135,81.9576701847904,-7.39236090184234,32.6906250296318,69.9038700001471,49.8077400002942,0.869309055982416,-0.369618045092117,1.63453125148159
"NGC",-19.3501837677674,81.9781533584222,-7.37635984017933,32.7095583610571,69.894090861461,49.7881817229221,0.868967699646254,-0.368817992008966,1.63547791805285
"NGC",-19.347429883196,81.9986933205502,-7.36033437114344,32.7285074484689,69.884311722775,49.76862344555,0.868626343310092,-0.368016718557172,1.63642537242344
"NGC",-19.344665445832,82.0192902080045,-7.34428443010175,32.7474723388679,69.8745325840889,49.7490651681779,0.86828498697393,-0.367214221505088,1.6373736169434
"NGC",-19.3418904191941,82.0399441579048,-7.32820995223155,32.766453079353,69.8647534454029,49.7295068908058,0.867943630637769,-0.366410497611577,1.63832265396765
"NGC",-19.3391047666873,82.0606553076607,-7.31211087251982,32.7854497171213,69.8549743067168,49.7099486134336,0.867602274301607,-0.365605543625991,1.63927248585606
"NGC",-19.3363084516019,82.0814237949724,-7.29598712576283,32.8044622994679,69.8451951680308,49.6903903360615,0.867260917965445,-0.364799356288141,1.6402231149734
"NGC",-19.3335014371137,82.1022497578312,-7.27983864656555,32.8234908737868,69.8354160293447,49.6708320586894,0.866919561629283,-0.363991932328277,1.64117454368934
"NGC",-19.3306836862834,82.12313333452,-7.26366536934122,32.8425354875704,69.8256368906586,49.6512737813173,0.866578205293121,-0.363183268467061,1.64212677437852
"NGC",-19.3278551620563,82.1440746636139,-7.24746722831084,32.8615961884098,69.8158577519726,49.6317155039452,0.86623684895696,-0.362373361415542,1.64307980942049
"NGC",-19.3250158272619,82.1650738839808,-7.23124415750268,32.8806730239951,69.8060786132865,49.612157226573,0.865895492620798,-0.361562207875134,1.64403365119976
"NGC",-19.322165644614,82.1861311347821,-7.21499609075179,32.8997660421156,69.7962994746005,49.5925989492009,0.865554136284636,-0.360749804537589,1.64498830210578
"NGC",-19.3193045767096,82.2072465554729,-7.19872296169946,32.9188752906595,69.7865203359144,49.5730406718288,0.865212779948474,-0.359936148084973,1.64594376453297
"NGC",-19.3164325860293,82.2284202858028,-7.1824247037928,32.9380008176146,69.7767411972283,49.5534823944567,0.864871423612313,-0.35912123518964,1.64690004088073
"NGC",-19.3135496349366,82.2496524658166,-7.16610125028417,32.957142671068,69.7669620585423,49.5339241170846,0.864530067276151,-0.358305062514208,1.6478571335534
"NGC",-19.3106556856777,82.2709432358546,-7.14975253423074,32.9763008992066,69.7571829198562,49.5143658397124,0.864188710939989,-0.357487626711537,1.64881504496033
"NGC",-19.3077507003811,82.2922927365533,-7.13337848849394,32.9954755503171,69.7474037811702,49.4948075623403,0.863847354603827,-0.356668924424697,1.64977377751585
"NGC",-19.3048346410571,82.313701108846,-7.11697904573898,33.0146666727859,69.7376246424841,49.4752492849682,0.863505998267665,-0.355848952286949,1.6507333336393
"NGC",-19.3019074695978,82.3351684939632,-7.10055413843435,33.0338743150998,69.727845503798,49.4556910075961,0.863164641931504,-0.355027706921717,1.65169371575499
"NGC",-19.2989691477765,82.3566950334333,-7.0841036988513,33.0530985258456,69.718066365112,49.436132730224,0.862823285595342,-0.354205184942565,1.65265492629228
"NGC",-19.2960196372476,82.3782808690833,-7.06762765906339,33.0723393537104,69.7082872264259,49.4165744528518,0.86248192925918,-0.353381382953169,1.65361696768552
"NGC",-19.2930588995459,82.3999261430393,-7.05112595094587,33.0915968474822,69.6985080877399,49.3970161754797,0.862140572923018,-0.352556297547293,1.65457984237411
"NGC",-19.2900868960867,82.4216309977267,-7.03459850617529,33.1108710560493,69.6887289490538,49.3774578981076,0.861799216586856,-0.351729925308765,1.65554355280247
"NGC",-19.2871035881652,82.4433955758713,-7.01804525622894,33.130162028401,69.6789498103677,49.3578996207355,0.861457860250695,-0.350902262811447,1.65650810142005
"NGC",-19.284108936956,82.4652200204998,-7.00146613238433,33.1494698136274,69.6691706716817,49.3383413433634,0.861116503914533,-0.350073306619216,1.65747349068137
"NGC",-19.2811029035131,82.48710447494,-6.9848610657187,33.1687944609199,69.6593915329956,49.3187830659912,0.860775147578371,-0.349243053285935,1.65843972304599
"NGC",-19.2780854487695,82.5090490828217,-6.96822998710849,33.188136019571,69.6496123943096,49.2992247886191,0.860433791242209,-0.348411499355425,1.65940680097855
"NGC",-19.2750565335365,82.5310539880773,-6.95157282722886,33.2074945389747,69.6398332556235,49.279666511247,0.860092434906047,-0.347578641361443,1.66037472694874
"NGC",-19.2720161185039,82.5531193349423,-6.93488951655311,33.2268700686266,69.6300541169374,49.2601082338749,0.859751078569886,-0.346744475827656,1.66134350343133
"NGC",-19.2689641642392,82.5752452679557,-6.91817998535225,33.2462626581238,69.6202749782514,49.2405499565028,0.859409722233724,-0.345908999267612,1.66231313290619
"NGC",-19.2659006311874,82.5974319319608,-6.90144416369442,33.2656723571654,69.6104958395653,49.2209916791306,0.859068365897562,-0.345072208184721,1.66328361785827
"NGC",-19.2628254796709,82.619679472106,-6.88468198144438,33.2850992155526,69.6007167008793,49.2014334017585,0.8587270095614,-0.344234099072219,1.66425496077763
"NGC",-19.2597386698886,82.6419880338449,-6.86789336826302,33.3045432831884,69.5909375621932,49.1818751243864,0.858385653225239,-0.343394668413151,1.66522716415942
"NGC",-19.2566401619161,82.6643577629371,-6.8510782536068,33.3240046100785,69.5811584235071,49.1623168470143,0.858044296889077,-0.34255391268034,1.66620023050392
"NGC",-19.253529915705,82.6867888054488,-6.83423656672728,33.3434832463307,69.5713792848211,49.1427585696422,0.857702940552915,-0.341711828336364,1.66717416231653
"NGC",-19.2504078910829,82.7092813077536,-6.81736823667053,33.3629792421556,69.561600146135,49.12320029227,0.857361584216753,-0.340868411833527,1.66814896210778
"NGC",-19.2472740477525,82.7318354165327,-6.80047319227666,33.3824926478664,69.551821007449,49.1036420148979,0.857020227880591,-0.340023659613833,1.66912463239332
"NGC",-19.2441283452917,82.7544512787758,-6.78355136217928,33.4020235138793,69.5420418687629,49.0840837375258,0.85667887154443,-0.339177568108964,1.67010117569397
"NGC",-19.2409707431532,82.7771290417813,-6.76660267480493,33.4215718907135,69.5322627300768,49.0645254601537,0.856337515208268,-0.338330133740247,1.67107859453567
"NGC",-19.237801200664,82.7998688531575,-6.74962705837266,33.4411378289914,69.5224835913908,49.0449671827816,0.855996158872106,-0.337481352918633,1.67205689144957
"NGC",-19.234619677025,82.8226708608227,-6.73262444089337,33.4607213794386,69.5127044527047,49.0254089054094,0.855654802535944,-0.336631222044669,1.67303606897193
"NGC",-19.2314261313108,82.845535213006,-6.71559475016937,33.4803225928843,69.5029253140187,49.0058506280373,0.855313446199782,-0.335779737508469,1.67401612964421
"NGC",-19.2282205224694,82.8684620582478,-6.69853791379382,33.4999415202614,69.4931461753326,48.9862923506652,0.854972089863621,-0.334926895689691,1.67499707601307
"NGC",-19.2250028093214,82.8914515454004,-6.68145385915018,33.5195782126064,69.4833670366465,48.9667340732931,0.854630733527459,-0.334072692957509,1.67597891063032
"NGC",-19.2217729505603,82.9145038236289,-6.66434251341171,33.5392327210599,69.4735878979605,48.947175795921,0.854289377191297,-0.333217125670585,1.67696163605299
"NGC",-19.2185309047517,82.9376190424113,-6.64720380354091,33.5589050968664,69.4638087592744,48.9276175185488,0.853948020855135,-0.332360190177045,1.67794525484332
"NGC",-19.2152766303329,82.9607973515395,-6.630037656289,33.5785953913749,69.4540296205884,48.9080592411767,0.853606664518973,-0.33150188281445,1.67892976956874
"NGC",-19.2120100856128,82.9840389011195,-6.61284399819535,33.5983036560384,69.4442504819023,48.8885009638046,0.853265308182812,-0.330642199909767,1.67991518280192
"NGC",-19.2087312287714,83.0073438415727,-6.59562275558699,33.6180299424148,69.4344713432162,48.8689426864325,0.85292395184665,-0.329781137779349,1.68090149712074
"NGC",-19.2054400178594,83.0307123236357,-6.57837385457802,33.6377743021664,69.4246922045302,48.8493844090604,0.852582595510488,-0.328918692728901,1.68188871510832
"NGC",-19.2021364107978,83.0541444983614,-6.56109722106915,33.6575367870605,69.4149130658441,48.8298261316883,0.852241239174326,-0.328054861053457,1.68287683935302
"NGC",-19.1988203653778,83.0776405171194,-6.543792780747,33.6773174489692,69.4051339271581,48.8102678543161,0.851899882838164,-0.32718963903735,1.68386587244846
"NGC",-19.19549183926,83.1012005315969,-6.52646045908376,33.69711633987,69.395354788472,48.790709576944,0.851558526502003,-0.326323022954188,1.6848558169935
"NGC",-19.1921507899745,83.1248246937989,-6.50910018133646,33.7169335118454,69.385575649786,48.7711512995719,0.851217170165841,-0.325455009066823,1.68584667559227
"NGC",-19.1887971749202,83.148513156049,-6.49171187254655,33.7367690170835,69.3757965110999,48.7515930221998,0.850875813829679,-0.324585593627328,1.68683845085418
"NGC",-19.1854309513644,83.1722660709903,-6.47429545753931,33.7566229078779,69.3660173724138,48.7320347448277,0.850534457493517,-0.323714772876965,1.6878311453939
"NGC",-19.1820520764428,83.1960835915853,-6.45685086092325,33.776495236628,69.3562382337278,48.7124764674555,0.850193101157355,-0.322842543046162,1.6888247618314
"NGC",-19.1786605071587,83.2199658711172,-6.43937800708966,33.796386055839,69.3464590950417,48.6929181900834,0.849851744821194,-0.321968900354483,1.68981930279195
"NGC",-19.1752562003828,83.2439130631903,-6.42187682021198,33.8162954181222,69.3366799563557,48.6733599127113,0.849510388485032,-0.321093841010599,1.69081477090611
"NGC",-19.1718391128529,83.2679253217306,-6.40434722424527,33.8362233761949,69.3269008176696,48.6538016353392,0.84916903214887,-0.320217361212263,1.69181116880975
"NGC",-19.1684092011735,83.2920028009861,-6.38678914292568,33.8561699828811,69.3171216789835,48.6342433579671,0.848827675812708,-0.319339457146284,1.69280849914405
"NGC",-19.1649664218153,83.316145655528,-6.36920249976985,33.8761352911109,69.3073425402975,48.6146850805949,0.848486319476547,-0.318460124988492,1.69380676455554
"NGC",-19.1615107311149,83.3403540402511,-6.35158721807438,33.8961193539212,69.2975634016114,48.5951268032228,0.848144963140385,-0.317579360903719,1.69480596769606
"NGC",-19.1580420852744,83.3646281103741,-6.33394322091529,33.9161222244558,69.2877842629254,48.5755685258507,0.847803606804223,-0.316697161045764,1.69580611122279
"NGC",-19.1545604403611,83.3889680214407,-6.31627043114741,33.9361439559652,69.2780051242393,48.5560102484786,0.847462250468061,-0.31581352155737,1.69680719779826
"NGC",-19.1510657523069,83.4133739293198,-6.29856877140387,33.9561846018071,69.2682259855532,48.5364519711065,0.847120894131899,-0.314928438570194,1.69780923009035
"NGC",-19.1475579769084,83.4378459902065,-6.28083816409552,33.9762442154465,69.2584468468672,48.5168936937343,0.846779537795738,-0.314041908204776,1.69881221077233
"NGC",-19.1440370698259,83.4623843606225,-6.26307853141034,33.9963228504558,69.2486677081811,48.4973354163622,0.846438181459576,-0.313153926570517,1.69981614252279
"NGC",-19.1405029865834,83.4869891974167,-6.24528979531292,34.0164205605147,69.238888569495,48.4777771389901,0.846096825123414,-0.312264489765646,1.70082102802574
"NGC",-19.136955682568,83.5116606577661,-6.22747187754388,34.036537399411,69.229109430809,48.458218861618,0.845755468787252,-0.311373593877194,1.70182686997055
"NGC",-19.1333951130299,83.5363988991761,-6.20962469961927,34.0566734210399,69.2193302921229,48.4386605842459,0.84541411245109,-0.310481234980964,1.702833671052
"NGC",-19.1298212330816,83.5612040794813,-6.19174818283006,34.076828679405,69.2095511534369,48.4191023068737,0.845072756114929,-0.309587409141503,1.70384143397025
"NGC",-19.1262339976975,83.586076356846,-6.17384224824153,34.0970032286178,69.1997720147508,48.3995440295016,0.844731399778767,-0.308692112412076,1.70485016143089
"NGC",-19.1226333617138,83.6110158897652,-6.15590681669268,34.1171971228982,69.1899928760647,48.3799857521295,0.844390043442605,-0.307795340834634,1.70585985614491
"NGC",-19.1190192798282,83.6360228370647,-6.13794180879573,34.1374104165745,69.1802137373787,48.3604274747574,0.844048687106443,-0.306897090439786,1.70687052082872
"NGC",-19.115391706599,83.6610973579022,-6.11994714493548,34.1576431640836,69.1704345986926,48.3408691973853,0.843707330770281,-0.305997357246774,1.70788215820418
"NGC",-19.1117505964449,83.6862396117675,-6.10192274526876,34.1778954199713,69.1606554600066,48.3213109200131,0.84336597443412,-0.305096137263438,1.70889477099857
"NGC",-19.1080959036451,83.7114497584836,-6.08386852972385,34.1981672388923,69.1508763213205,48.301752642641,0.843024618097958,-0.304193426486193,1.70990836194461
"NGC",-19.1044275823382,83.7367279582071,-6.06578441799992,34.21845867561,69.1410971826345,48.2821943652689,0.842683261761796,-0.303289220899996,1.7109229337805
"NGC",-19.1007455865221,83.7620743714288,-6.04767032956642,34.2387697849976,69.1313180439484,48.2626360878968,0.842341905425634,-0.302383516478321,1.71193848924988
"NGC",-19.0970498700537,83.7874891589744,-6.02952618366251,34.2591006220372,69.1215389052623,48.2430778105247,0.842000549089473,-0.301476309183126,1.71295503110186
"NGC",-19.0933403866485,83.8129724820052,-6.0113518992965,34.2794512418206,69.1117597665763,48.2235195331525,0.841659192753311,-0.300567594964825,1.71397256209103
"NGC",-19.0896170898799,83.8385245020185,-5.99314739524526,34.2998216995494,69.1019806278902,48.2039612557804,0.841317836417149,-0.299657369762263,1.71499108497747
"NGC",-19.0858799331792,83.8641453808487,-5.97491259005358,34.3202120505348,69.0922014892042,48.1844029784083,0.840976480080987,-0.298745629502679,1.71601060252674
"NGC",-19.082128869835,83.8898352806675,-5.95664740203369,34.3406223501981,69.0824223505181,48.1648447010362,0.840635123744825,-0.297832370101685,1.71703111750991
"NGC",-19.0783638529926,83.9155943639848,-5.93835174926458,34.3610526540708,69.072643211832,48.1452864236641,0.840293767408664,-0.296917587463229,1.71805263270354
"NGC",-19.0745848356541,83.9414227936491,-5.92002554959146,34.3815030177945,69.062864073146,48.125728146292,0.839952411072502,-0.296001277479573,1.71907515088973
"NGC",-19.0707917706775,83.9673207328487,-5.90166872062515,34.4019734971216,69.0530849344599,48.1061698689198,0.83961105473634,-0.295083436031258,1.72009867485608
"NGC",-19.0669846107765,83.9932883451117,-5.8832811797415,34.4224641479146,69.0433057957738,48.0866115915477,0.839269698400178,-0.294164058987075,1.72112320739573
"NGC",-19.0631633085203,84.0193257943068,-5.86486284408079,34.4429750261471,69.0335266570878,48.0670533141756,0.838928342064016,-0.293243142204039,1.72214875130736
"NGC",-19.0593278163326,84.0454332446444,-5.84641363054716,34.4635061879037,69.0237475184017,48.0474950368035,0.838586985727855,-0.292320681527358,1.72317530939518
"NGC",-19.0554780864921,84.0716108606767,-5.82793345580796,34.4840576893796,69.0139683797157,48.0279367594313,0.838245629391693,-0.291396672790398,1.72420288446898
"NGC",-19.051614071131,84.0978588072987,-5.80942223629322,34.5046295868817,69.0041892410296,48.0083784820592,0.837904273055531,-0.290471111814661,1.72523147934409
"NGC",-19.0477357222355,84.1241772497488,-5.79087988819501,34.5252219368281,68.9944101023436,47.9888202046871,0.837562916719369,-0.289543994409751,1.7262610968414
"NGC",-19.043842991645,84.1505663536093,-5.77230632746685,34.5458347957482,68.9846309636575,47.969261927315,0.837221560383207,-0.288615316373343,1.72729173978741
"NGC",-19.0399358310517,84.1770262848071,-5.75370146982314,34.5664682202834,68.9748518249714,47.9497036499429,0.836880204047046,-0.287685073491157,1.72832341101417
"NGC",-19.0360141920002,84.2035572096147,-5.73506523073847,34.5871222671867,68.9650726862854,47.9301453725708,0.836538847710884,-0.286753261536924,1.72935611335934
"NGC",-19.032078025887,84.2301592946503,-5.71639752544714,34.6077969933233,68.9552935475993,47.9105870951986,0.836197491374722,-0.285819876272357,1.73038984966617
"NGC",-19.0281272839604,84.2568327068788,-5.69769826894247,34.6284924556704,68.9455144089133,47.8910288178265,0.83585613503856,-0.284884913447123,1.73142462278352
"NGC",-19.0241619173197,84.2835776136127,-5.67896737597619,34.6492087113174,68.9357352702272,47.8714705404544,0.835514778702398,-0.283948368798809,1.73246043556587
"NGC",-19.0201818769151,84.3103941825121,-5.66020476105789,34.6699458174664,68.9259561315411,47.8519122630823,0.835173422366237,-0.283010238052895,1.73349729087332
"NGC",-19.0161871135468,84.3372825815859,-5.64141033845439,34.690703831432,68.9161769928551,47.8323539857102,0.834832066030075,-0.28207051692272,1.7345351915716
"NGC",-19.0121775778653,84.3642429791925,-5.62258402218911,34.7114828106413,68.906397854169,47.812795708338,0.834490709693913,-0.281129201109455,1.73557414053207
"NGC",-19.0081532203704,84.39127554404,-5.60372572604144,34.7322828126348,68.896618715483,47.7932374309659,0.834149353357751,-0.280186286302072,1.73661414063174
"NGC",-19.0041139914109,84.4183804451873,-5.58483536354619,34.7531038950657,68.8868395767969,47.7736791535938,0.83380799702159,-0.279241768177309,1.73765519475328
"NGC",-19.0000598411843,84.4455578520446,-5.56591284799294,34.7739461157005,68.8770604381108,47.7541208762217,0.833466640685428,-0.278295642399647,1.73869730578502
"NGC",-18.9959907197364,84.4728079343742,-5.54695809242541,34.7948095324192,68.8672812994248,47.7345625988495,0.833125284349266,-0.277347904621271,1.73974047662096
"NGC",-18.9919065769606,84.500130862291,-5.52797100964088,34.8156942032152,68.8575021607387,47.7150043214774,0.832783928013104,-0.276398550482044,1.74078471016076
"NGC",-18.9878073625979,84.5275268062632,-5.50895151218953,34.8366001861956,68.8477230220527,47.6954460441053,0.832442571676942,-0.275447575609477,1.74183000930978
"NGC",-18.983693026236,84.5549959371131,-5.48989951237385,34.8575275395815,68.8379438833666,47.6758877667332,0.83210121534078,-0.274494975618693,1.74287637697907
"NGC",-18.9795635173092,84.5825384260178,-5.47081492224802,34.8784763217078,68.8281647446805,47.6563294893611,0.831759859004619,-0.273540746112401,1.74392381608539
"NGC",-18.9754187850978,84.6101544445095,-5.45169765361725,34.8994465910237,68.8183856059945,47.636771211989,0.831418502668457,-0.272584882680862,1.74497232955118
"NGC",-18.9712587787279,84.6378441644769,-5.4325476180372,34.9204384060926,68.8086064673084,47.6172129346168,0.831077146332295,-0.27162738090186,1.74602192030463
"NGC",-18.9670834471706,84.6656077581651,-5.41336472681335,34.9414518255925,68.7988273286224,47.5976546572447,0.830735789996133,-0.270668236340668,1.74707259127962
"NGC",-18.9628927392419,84.6934453981767,-5.39414889100032,34.9624869083158,68.7890481899363,47.5780963798726,0.830394433659972,-0.269707444550016,1.74812434541579
"NGC",-18.9586866036021,84.7213572574726,-5.37490002140133,34.9835437131701,68.7792690512502,47.5585381025005,0.83005307732381,-0.268745001070066,1.7491771856585
"NGC",-18.9544649887554,84.7493435093724,-5.35561802856748,35.0046222991774,68.7694899125642,47.5389798251284,0.829711720987648,-0.267780901428374,1.75023111495887
"NGC",-18.9502278430495,84.7774043275552,-5.33630282279718,35.0257227254752,68.7597107738781,47.5194215477562,0.829370364651486,-0.266815141139859,1.75128613627376
"NGC",-18.9459751146749,84.8055398860602,-5.3169543141355,35.0468450513161,68.749931635192,47.4998632703841,0.829029008315324,-0.265847715706775,1.7523422525658
"NGC",-18.941706751665,84.8337503592875,-5.29757241237351,35.067989336068,68.740152496506,47.480304993012,0.828687651979163,-0.264878620618676,1.7533994668034
"NGC",-18.9374227018951,84.862035921999,-5.27815702704771,35.0891556392147,68.7303733578199,47.4607467156399,0.828346295643001,-0.263907851352385,1.75445778196073
"NGC",-18.9331229130823,84.8903967493186,-5.25870806743929,35.1103440203553,68.7205942191339,47.4411884382678,0.828004939306839,-0.262935403371965,1.75551720101776
"NGC",-18.9288073327849,84.9188330167332,-5.23922544257361,35.131554539205,68.7108150804478,47.4216301608956,0.827663582970677,-0.26196127212868,1.75657772696025
"NGC",-18.9244759084021,84.9473449000934,-5.21970906121945,35.1527872555951,68.7010359417618,47.4020718835235,0.827322226634515,-0.260985453060973,1.75763936277976
"NGC",-18.9201285871734,84.9759325756142,-5.20015883188847,35.1740422294729,68.6912568030757,47.3825136061514,0.826980870298354,-0.260007941594423,1.75870211147365
"NGC",-18.9157653161782,85.0045962198756,-5.18057466283447,35.1953195209022,68.6814776643896,47.3629553287793,0.826639513962192,-0.259028733141723,1.75976597604511
"NGC",-18.9113860423353,85.0333360098231,-5.16095646205282,35.2166191900632,68.6716985257036,47.3433970514072,0.82629815762603,-0.258047823102641,1.76083095950316
"NGC",-18.9069907124026,85.0621521227692,-5.14130413727978,35.2379412972528,68.6619193870175,47.3238387740351,0.825956801289868,-0.257065206863989,1.76189706486264
"NGC",-18.9025792729766,85.0910447363929,-5.12161759599185,35.2592859028847,68.6521402483315,47.3042804966629,0.825615444953707,-0.256080879799592,1.76296429514424
"NGC",-18.8981516704919,85.1200140287415,-5.10189674540514,35.2806530674896,68.6423611096454,47.2847222192908,0.825274088617545,-0.255094837270257,1.76403265337448
"NGC",-18.8937078512207,85.1490601782308,-5.08214149247471,35.3020428517153,68.6325819709593,47.2651639419187,0.824932732281383,-0.254107074623736,1.76510214258577
"NGC",-18.8892477612724,85.1781833636456,-5.06235174389391,35.3234553163269,68.6228028322733,47.2456056645466,0.824591375945221,-0.253117587194695,1.76617276581635
"NGC",-18.8847713465932,85.2073837641409,-5.04252740609373,35.344890522207,68.6130236935872,47.2260473871744,0.824250019609059,-0.252126370304687,1.76724452611035
"NGC",-18.8802785529656,85.2366615592424,-5.02266838524215,35.3663485303557,68.6032445549012,47.2064891098023,0.823908663272898,-0.251133419262108,1.76831742651779
"NGC",-18.8757693260079,85.266016928847,-5.00277458724351,35.387829401891,68.5934654162151,47.1869308324302,0.823567306936736,-0.250138729362176,1.76939147009455
"NGC",-18.8712436111737,85.2954500532238,-4.9828459177378,35.4093331980486,68.583686277529,47.1673725550581,0.823225950600574,-0.24914229588689,1.77046665990243
"NGC",-18.8667013537517,85.3249611130147,-4.9628822821,35.4308599801824,68.573907138843,47.147814277686,0.822884594264412,-0.248144114105,1.77154299900912
"NGC",-18.8621424988648,85.3545502892352,-4.9428835854395,35.4524098097647,68.5641280001569,47.1282560003138,0.82254323792825,-0.247144179271975,1.77262049048824
"NGC",-18.8575669914703,85.384217763275,-4.92284973259935,35.4739827483859,68.5543488614709,47.1086977229417,0.822201881592089,-0.246142486629967,1.7736991374193
"NGC",-18.8529747763585,85.4139637168985,-4.90278062815562,35.4955788577551,68.5445697227848,47.0891394455696,0.821860525255927,-0.245139031407781,1.77477894288776
"NGC",-18.8483657981532,85.4437883322463,-4.88267617641677,35.5171981997001,68.5347905840987,47.0695811681975,0.821519168919765,-0.244133808820838,1.77585990998501
"NGC",-18.8437400013106,85.4736917918347,-4.86253628142293,35.5388408361676,68.5250114454127,47.0500228908254,0.821177812583603,-0.243126814071147,1.77694204180838
"NGC",-18.839097330119,85.5036742785578,-4.8423608469453,35.5605068292231,68.5152323067266,47.0304646134533,0.820836456247442,-0.242118042347265,1.77802534146116
"NGC",-18.8344377286985,85.5337359756872,-4.82214977648536,35.5821962410517,68.5054531680406,47.0109063360811,0.82049509991128,-0.241107488824268,1.77910981205258
"NGC",-18.8297611410002,85.563877066873,-4.80190297327436,35.6039091339574,68.4956740293545,46.991348058709,0.820153743575118,-0.240095148663718,1.78019545669787
"NGC",-18.825067510806,85.5940977361446,-4.78162034027251,35.6256455703639,68.4858948906684,46.9717897813369,0.819812387238956,-0.239081017013625,1.7812822785182
"NGC",-18.8203567817281,85.6243981679117,-4.76130178016838,35.6474056128147,68.4761157519824,46.9522315039648,0.819471030902794,-0.238065089008419,1.78237028064073
"NGC",-18.8156288972085,85.6547785469642,-4.74094719537819,35.6691893239728,68.4663366132963,46.9326732265927,0.819129674566633,-0.23704735976891,1.78345946619864
"NGC",-18.8108838005183,85.6852390584741,-4.72055648804516,35.6909967666215,68.4565574746103,46.9131149492205,0.818788318230471,-0.236027824402258,1.78454983833107
"NGC",-18.8061214347576,85.715779887995,-4.7001295600388,35.7128280036639,68.4467783359242,46.8935566718484,0.818446961894309,-0.23500647800194,1.78564140018319
"NGC",-18.8013417428548,85.7464012214639,-4.67966631295426,35.7346830981236,68.4369991972382,46.8739983944763,0.818105605558147,-0.233983315647713,1.78673415490618
"NGC",-18.7965446675661,85.7771032452011,-4.65916664811161,35.7565621131447,68.4272200585521,46.8544401171042,0.817764249221985,-0.232958332405581,1.78782810565723
"NGC",-18.7917301514752,85.8078861459115,-4.63863046655522,35.7784651119917,68.417440919866,46.8348818397321,0.817422892885824,-0.231931523327761,1.78892325559959
"NGC",-18.7868981369924,85.8387501106851,-4.61805766905298,35.8003921580501,68.40766178118,46.8153235623599,0.817081536549662,-0.230902883452649,1.7900196079025
"NGC",-18.7820485663549,85.8696953269977,-4.5974481560957,35.8223433148261,68.3978826424939,46.7957652849878,0.8167401802135,-0.229872407804785,1.79111716574131
"NGC",-18.7771813816255,85.9007219827119,-4.57680182789638,35.8443186459472,68.3881035038079,46.7762070076157,0.816398823877338,-0.228840091394819,1.79221593229736
"NGC",-18.7722965246924,85.9318302660773,-4.55611858438953,35.866318215162,68.3783243651218,46.7566487302436,0.816057467541176,-0.227805929219477,1.7933159107581
"NGC",-18.767393937269,85.9630203657318,-4.53539832523049,35.8883420863405,68.3685452264357,46.7370904528715,0.815716111205015,-0.226769916261524,1.79441710431702
"NGC",-18.762473560893,85.9942924707021,-4.51464094979467,35.9103903234743,68.3587660877497,46.7175321754993,0.815374754868853,-0.225732047489734,1.79551951617372
"NGC",-18.7575353369261,86.0256467704046,-4.49384635717698,35.9324629906769,68.3489869490636,46.6979738981272,0.815033398532691,-0.224692317858849,1.79662314953384
"NGC",-18.7525792065536,86.0570834546458,-4.47301444619101,35.9545601521833,68.3392078103775,46.6784156207551,0.814692042196529,-0.223650722309551,1.79772800760916
"NGC",-18.7476051107837,86.0886027136234,-4.4521451153684,35.9766818723508,68.3294286716915,46.658857343383,0.814350685860367,-0.22260725576842,1.79883409361754
"NGC",-18.7426129904471,86.1202047379268,-4.43123826295813,35.998828215659,68.3196495330054,46.6392990660109,0.814009329524206,-0.221561913147907,1.79994141078295
"NGC",-18.7376027861966,86.1518897185381,-4.41029378692581,36.0209992467095,68.3098703943194,46.6197407886387,0.813667973188044,-0.22051468934629,1.80104996233548
"NGC",-18.7325744385065,86.1836578468327,-4.38931158495296,36.0431950302268,68.3000912556333,46.6001825112666,0.813326616851882,-0.219465579247648,1.80215975151134
"NGC",-18.7275278876719,86.2155093145798,-4.36829155443637,36.0654156310579,68.2903121169472,46.5806242338945,0.81298526051572,-0.218414577721818,1.80327078155289
"NGC",-18.7224630738089,86.2474443139439,-4.34723359248729,36.0876611141725,68.2805329782612,46.5610659565224,0.812643904179558,-0.217361679624365,1.80438305570863
"NGC",-18.717379936853,86.2794630374846,-4.32613759593084,36.1099315446637,68.2707538395751,46.5415076791503,0.812302547843397,-0.216306879796542,1.80549657723318
"NGC",-18.7122784165599,86.3115656781582,-4.30500346130521,36.1322269877473,68.2609747008891,46.5219494017781,0.811961191507235,-0.215250173065261,1.80661134938736
"NGC",-18.7071584525037,86.3437524293178,-4.28383108486099,36.1545475087627,68.251195562203,46.502391124406,0.811619835171073,-0.214191554243049,1.80772737543813
"NGC",-18.7020199840774,86.3760234847145,-4.26262036256045,36.1768931731727,68.241416423517,46.4828328470339,0.811278478834911,-0.213131018128023,1.80884465865864
"NGC",-18.6968629504919,86.4083790384981,-4.24137119007682,36.1992640465638,68.2316372848309,46.4632745696618,0.81093712249875,-0.212068559503841,1.80996320232819
"NGC",-18.6916872907756,86.4408192852175,-4.22008346279359,36.2216601946462,68.2218581461448,46.4437162922897,0.810595766162588,-0.21100417313968,1.81108300973231
"NGC",-18.6864929437738,86.4733444198221,-4.19875707580379,36.2440816832542,68.2120790074588,46.4241580149175,0.810254409826426,-0.20993785379019,1.81220408416271
"NGC",-18.6812798481486,86.5059546376619,-4.17739192390923,36.266528578346,68.2022998687727,46.4045997375454,0.809913053490264,-0.208869596195462,1.8133264289173
"NGC",-18.6760479423777,86.5386501344886,-4.15598790161986,36.2890009460042,68.1925207300867,46.3850414601733,0.809571697154102,-0.207799395080993,1.81445004730021
"NGC",-18.6707971647545,86.5714311064566,-4.13454490315296,36.311498852436,68.1827415914006,46.3654831828012,0.80923034081794,-0.206727245157648,1.8155749426218
"NGC",-18.6655274533873,86.6042977501231,-4.11306282243248,36.334022363973,68.1729624527145,46.3459249054291,0.808888984481779,-0.205653141121624,1.81670111819865
"NGC",-18.6602387461988,86.6372502624497,-4.09154155308829,36.3565715470716,68.1631833140285,46.3263666280569,0.808547628145617,-0.204577077654414,1.81782857735358
"NGC",-18.6549309809256,86.6702888408025,-4.06998098845544,36.3791464683131,68.1534041753424,46.3068083506848,0.808206271809455,-0.203499049422772,1.81895732341566
"NGC",-18.6496040951179,86.703413682953,-4.04838102157347,36.401747194404,68.1436250366563,46.2872500733127,0.807864915473293,-0.202419051078674,1.8200873597202
"NGC",-18.6442580261385,86.7366249870795,-4.02674154518565,36.4243737921758,68.1338458979703,46.2676917959406,0.807523559137132,-0.201337077259282,1.82121868960879
"NGC",-18.6388927111627,86.7699229517668,-4.00506245173822,36.4470263285858,68.1240667592842,46.2481335185685,0.80718220280097,-0.200253122586911,1.82235131642929
"NGC",-18.6335080871778,86.8033077760079,-3.98334363337973,36.4697048707165,68.1142876205982,46.2285752411964,0.806840846464808,-0.199167181668987,1.82348524353583
"NGC",-18.6281040909821,86.8367796592044,-3.96158498196026,36.4924094857763,68.1045084819121,46.2090169638242,0.806499490128646,-0.198079249098013,1.82462047428881
"NGC",-18.622680659185,86.8703388011672,-3.93978638903066,36.5151402410994,68.094729343226,46.1894586864521,0.806158133792484,-0.196989319451533,1.82575701205497
"NGC",-18.6172377282061,86.9039854021174,-3.91794774584187,36.5378972041462,68.08495020454,46.16990040908,0.805816777456323,-0.195897387292094,1.82689486020731
"NGC",-18.6117752342746,86.9377196626874,-3.89606894334413,36.5606804425031,68.0751710658539,46.1503421317079,0.805475421120161,-0.194803447167206,1.82803402212515
"NGC",-18.6062931134291,86.9715417839209,-3.87414987218627,36.583490023883,68.0653919271679,46.1307838543358,0.805134064783999,-0.193707493609313,1.82917450119415
"NGC",-18.6007913015167,87.0054519672744,-3.85219042271491,36.6063260161253,68.0556127884818,46.1112255769636,0.804792708447837,-0.192609521135746,1.83031630080627
"NGC",-18.5952697341929,87.0394504146179,-3.83019048497383,36.6291884871962,68.0458336497958,46.0916672995915,0.804451352111676,-0.191509524248692,1.83145942435981
"NGC",-18.5897283469206,87.0735373282352,-3.80814994870309,36.6520775051886,68.0360545111097,46.0721090222194,0.804109995775514,-0.190407497435154,1.83260387525943
"NGC",-18.58416707497,87.1077129108253,-3.78606870333834,36.6749931383224,68.0262753724236,46.0525507448473,0.803768639439352,-0.189303435166917,1.83374965691612
"NGC",-18.5785858534177,87.1419773655027,-3.76394663801013,36.6979354549449,68.0164962337376,46.0329924674751,0.80342728310319,-0.188197331900507,1.83489677274724
"NGC",-18.5729846171464,87.1763308957987,-3.74178364154303,36.7209045235305,68.0067170950515,46.013434190103,0.803085926767028,-0.187089182077152,1.83604522617652
"NGC",-18.5673633008442,87.2107737056617,-3.71957960245497,36.7439004126811,67.9969379563655,45.9938759127309,0.802744570430867,-0.185978980122748,1.83719502063406
"NGC",-18.5617218390043,87.2453059994582,-3.69733440895646,36.7669231911265,67.9871588176794,45.9743176353588,0.802403214094705,-0.184866720447823,1.83834615955633
"NGC",-18.5560601659241,87.2799279819738,-3.67504794894984,36.7899729277241,67.9773796789933,45.9547593579867,0.802061857758543,-0.183752397447492,1.83949864638621
"NGC",-18.550378215705,87.3146398584136,-3.6527201100285,36.8130496914594,67.9676005403073,45.9352010806146,0.801720501422381,-0.182636005501425,1.84065248457297
"NGC",-18.5446759222518,87.3494418344033,-3.6303507794761,36.8361535514459,67.9578214016212,45.9156428032424,0.801379145086219,-0.181517538973805,1.8418076775723
"NGC",-18.5389532192719,87.38433411599,-3.60793984426591,36.8592845769257,67.9480422629352,45.8960845258703,0.801037788750058,-0.180396992213296,1.84296422884628
"NGC",-18.5332100402749,87.4193169096428,-3.5854871910599,36.8824428372689,67.9382631242491,45.8765262484982,0.800696432413896,-0.179274359552995,1.84412214186345
"NGC",-18.5274463185723,87.4543904222538,-3.5629927062081,36.9056284019748,67.928483985563,45.8569679711261,0.800355076077734,-0.178149635310405,1.84528142009874
"NGC",-18.5216619872766,87.4895548611388,-3.54045627574777,36.9288413406711,67.918704846877,45.837409693754,0.800013719741572,-0.177022813787388,1.84644206703355
"NGC",-18.5158569793008,87.5248104340382,-3.5178777854026,36.9520817231145,67.9089257081909,45.8178514163818,0.79967236340541,-0.17589388927013,1.84760408615572
"NGC",-18.510031227358,87.5601573491176,-3.49525712058203,36.9753496191909,67.8991465695049,45.7982931390097,0.799331007069249,-0.174762856029101,1.84876748095954
"NGC",-18.5041846639608,87.5955958149691,-3.4725941663804,36.9986450989155,67.8893674308188,45.7787348616376,0.798989650733087,-0.17362970831902,1.84993225494577
"NGC",-18.4983172214208,87.6311260406115,-3.44988880757619,37.0219682324329,67.8795882921327,45.7591765842655,0.798648294396925,-0.172494440378809,1.85109841162164
"NGC",-18.4924288318477,87.6667482354914,-3.4271409286313,37.0453190900172,67.8698091534467,45.7396183068934,0.798306938060763,-0.171357046431565,1.85226595450086
"NGC",-18.4865194271493,87.7024626094843,-3.40435041369018,37.0686977420726,67.8600300147606,45.7200600295212,0.797965581724601,-0.170217520684509,1.85343488710363
"NGC",-18.4805889390304,87.7382693728948,-3.38151714657913,37.0921042591327,67.8502508760746,45.7005017521491,0.79762422538844,-0.169075857328956,1.85460521295664
"NGC",-18.4746372989927,87.774168736458,-3.35864101080544,37.1155387118617,67.8404717373885,45.680943474777,0.797282869052278,-0.167932050540272,1.85577693559309
"NGC",-18.4686644383338,87.81016091134,-3.3357218895567,37.1390011710538,67.8306925987024,45.6613851974049,0.796941512716116,-0.166786094477835,1.85695005855269
"NGC",-18.4626702881469,87.8462461091388,-3.31275966569994,37.1624917076336,67.8209134600164,45.6418269200328,0.796600156379954,-0.165637983284997,1.85812458538168
"NGC",-18.4566547793205,87.8824245418852,-3.28975422178089,37.1860103926564,67.8111343213303,45.6222686426606,0.796258800043792,-0.164487711089044,1.85930051963282
"NGC",-18.4506178425371,87.9186964220434,-3.26670544002313,37.2095572973081,67.8013551826443,45.6027103652885,0.795917443707631,-0.163335272001156,1.8604778648654
"NGC",-18.4445594082733,87.9550619625122,-3.24361320232736,37.2331324929056,67.7915760439582,45.5831520879164,0.795576087371469,-0.162180660116368,1.86165662464528
"NGC",-18.4384794067988,87.9915213766255,-3.2204773902706,37.2567360508968,67.7817969052721,45.5635938105443,0.795234731035307,-0.16102386951353,1.86283680254484
"NGC",-18.4323777681763,88.0280748781533,-3.19729788510537,37.280368042861,67.7720177665861,45.5440355331722,0.794893374699145,-0.159864894255269,1.86401840214305
"NGC",-18.4262544222604,88.0647226813023,-3.1740745677589,37.3040285405086,67.7622386279,45.5244772558,0.794552018362984,-0.158703728387945,1.86520142702543
"NGC",-18.4201092986973,88.1014650007172,-3.15080731883235,37.3277176156817,67.752459489214,45.5049189784279,0.794210662026822,-0.157540365941617,1.86638588078409
"NGC",-18.4139423269243,88.1383020514812,-3.12749601859997,37.3514353403543,67.7426803505279,45.4853607010558,0.79386930569066,-0.156374800929999,1.86757176701772
"NGC",-18.4077534361691,88.1752340491166,-3.10414054700838,37.375181786632,67.7329012118418,45.4658024236837,0.793527949354498,-0.155207027350419,1.8687590893316
"NGC",-18.401542555449,88.2122612095864,-3.08074078367568,37.3989570267524,67.7231220731558,45.4462441463116,0.793186593018336,-0.154037039183784,1.86994785133762
"NGC",-18.3953096135708,88.2493837492942,-3.05729660789065,37.4227611330856,67.7133429344697,45.4266858689394,0.792845236682175,-0.152864830394533,1.87113805665428
"NGC",-18.38905453913,88.2866018850859,-3.03380789861203,37.4465941781339,67.7035637957837,45.4071275915673,0.792503880346013,-0.151690394930602,1.8723297089067
"NGC",-18.38277726051,88.32391583425,-3.01027453446761,37.4704562345321,67.6937846570976,45.3875693141952,0.792162524009851,-0.15051372672338,1.87352281172661
"NGC",-18.3764777058818,88.3613258145186,-2.98669639375348,37.4943473750478,67.6840055184115,45.3680110368231,0.791821167673689,-0.149334819687674,1.87471736875239
"NGC",-18.3701558032034,88.3988320440682,-2.9630733544332,37.5182676725812,67.6742263797255,45.348452759451,0.791479811337527,-0.14815366772166,1.87591338362906
"NGC",-18.3638114802189,88.4364347415208,-2.93940529413695,37.5422172001659,67.6644472410394,45.3288944820788,0.791138455001366,-0.146970264706848,1.87711086000829
"NGC",-18.3574446644583,88.4741341259443,-2.91569209016084,37.5661960309683,67.6546681023534,45.3093362047067,0.790797098665204,-0.145784604508042,1.87830980154842
"NGC",-18.3510552832368,88.5119304168539,-2.89193361946588,37.5902042382885,67.6448889636673,45.2897779273346,0.790455742329042,-0.144596680973294,1.87951021191443
"NGC",-18.344643263654,88.5498238342123,-2.86812975867736,37.6142418955598,67.6351098249812,45.2702196499625,0.79011438599288,-0.143406487933868,1.88071209477799
"NGC",-18.3382085325936,88.5878145984314,-2.84428038408395,37.6383090763494,67.6253306862952,45.2506613725904,0.789773029656718,-0.142214019204198,1.88191545381747
"NGC",-18.3317510167226,88.6259029303721,-2.82038537163683,37.6624058543581,67.6155515476091,45.2311030952182,0.789431673320557,-0.141019268581841,1.88312029271791
"NGC",-18.3252706424907,88.6640890513462,-2.79644459694896,37.6865323034209,67.6057724089231,45.2115448178461,0.789090316984395,-0.139822229847448,1.88432661517105
"NGC",-18.3187673361298,88.7023731831165,-2.77245793529414,37.710688497507,67.595993270237,45.191986540474,0.788748960648233,-0.138622896764707,1.88553442487535
"NGC",-18.3122410236535,88.7407555478983,-2.74842526160632,37.7348745107196,67.586214131551,45.1724282631019,0.788407604312071,-0.137421263080316,1.88674372553598
"NGC",-18.3056916308562,88.7792363683594,-2.72434645047865,37.7590904172967,67.5764349928649,45.1528699857298,0.78806624797591,-0.136217322523932,1.88795452086483
"NGC",-18.2991190833128,88.8178158676221,-2.70022137616268,37.7833362916108,67.5666558541788,45.1333117083576,0.787724891639748,-0.135011068808134,1.88916681458054
"NGC",-18.2925233063778,88.8564942692628,-2.67604991256757,37.8076122081693,67.5568767154928,45.1137534309855,0.787383535303586,-0.133802495628379,1.89038061040846
"NGC",-18.2859042251848,88.8952717973142,-2.65183193325918,37.8319182416145,67.5470975768067,45.0941951536134,0.787042178967424,-0.132591596662959,1.89159591208072
"NGC",-18.2792617646463,88.9341486762649,-2.6275673114593,37.8562544667238,67.5373184381206,45.0746368762413,0.786700822631262,-0.131378365572965,1.89281272333619
"NGC",-18.2725958494524,88.9731251310612,-2.60325592004478,37.8806209584101,67.5275392994346,45.0550785988692,0.7863594662951,-0.130162796002239,1.89403104792051
"NGC",-18.2659064040706,89.0122013871075,-2.57889763154666,37.9050177917216,67.5177601607485,45.035520321497,0.786018109958939,-0.128944881577333,1.89525088958608
"NGC",-18.259193352745,89.0513776702674,-2.55449231814938,37.9294450418421,67.5079810220625,45.0159620441249,0.785676753622777,-0.127724615907469,1.89647225209211
"NGC",-18.252456619496,89.0906542068645,-2.53003985168988,37.9539027840913,67.4982018833764,44.9964037667528,0.785335397286615,-0.126501992584494,1.89769513920457
"NGC",-18.2456961281194,89.1300312236832,-2.50554010365679,37.9783910939248,67.4884227446903,44.9768454893807,0.784994040950453,-0.12527700518284,1.89891955469624
"NGC",-18.2389118021858,89.1695089479697,-2.4809929451896,38.0029100469343,67.4786436060043,44.9572872120086,0.784652684614292,-0.12404964725948,1.90014550234672
"NGC",-18.23210356504,89.2090876074326,-2.45639824707773,38.0274597188478,67.4688644673182,44.9377289346365,0.78431132827813,-0.122819912353886,1.90137298594239
"NGC",-18.2252713398005,89.2487674302444,-2.43175587975975,38.0520401855298,67.4590853286322,44.9181706572643,0.783969971941968,-0.121587793987987,1.90260200927649
"NGC",-18.2184150493588,89.2885486450418,-2.40706571332247,38.0766515229814,67.4493061899461,44.8986123798922,0.783628615605806,-0.120353285666124,1.90383257614907
"NGC",-18.2115346163786,89.3284314809268,-2.38232761750014,38.1012938073404,67.43952705126,44.8790541025201,0.783287259269644,-0.119116380875007,1.90506469036702
"NGC",-18.2046299632955,89.3684161674676,-2.35754146167355,38.1259671148815,67.429747912574,44.859495825148,0.782945902933483,-0.117877073083678,1.90629835574407
"NGC",-18.1977010123162,89.4085029346993,-2.33270711486916,38.1506715220166,67.4199687738879,44.8399375477758,0.782604546597321,-0.116635355743458,1.90753357610083
"NGC",-18.1907476854179,89.4486920131251,-2.3078244457583,38.1754071052949,67.4101896352019,44.8203792704037,0.782263190261159,-0.115391222287915,1.90877035526475
"NGC",-18.1837699043474,89.4889836337172,-2.2828933226562,38.200173941403,67.4004104965158,44.8008209930316,0.781921833924997,-0.11414466613281,1.91000869707015
"NGC",-18.1767675906211,89.5293780279174,-2.25791361352122,38.224972107165,67.3906313578297,44.7812627156595,0.781580477588835,-0.112895680676061,1.91124860535825
"NGC",-18.1697406655236,89.569875427638,-2.23288518595393,38.2498016795427,67.3808522191437,44.7617044382874,0.781239121252674,-0.111644259297697,1.91249008397714
"NGC",-18.1626890501078,89.610476065263,-2.20780790719624,38.2746627356361,67.3710730804576,44.7421461609153,0.780897764916512,-0.110390395359812,1.9137331367818
"NGC",-18.1556126651937,89.651180173649,-2.18268164413058,38.299555352683,67.3612939417716,44.7225878835431,0.78055640858035,-0.109134082206529,1.91497776763415
"NGC",-18.1485114313679,89.6919879861255,-2.15750626327893,38.3244796080597,67.3515148030855,44.703029606171,0.780215052244188,-0.107875313163947,1.91622398040298
"NGC",-18.1413852689832,89.7328997364967,-2.13228163080202,38.3494355792806,67.3417356643995,44.6834713287989,0.779873695908026,-0.106614081540101,1.91747177896403
"NGC",-18.1342340981576,89.7739156590418,-2.10700761249842,38.3744233439989,67.3319565257134,44.6639130514268,0.779532339571865,-0.105350380624921,1.91872116719995
"NGC",-18.1270578387741,89.8150359885159,-2.08168407380367,38.3994429800065,67.3221773870273,44.6443547740547,0.779190983235703,-0.104084203690183,1.91997214900033
"NGC",-18.1198564104795,89.8562609601513,-2.05631087978939,38.4244945652342,67.3123982483413,44.6247964966825,0.778849626899541,-0.102815543989469,1.92122472826171
"NGC",-18.1126297326842,89.8975908096581,-2.03088789516238,38.4495781777518,67.3026191096552,44.6052382193104,0.778508270563379,-0.101544394758119,1.92247890888759
"NGC",-18.1053777245614,89.9390257732252,-2.00541498426378,38.4746938957684,67.2928399709692,44.5856799419383,0.778166914227218,-0.100270749213189,1.92373469478842
"NGC",-18.0981003050464,89.980566087521,-1.97989201106813,38.4998417976324,67.2830608322831,44.5661216645662,0.777825557891056,-0.0989946005534063,1.92499208988162
"NGC",-18.0907973928359,90.022211989695,-1.95431883918248,38.5250219618319,67.273281693597,44.5465633871941,0.777484201554894,-0.0977159419591238,1.92625109809159
"NGC",-18.0834689063877,90.0639637173779,-1.92869533184555,38.5502344669946,67.263502554911,44.5270051098219,0.777142845218732,-0.0964347665922777,1.92751172334973
"NGC",-18.0761147639193,90.1058215086828,-1.90302135192678,38.5754793918881,67.2537234162249,44.5074468324498,0.77680148888257,-0.0951510675963388,1.9287739695944
"NGC",-18.0687348834083,90.1477856022064,-1.87729676192545,38.6007568154201,67.2439442775388,44.4878885550777,0.776460132546409,-0.0938648380962727,1.93003784077101
"NGC",-18.0613291825907,90.1898562370296,-1.85152142396982,38.6260668166385,67.2341651388528,44.4683302777056,0.776118776210247,-0.0925760711984911,1.93130334083193
"NGC",-18.0538975789609,90.2320336527186,-1.82569519981612,38.6514094747316,67.2243860001667,44.4487720003335,0.775777419874085,-0.091284759990806,1.93257047373658
"NGC",-18.0464399897708,90.2743180893256,-1.79981795084779,38.676784869028,67.2146068614807,44.4292137229614,0.775436063537923,-0.0899908975423894,1.9338392434514
"NGC",-18.0389563320291,90.3167097873901,-1.77388953807445,38.7021930789974,67.2048277227946,44.4096554455892,0.775094707201761,-0.0886944769037223,1.93510965394987
"NGC",-18.0314465225008,90.3592089879395,-1.74790982213107,38.7276341842502,67.1950485841085,44.3900971682171,0.7747533508656,-0.0873954911065535,1.93638170921251
"NGC",-18.0239104777064,90.4018159324901,-1.72187866327706,38.7531082645376,67.1852694454225,44.370538890845,0.774411994529438,-0.086093933163853,1.93765541322688
"NGC",-18.0163481139212,90.4445308630483,-1.69579592139528,38.7786153997523,67.1754903067364,44.3509806134729,0.774070638193276,-0.0847897960697642,1.93893076998761
"NGC",-18.0087593471747,90.487354022111,-1.66966145599124,38.8041556699282,67.1657111680504,44.3314223361007,0.773729281857114,-0.0834830727995619,1.94020778349641
"NGC",-18.00114409325,90.530285652667,-1.64347512619206,38.8297291552409,67.1559320293643,44.3118640587286,0.773387925520952,-0.0821737563096029,1.94148645776204
"NGC",-17.9935022676829,90.573325998198,-1.61723679074567,38.8553359360074,67.1461528906783,44.2923057813565,0.773046569184791,-0.0808618395372833,1.94276679680037
"NGC",-17.9858337857615,90.616475302679,-1.59094630801983,38.8809760926869,67.1363737519922,44.2727475039844,0.772705212848629,-0.0795473154009916,1.94404880463434
"NGC",-17.9781385625252,90.6597338105798,-1.56460353600119,38.9066497058802,67.1265946133061,44.2531892266123,0.772363856512467,-0.0782301768000594,1.94533248529401
"NGC",-17.9704165127643,90.7031017668655,-1.53820833229443,38.9323568563307,67.1168154746201,44.2336309492402,0.772022500176305,-0.0769104166147214,1.94661784281653
"NGC",-17.9626675510194,90.7465794169981,-1.51176055412125,38.9580976249238,67.107036335934,44.214072671868,0.771681143840144,-0.0755880277060624,1.94790488124619
"NGC",-17.9548915915801,90.7901670069364,-1.48526005831952,38.9838720926876,67.097257197248,44.1945143944959,0.771339787503982,-0.0742630029159761,1.94919360463438
"NGC",-17.9470885484852,90.8338647831381,-1.45870670134233,39.0096803407929,67.0874780585619,44.1749561171238,0.77099843116782,-0.0729353350671165,1.95048401703964
"NGC",-17.9392583355211,90.87767299256,-1.43210033925701,39.0355224505531,67.0776989198758,44.1553978397517,0.770657074831658,-0.0716050169628503,1.95177612252765
"NGC",-17.931400866222,90.9215918826591,-1.40544082774425,39.0613985034248,67.0679197811898,44.1358395623796,0.770315718495496,-0.0702720413872123,1.95306992517124
"NGC",-17.9235160538686,90.9656217013938,-1.37872802209712,39.0873085810078,67.0581406425037,44.1162812850074,0.769974362159335,-0.0689364011048562,1.95436542905039
"NGC",-17.9156038114873,91.0097626972245,-1.35196177722022,39.1132527650451,67.0483615038177,44.0967230076353,0.769633005823173,-0.0675980888610112,1.95566263825225
"NGC",-17.9076640518502,91.0540151191149,-1.32514194762862,39.1392311374232,67.0385823651316,44.0771647302632,0.769291649487011,-0.0662570973814309,1.95696155687116
"NGC",-17.8996966874738,91.0983792165327,-1.29826838744697,39.1652437801722,67.0288032264455,44.0576064528911,0.768950293150849,-0.0649134193723483,1.95826218900861
"NGC",-17.8917016306185,91.1428552394507,-1.27134095040859,39.1912907754662,67.0190240877595,44.038048175519,0.768608936814687,-0.0635670475204295,1.95956453877331
"NGC",-17.8836787932879,91.1874434383478,-1.24435948985447,39.2173722056232,67.0092449490734,44.0184898981468,0.768267580478526,-0.0622179744927233,1.96086861028116
"NGC",-17.8756280872279,91.2321440642096,-1.21732385873234,39.2434881531052,66.9994658103873,43.9989316207747,0.767926224142364,-0.0608661929366168,1.96217440765526
"NGC",-17.8675494239265,91.2769573685301,-1.19023390959573,39.2696387005188,66.9896866717013,43.9793733434026,0.767584867806202,-0.0595116954797867,1.96348193502594
"NGC",-17.8594427146126,91.321883603312,-1.16308949460301,39.2958239306147,66.9799075330152,43.9598150660305,0.76724351147004,-0.0581544747301505,1.96479119653074
"NGC",-17.8513078702554,91.3669230210678,-1.13589046551642,39.3220439262886,66.9701283943292,43.9402567886584,0.766902155133878,-0.0567945232758209,1.96610219631443
"NGC",-17.8431448015637,91.412075874821,-1.10863667370111,39.3482987705807,66.9603492556431,43.9206985112862,0.766560798797717,-0.0554318336850557,1.96741493852904
"NGC",-17.8349534189856,91.4573424181071,-1.08132797012423,39.3745885466764,66.950570116957,43.9011402339141,0.766219442461555,-0.0540663985062116,1.96872942733382
"NGC",-17.8267336327069,91.5027229049742,-1.05396420535391,39.4009133379061,66.940790978271,43.881581956542,0.765878086125393,-0.0526982102676955,1.97004566689531
"NGC",-17.8184853526514,91.5482175899842,-1.0265452295583,39.4272732277456,66.9310118395849,43.8620236791699,0.765536729789231,-0.051327261477915,1.97136366138728
"NGC",-17.8102084884793,91.593826728214,-0.999070892504663,39.4536682998158,66.9212327008989,43.8424654017978,0.76519537345307,-0.0499535446252332,1.97268341499079
"NGC",-17.8019029495871,91.639550575256,-0.971541043558315,39.4800986378838,66.9114535622128,43.8229071244256,0.764854017116908,-0.0485770521779157,1.97400493189419
"NGC",-17.7935686451065,91.6853893872197,-0.943955531681733,39.506564325862,66.9016744235268,43.8033488470535,0.764512660780746,-0.0471977765840866,1.9753282162931
"NGC",-17.7852054839041,91.731343420732,-0.916314205433568,39.5330654478089,66.8918952848407,43.7837905696814,0.764171304444584,-0.0458157102716784,1.97665327239045
"NGC",-17.7768133745799,91.7774129329387,-0.888616912967599,39.5596020879293,66.8821161461546,43.7642322923093,0.763829948108422,-0.04443084564838,1.97798010439646
"NGC",-17.7683922254676,91.8235981815054,-0.860863502031868,39.5861743305739,66.8723370074686,43.7446740149372,0.763488591772261,-0.0430431751015934,1.97930871652869
"NGC",-17.759941944633,91.8698994246182,-0.833053819967597,39.6127822602401,66.8625578687825,43.725115737565,0.763147235436099,-0.0416526909983799,1.980639113012
"NGC",-17.7514624398737,91.9163169209851,-0.805187713708286,39.6394259615719,66.8527787300965,43.7055574601929,0.762805879099937,-0.0402593856854143,1.98197129807859
"NGC",-17.7429536187184,91.9628509298367,-0.777265029778684,39.6661055193599,66.8429995914104,43.6859991828208,0.762464522763775,-0.0388632514889342,1.98330527596799
"NGC",-17.7344153884258,92.0095017109273,-0.749285614293815,39.6928210185418,66.8332204527243,43.6664409054487,0.762123166427613,-0.0374642807146908,1.98464105092709
"NGC",-17.7258476559843,92.056269524536,-0.721249312957981,39.7195725442022,66.8234413140383,43.6468826280766,0.761781810091452,-0.0360624656478991,1.98597862721011
"NGC",-17.717250328111,92.1031546314676,-0.693155971063777,39.7463601815733,66.8136621753522,43.6273243507044,0.76144045375529,-0.0346577985531888,1.98731800907866
"NGC",-17.7086233112509,92.1501572930534,-0.665005433491124,39.7731840160342,66.8038830366662,43.6077660733323,0.761099097419128,-0.0332502716745562,1.98865920080171
"NGC",-17.6999665115766,92.1972777711526,-0.636797544706227,39.8000441331121,66.7941038979801,43.5882077959602,0.760757741082966,-0.0318398772353113,1.99000220665561
"NGC",-17.691279834987,92.2445163281532,-0.608532148760617,39.8269406184816,66.784324759294,43.5686495185881,0.760416384746804,-0.0304266074380308,1.99134703092408
"NGC",-17.6825631871067,92.2918732269726,-0.580209089290116,39.8538735579654,66.774545620608,43.549091241216,0.760075028410643,-0.0290104544645058,1.99269367789827
"NGC",-17.6738164732855,92.3393487310593,-0.551828209513856,39.8808430375341,66.7647664819219,43.5295329638438,0.759733672074481,-0.0275914104756928,1.9940421518767
"NGC",-17.6650395985976,92.3869431043934,-0.523389352233299,39.9078491433066,66.7549873432359,43.5099746864717,0.759392315738319,-0.0261694676116649,1.99539245716533
"NGC",-17.6562324678404,92.4346566114877,-0.494892359831192,39.9348919615504,66.7452082045498,43.4904164090996,0.759050959402157,-0.0247446179915596,1.99674459807752
"NGC",-17.6473949855344,92.482489517389,-0.466337074270546,39.9619715786812,66.7354290658637,43.4708581317275,0.758709603065995,-0.0233168537135273,1.99809857893406
"NGC",-17.638527055922,92.5304420876786,-0.437723337093701,39.9890880812637,66.7256499271777,43.4512998543554,0.758368246729834,-0.021886166854685,1.99945440406319
"NGC",-17.6296285829669,92.5785145884738,-0.409050989421216,40.0162415560115,66.7158707884916,43.4317415769832,0.758026890393672,-0.0204525494710608,2.00081207780057
"NGC",-17.6206994703532,92.6267072864289,-0.380319871950918,40.0434320897869,66.7060916498056,43.4121832996111,0.75768553405751,-0.0190159935975459,2.00217160448935
"NGC",-17.6117396214848,92.6750204487357,-0.351529824956893,40.0706597696018,66.6963125111195,43.392625022239,0.757344177721348,-0.0175764912478447,2.00353298848009
"NGC",-17.6027489394847,92.7234543431253,-0.322680688288384,40.0979246826174,66.6865333724334,43.3730667448669,0.757002821385186,-0.0161340344144192,2.00489623413087
"NGC",-17.593727327194,92.7720092378684,-0.293772301368886,40.1252269161443,66.6767542337474,43.3535084674948,0.756661465049025,-0.0146886150684443,2.00626134580722
"NGC",-17.5846746871712,92.820685401777,-0.264804503194991,40.1525665576429,66.6669750950613,43.3339501901226,0.756320108712863,-0.0132402251597495,2.00762832788215
"NGC",-17.5755909216916,92.8694831042047,-0.235777132335493,40.1799436947235,66.6571959563753,43.3143919127505,0.755978752376701,-0.0117888566167746,2.00899718473618
"NGC",-17.5664759327463,92.9184026150484,-0.206690026930281,40.2073584151463,66.6474168176892,43.2948336353784,0.755637396040539,-0.010334501346514,2.01036792075731
"NGC",-17.5573296220416,92.967444204749,-0.177543024689286,40.2348108068218,66.6376376790031,43.2752753580063,0.755296039704378,-0.00887715123446431,2.01174054034109
"NGC",-17.5481518909981,93.0166081442923,-0.148335962891539,40.2623009578108,66.6278585403171,43.2557170806342,0.754954683368216,-0.00741679814457696,2.01311504789054
"NGC",-17.5389426407499,93.0658947052108,-0.119068678384018,40.2898289563247,66.618079401631,43.236158803262,0.754613327032054,-0.00595343391920089,2.01449144781624
"NGC",-17.5297017721441,93.1153041595835,-0.0897410075807326,40.3173948907255,66.608300262945,43.2166005258899,0.754271970695892,-0.00448705037903663,2.01586974453628
"NGC",-17.5204291857396,93.1648367800381,-0.060352786461586,40.3449988495261,66.5985211242589,43.1970422485178,0.75393061435973,-0.0030176393230793,2.0172499424763
"NGC",-17.5111247818067,93.2144928397514,-0.0309038505713732,40.3726409213903,66.5887419855728,43.1774839711457,0.753589258023569,-0.00154519252856866,2.01863204606951
"NGC",-17.5017884603259,93.2642726124504,-0.00139403501874469,40.4003211951332,66.5789628468868,43.1579256937736,0.753247901687407,-6.97017509372344e-05,2.02001605975666
"NGC",-17.4924201209876,93.3141763724138,0.0281768255248949,40.4280397597211,66.5691837082007,43.1383674164015,0.752906545351245,0.00140884127624474,2.02140198798606
"NGC",-17.483019663191,93.3642043944726,0.0578088968263479,40.455796704272,66.5594045695147,43.1188091390293,0.752565189015083,0.0028904448413174,2.0227898352136
"NGC",-17.4735869860431,93.414356954011,0.0875023450917478,40.4835921180553,66.5496254308286,43.0992508616572,0.752223832678921,0.00437511725458739,2.02417960590277
"NGC",-17.4641219883586,93.4646343269683,0.117257336967609,40.5114260904924,66.5398462921425,43.0796925842851,0.75188247634276,0.00586286684838044,2.02557130452462
"NGC",-17.4546245686584,93.5150367898387,0.14707403954183,40.5392987111567,66.5300671534565,43.060134306913,0.751541120006598,0.00735370197709151,2.02696493555783
"NGC",-17.445094625169,93.5655646196737,0.176952620344837,40.5672100697735,66.5202880147704,43.0405760295409,0.751199763670436,0.00884763101724184,2.02836050348868
"NGC",-17.435532055822,93.6162180940821,0.206893247350566,40.5951602562207,66.5105088760844,43.0210177521687,0.750858407334274,0.0103446623675283,2.02975801281104
"NGC",-17.4259367582529,93.6669974912318,0.23689608897755,40.6231493605286,66.5007297373983,43.0014594747966,0.750517050998113,0.0118448044488775,2.03115746802643
"NGC",-17.4163086298006,93.7179030898502,0.266961314090035,40.6511774728799,66.4909505987122,42.9819011974245,0.750175694661951,0.0133480657045018,2.03255887364399
"NGC",-17.4066475675063,93.7689351692259,0.297089091998979,40.6792446836103,66.4811714600262,42.9623429200524,0.749834338325789,0.0148544545999489,2.03396223418052
"NGC",-17.396953468113,93.8200940092094,0.327279592463179,40.7073510832086,66.4713923213401,42.9427846426803,0.749492981989627,0.0163639796231589,2.03536755416043
"NGC",-17.3872262280643,93.8713798902143,0.357532985690292,40.7354967623164,66.4616131826541,42.9232263653081,0.749151625653465,0.0178766492845146,2.03677483811582
"NGC",-17.3774657435041,93.9227930932182,0.387849442337957,40.7636818117287,66.451834043968,42.903668087936,0.748810269317304,0.0193924721168979,2.03818409058644
"NGC",-17.3676719102753,93.9743338997641,0.418229133514867,40.7919063223941,66.442054905282,42.8841098105639,0.748468912981142,0.0209114566757433,2.0395953161197
"NGC",-17.3578446239192,94.0260025919613,0.448672230781817,40.8201703854145,66.4322757665959,42.8645515331918,0.74812755664498,0.0224336115390908,2.04100851927072
"NGC",-17.3479837796748,94.0777994524862,0.479178906152828,40.8484740920458,66.4224966279098,42.8449932558197,0.747786200308818,0.0239589453076414,2.04242370460229
"NGC",-17.3380892724778,94.129724764584,0.509749332096203,40.8768175336978,66.4127174892238,42.8254349784475,0.747444843972656,0.0254874666048102,2.04384087668489
"NGC",-17.3281609969596,94.1817788120692,0.540383681535626,40.9052008019343,66.4029383505377,42.8058767010754,0.747103487636495,0.0270191840767813,2.04526004009671
"NGC",-17.318198847447,94.233961879327,0.571082127851286,40.9336239884734,66.3931592118516,42.7863184237033,0.746762131300333,0.0285541063925643,2.04668119942367
"NGC",-17.3082027179608,94.2862742513145,0.601844844880888,40.9620871851876,66.3833800731656,42.7667601463312,0.746420774964171,0.0300922422440444,2.04810435925938
"NGC",-17.2981725022153,94.3387162135614,0.632672006920862,40.990590484104,66.3736009344795,42.7472018689591,0.746079418628009,0.0316336003460431,2.0495295242052
"NGC",-17.2881080936176,94.3912880521714,0.663563788727335,41.0191339774044,66.3638217957935,42.7276435915869,0.745738062291847,0.0331781894363667,2.05095669887022
"NGC",-17.2780093852663,94.443990053823,0.694520365517328,41.0477177574255,66.3540426571074,42.7080853142148,0.745396705955686,0.0347260182758664,2.05238588787127
"NGC",-17.267876269951,94.4968225057712,0.725541912969851,41.0763419166591,66.3442635184213,42.6885270368427,0.745055349619524,0.0362770956484926,2.05381709583295
"NGC",-17.2577086401514,94.5497856958478,0.75662860722693,41.1050065477522,66.3344843797353,42.6689687594706,0.744713993283362,0.0378314303613465,2.05525032738761
"NGC",-17.2475063880364,94.6028799124631,0.787780624894832,41.1337117435071,66.3247052410492,42.6494104820985,0.7443726369472,0.0393890312447416,2.05668558717536
"NGC",-17.2372694054634,94.6561054446068,0.818998143045051,41.1624575968818,66.3149261023632,42.6298522047263,0.744031280611038,0.0409499071522526,2.05812287984409
"NGC",-17.2269975839772,94.7094625818492,0.850281339215533,41.1912442009899,66.3051469636771,42.6102939273542,0.743689924274877,0.0425140669607766,2.0595622100495
"NGC",-17.2166908148093,94.7629516143419,0.881630391411714,41.2200716491009,66.295367824991,42.5907356499821,0.743348567938715,0.0440815195705857,2.06100358245504
"NGC",-17.2063489888773,94.8165728328195,0.91304547810767,41.2489400346401,66.285588686305,42.57117737261,0.743007211602553,0.0456522739053835,2.06244700173201
"NGC",-17.1959719967834,94.8703265286004,0.94452677824727,41.2778494511895,66.2758095476189,42.5516190952379,0.742665855266391,0.0472263389123635,2.06389247255947
"NGC",-17.1855597288143,94.924212993588,0.976074471245201,41.3067999924869,66.2660304089329,42.5320608178657,0.74232449893023,0.04880372356226,2.06533999962434
"NGC",-17.1751120749398,94.9782325202715,1.0076887369882,41.3357917524269,66.2562512702468,42.5125025404936,0.741983142594068,0.05038443684941,2.06678958762134
"NGC",-17.1646289248121,95.0323854017278,1.03936975583614,41.3648248250607,66.2464721315608,42.4929442631215,0.741641786257906,0.0519684877918072,2.06824124125304
"NGC",-17.154110167765,95.0866719316216,1.07111770862313,41.3938993045964,66.2366929928747,42.4733859857494,0.741300429921744,0.0535558854311564,2.06969496522982
"NGC",-17.1435556928129,95.1410924042072,1.10293277665869,41.423015285399,66.2269138541886,42.4538277083773,0.740959073585582,0.0551466388329345,2.07115076426995
"NGC",-17.1329653886503,95.1956471143296,1.1348151417289,41.4521728619906,66.2171347155026,42.4342694310051,0.74061771724942,0.0567407570864449,2.07260864309953
"NGC",-17.1223391436505,95.2503363574255,1.16676498609745,41.4813721290507,66.2073555768165,42.414711153633,0.740276360913259,0.0583382493048725,2.07406860645254
"NGC",-17.1116768458646,95.3051604295241,1.19878249250692,41.5106131814164,66.1975764381305,42.3951528762609,0.739935004577097,0.059939124625346,2.07553065907082
"NGC",-17.1009783830215,95.3601196272489,1.23086784417977,41.5398961140821,66.1877972994444,42.3755945988888,0.739593648240935,0.0615433922089887,2.0769948057041
"NGC",-17.0902436425258,95.4152142478183,1.26302122481964,41.5692210222002,66.1780181607583,42.3560363215167,0.739252291904773,0.0631510612409822,2.07846105111001
"NGC",-17.0794725114581,95.4704445890471,1.29524281861237,41.5985880010811,66.1682390220723,42.3364780441445,0.738910935568612,0.0647621409306183,2.07992940005406
"NGC",-17.0686648765733,95.5258109493471,1.32753281022719,41.6279971461932,66.1584598833862,42.3169197667724,0.73856957923245,0.0663766405113593,2.08139985730966
"NGC",-17.0578206243,95.581313627729,1.35989138481793,41.6574485531632,66.1486807447002,42.2973614894003,0.738228222896288,0.0679945692408965,2.08287242765816
"NGC",-17.0469396407397,95.6369529238029,1.3923187280241,41.6869423177762,66.1389016060141,42.2778032120282,0.737886866560126,0.069615936401205,2.08434711588881
"NGC",-17.0360218116658,95.6927291377798,1.42481502597211,41.716478535976,66.129122467328,42.2582449346561,0.737545510223964,0.0712407512986055,2.0858239267988
"NGC",-17.0250670225226,95.7486425704726,1.45738046527637,41.7460573038649,66.119343328642,42.238686657284,0.737204153887803,0.0728690232638183,2.08730286519325
"NGC",-17.0140751584246,95.8046935232971,1.49001523304049,41.7756787177044,66.1095641899559,42.2191283799118,0.736862797551641,0.0745007616520246,2.08878393588522
"NGC",-17.0030461041558,95.8608822982738,1.52271951685848,41.805342873915,66.0997850512699,42.1995701025397,0.736521441215479,0.0761359758429241,2.09026714369575
"NGC",-16.9919797441683,95.917209198028,1.55549350481583,41.8350498690762,66.0900059125838,42.1800118251676,0.736180084879317,0.0777746752407913,2.09175249345381
"NGC",-16.9808759625815,95.9736745257921,1.58833738549079,41.8647997999273,66.0802267738977,42.1604535477955,0.735838728543155,0.0794168692745394,2.09323998999636
"NGC",-16.9697346431818,96.0302785854057,1.62125134795543,41.8945927633666,66.0704476352117,42.1408952704233,0.735497372206994,0.0810625673977714,2.09472963816833
"NGC",-16.9585556694208,96.0870216813177,1.65423558177691,41.9244288564526,66.0606684965256,42.1213369930512,0.735156015870832,0.0827117790888456,2.09622144282263
"NGC",-16.9473389244151,96.1439041185867,1.68729027701865,41.9543081764035,66.0508893578396,42.1017787156791,0.73481465953467,0.0843645138509324,2.09771540882017
"NGC",-16.9360842909451,96.2009262028827,1.72041562424142,41.9842308205973,66.0411102191535,42.082220438307,0.734473303198508,0.0860207812120708,2.09921154102987
"NGC",-16.9247916514539,96.2580882404878,1.75361181450465,42.0141968865726,66.0313310804674,42.0626621609349,0.734131946862347,0.0876805907252327,2.10070984432863
"NGC",-16.913460888047,96.315390538298,1.78687903936756,42.0442064720279,66.0215519417814,42.0431038835628,0.733790590526185,0.0893439519683779,2.1022103236014
"NGC",-16.9020918824906,96.3728334038238,1.82021749089031,42.0742596748226,66.0117728030953,42.0235456061906,0.733449234190023,0.0910108745445153,2.10371298374113
"NGC",-16.8906845162113,96.4304171451914,1.85362736163527,42.1043565929764,66.0019936644093,42.0039873288185,0.733107877853861,0.0926813680817633,2.10521782964882
"NGC",-16.879238670295,96.4881420711442,1.88710884466816,42.13449732467,65.9922145257232,41.9844290514464,0.732766521517699,0.0943554422334079,2.1067248662335
"NGC",-16.8677542254857,96.546008491044,1.92066213355929,42.1646819682452,65.9824353870371,41.9648707740743,0.732425165181538,0.0960331066779645,2.10823409841226
"NGC",-16.8562310621849,96.6040167148718,1.95428742238474,42.1949106222046,65.9726562483511,41.9453124967022,0.732083808845376,0.0977143711192368,2.10974553111023
"NGC",-16.8446690604506,96.6621670532291,1.9879849057275,42.2251833852124,65.962877109665,41.92575421933,0.731742452509214,0.0993992452863752,2.11125916926062
"NGC",-16.8330680999965,96.7204598173394,2.02175477867884,42.2555003560941,65.953097970979,41.9061959419579,0.731401096173052,0.101087738933942,2.1127750178047
"NGC",-16.8214280601906,96.7788953190491,2.05559723683935,42.2858616338367,65.9433188322929,41.8866376645858,0.73105973983689,0.102779861841968,2.11429308169184
"NGC",-16.8097488200548,96.8374738708286,2.08951247632027,42.3162673175892,65.9335396936068,41.8670793872137,0.730718383500729,0.104475623816014,2.11581336587946
"NGC",-16.7980302582637,96.8961957857738,2.12350069374458,42.3467175066624,65.9237605549208,41.8475211098416,0.730377027164567,0.106175034687229,2.11733587533312
"NGC",-16.7862722531436,96.9550613776071,2.15756208624837,42.3772123005292,65.9139814162347,41.8279628324694,0.730035670828405,0.107878104312418,2.11886061502646
"NGC",-16.7744746826717,97.0140709606786,2.19169685148194,42.4077517988247,65.9042022775487,41.8084045550973,0.729694314492243,0.109584842574097,2.12038758994123
"NGC",-16.7626374244753,97.0732248499673,2.22590518761109,42.4383361013463,65.8944231388626,41.7888462777252,0.729352958156081,0.111295259380554,2.12191680506732
"NGC",-16.7507603558305,97.1325233610825,2.26018729331829,42.4689653080542,65.8846440001765,41.7692880003531,0.72901160181992,0.113009364665915,2.12344826540271
"NGC",-16.7388433536613,97.1919668102645,2.29454336780397,42.4996395190711,65.8748648614905,41.749729722981,0.728670245483758,0.114727168390198,2.12498197595356
"NGC",-16.7268862945389,97.2515555143866,2.3289736107877,42.5303588346827,65.8650857228044,41.7301714456088,0.728328889147596,0.116448680539385,2.12651794173413
"NGC",-16.7148890546807,97.3112897909554,2.36347822250947,42.5611233553375,65.8553065841184,41.7106131682367,0.727987532811434,0.118173911125473,2.12805616776687
"NGC",-16.7028515099491,97.3711699581128,2.39805740373085,42.5919331816474,65.8455274454323,41.6910548908646,0.727646176475273,0.119902870186542,2.12959665908237
"NGC",-16.6907735358507,97.4311963346366,2.43271135573634,42.6227884143876,65.8357483067462,41.6714966134925,0.727304820139111,0.121635567786817,2.13113942071938
"NGC",-16.6786550075354,97.4913692399422,2.46744028033453,42.6536891544968,65.8259691680602,41.6519383361204,0.726963463802949,0.123372014016726,2.13268445772484
"NGC",-16.6664957997954,97.5516889940835,2.50224437985932,42.6846355030771,65.8161900293741,41.6323800587482,0.726622107466787,0.125112218992966,2.13423177515386
"NGC",-16.6542957870641,97.6121559177543,2.53712385717129,42.7156275613947,65.8064108906881,41.6128217813761,0.726280751130625,0.126856192858565,2.13578137806974
"NGC",-16.6420548434153,97.6727703322892,2.57207891565882,42.7466654308797,65.796631752002,41.593263504004,0.725939394794464,0.128603945782941,2.13733327154398
"NGC",-16.629772842562,97.7335325596654,2.60710975923942,42.7777492131262,65.7868526133159,41.5737052266319,0.725598038458302,0.130355487961971,2.13888746065631
"NGC",-16.6174496578557,97.7944429225035,2.64221659236098,42.8088790098926,65.7770734746299,41.5541469492598,0.72525668212214,0.132110829618049,2.14044395049463
"NGC",-16.6050851622854,97.8555017440686,2.67739962000296,42.8400549231019,65.7672943359438,41.5345886718876,0.724915325785978,0.133869981000148,2.14200274615509
"NGC",-16.5926792284764,97.916709348272,2.71265904767775,42.8712770548414,65.7575151972578,41.5150303945155,0.724573969449816,0.135632952383887,2.14356385274207
"NGC",-16.5802317286894,97.9780660596722,2.74799508143186,42.9025455073633,65.7477360585717,41.4954721171434,0.724232613113655,0.137399754071593,2.14512727536816
"NGC",-16.5677425348197,98.0395722034759,2.78340792784727,42.9338603830847,65.7379569198856,41.4759138397713,0.723891256777493,0.139170396392364,2.14669301915424
"NGC",-16.5552115183959,98.1012281055397,2.81889779404257,42.9652217845877,65.7281777811996,41.4563555623992,0.723549900441331,0.140944889702128,2.14826108922939
"NGC",-16.5426385505792,98.1630340923709,2.85446488767433,42.9966298146197,65.7183986425135,41.4367972850271,0.723208544105169,0.142723244383717,2.14983149073098
"NGC",-16.5300235021622,98.2249904911292,2.89010941693841,43.0280845760932,65.7086195038275,41.4172390076549,0.722867187769007,0.14450547084692,2.15140422880466
"NGC",-16.5173662435681,98.2870976296275,2.92583159057109,43.0595861720866,65.6988403651414,41.3976807302828,0.722525831432846,0.146291579528555,2.15297930860433
"NGC",-16.5046666448494,98.3493558363333,2.96163161785056,43.0911347058436,65.6890612264554,41.3781224529107,0.722184475096684,0.148081580892528,2.15455673529218
"NGC",-16.4919245756874,98.4117654403701,2.99750970859797,43.1227302807738,65.6792820877693,41.3585641755386,0.721843118760522,0.149875485429898,2.15613651403869
"NGC",-16.4791399053905,98.4743267715186,3.0334660731789,43.1543730004531,65.6695029490832,41.3390058981664,0.72150176242436,0.151673303658945,2.15771865002265
"NGC",-16.4663125028939,98.5370401602178,3.06950092250458,43.186062968623,65.6597238103972,41.3194476207943,0.721160406088198,0.153475046125229,2.15930314843115
"NGC",-16.4534422367581,98.5999059375663,3.10561446803317,43.2178002891918,65.6499446717111,41.2998893434222,0.720819049752037,0.155280723401658,2.16089001445959
"NGC",-16.4405289751681,98.6629244353238,3.14180692177113,43.2495850662338,65.640165533025,41.2803310660501,0.720477693415875,0.157090346088556,2.16247925331169
"NGC",-16.4275725859323,98.726095985912,3.17807849627438,43.2814174039902,65.630386394339,41.260772788678,0.720136337079713,0.158903924813719,2.16407087019951
"NGC",-16.4145729364817,98.7894209224161,3.21442940464973,43.3132974068687,65.6206072556529,41.2412145113058,0.719794980743551,0.160721470232487,2.16566487034343
"NGC",-16.4015298938686,98.8528995785861,3.25085986055615,43.3452251794441,65.6108281169669,41.2216562339337,0.71945362440739,0.162542993027808,2.16726125897221
"NGC",-16.3884433247655,98.9165322888379,3.28737007820605,43.3772008264583,65.6010489782808,41.2020979565616,0.719112268071228,0.164368503910302,2.16886004132291
"NGC",-16.3753130954646,98.9803193882546,3.32396027236661,43.4092244528201,65.5912698395947,41.1825396791895,0.718770911735066,0.166198013618331,2.17046122264101
"NGC",-16.3621390718763,99.044261212588,3.36063065836109,43.4412961636059,65.5814907009087,41.1629814018174,0.718429555398904,0.168031532918055,2.1720648081803
"NGC",-16.3489211195282,99.1083580982594,3.39738145207013,43.4734160640596,65.5717115622226,41.1434231244453,0.718088199062742,0.169869072603506,2.17367080320298
"NGC",-16.3356591035642,99.1726103823616,3.43421286993314,43.5055842595926,65.5619324235366,41.1238648470731,0.71774684272658,0.171710643496657,2.17527921297963
"NGC",-16.3223528887437,99.2370184026593,3.47112512894949,43.5378008557843,65.5521532848505,41.104306569701,0.717405486390419,0.173556256447474,2.17689004278921
"NGC",-16.30900233944,99.3015824975914,3.50811844667999,43.5700659583819,65.5423741461644,41.0847482923289,0.717064130054257,0.175405922333999,2.1785032979191
"NGC",-16.2956073196396,99.3663030062711,3.5451930412481,43.6023796733009,65.5325950074784,41.0651900149568,0.716722773718095,0.177259652062405,2.18011898366505
"NGC",-16.2821676929413,99.4311802684884,3.58234913134127,43.634742106625,65.5228158687923,41.0456317375847,0.716381417381933,0.179117456567063,2.18173710533125
"NGC",-16.2686833225547,99.4962146247105,3.6195869362124,43.6671533646063,65.5130367301063,41.0260734602125,0.716040061045772,0.18097934681062,2.18335766823031
"NGC",-16.2551540712997,99.5614064160834,3.65690667568098,43.6996135536653,65.5032575914202,41.0065151828404,0.71569870470961,0.182845333784049,2.18498067768327
"NGC",-16.2415798016051,99.6267559844335,3.69430857013464,43.7321227803917,65.4934784527341,40.9869569054683,0.715357348373448,0.184715428506732,2.18660613901958
"NGC",-16.2279603755074,99.6922636722682,3.73179284053027,43.7646811515435,65.4836993140481,40.9673986280962,0.715015992037286,0.186589642026513,2.18823405757718
"NGC",-16.2142956546502,99.757929822778,3.76935970839557,43.7972887740482,65.473920175362,40.9478403507241,0.714674635701124,0.188467985419778,2.18986443870241
"NGC",-16.2005855002828,99.8237547798371,3.80700939583024,43.8299457550023,65.464141036676,40.9282820733519,0.714333279364963,0.190350469791512,2.19149728775011
"NGC",-16.1868297732593,99.8897388880051,3.84474212550749,43.8626522016715,65.4543618979899,40.9087237959798,0.713991923028801,0.192237106275374,2.19313261008357
"NGC",-16.1730283340374,99.9558824925285,3.88255812067525,43.8954082214911,65.4445827593038,40.8891655186077,0.713650566692639,0.194127906033762,2.19477041107456
"NGC",-16.1591810426773,100.022185939341,3.92045760515758,43.9282139220662,65.4348036206178,40.8696072412356,0.713309210356477,0.196022880257879,2.19641069610331
"NGC",-16.1452877588411,100.088649575067,3.95844080335607,43.9610694111714,65.4250244819317,40.8500489638635,0.712967854020315,0.197922040167803,2.19805347055857
"NGC",-16.131348341791,100.15527374702,3.99650794025112,43.9939747967513,65.4152453432457,40.8304906864913,0.712626497684154,0.199825397012556,2.19969873983757
"NGC",-16.1173626503886,100.222058803206,4.03465924140344,44.0269301869208,65.4054662045596,40.8109324091192,0.712285141347992,0.201732962070172,2.20134650934604
"NGC",-16.1033305430941,100.289005092324,4.07289493295525,44.0599356899648,65.3956870658735,40.7913741317471,0.71194378501183,0.203644746647762,2.20299678449824
"NGC",-16.0892518779646,100.356112963768,4.1112152416318,44.0929914143386,65.3859079271875,40.771815854375,0.711602428675668,0.20556076208159,2.20464957071693
"NGC",-16.0751265126535,100.423382767628,4.14962039474266,44.1260974686682,65.3761287885014,40.7522575770029,0.711261072339507,0.207481019737133,2.20630487343341
"NGC",-16.0609543044092,100.49081485469,4.18811062018314,44.15925396175,65.3663496498154,40.7326992996307,0.710919716003345,0.209405531009157,2.2079626980875
"NGC",-16.046735110074,100.558409576439,4.22668614643565,44.1924610025515,65.3565705111293,40.7131410222586,0.710578359667183,0.211334307321783,2.20962305012758
"NGC",-16.0324687860832,100.626167285061,4.26534720257111,44.2257187002111,65.3467913724432,40.6935827448865,0.710237003331021,0.213267360128556,2.21128593501056
"NGC",-16.0181551884637,100.694088333442,4.30409401825031,44.2590271640383,65.3370122337572,40.6740244675144,0.709895646994859,0.215204700912516,2.21295135820192
"NGC",-16.0037941728332,100.762173075172,4.34292682372529,44.2923865035138,65.3272330950711,40.6544661901423,0.709554290658698,0.217146341186264,2.21461932517569
"NGC",-15.989385594399,100.830421864542,4.38184584984082,44.3257968282899,65.3174539563851,40.6349079127701,0.709212934322536,0.219092292492041,2.21628984141449
"NGC",-15.9749293079567,100.898835056551,4.42085132803568,44.3592582481903,65.307674817699,40.615349635398,0.708871577986374,0.221042566401784,2.21796291240951
"NGC",-15.9604251678893,100.967413006903,4.45994349034419,44.3927708732105,65.297895679013,40.5957913580259,0.708530221650212,0.222997174517209,2.21963854366053
"NGC",-15.9458730281661,101.036156072012,4.49912256939745,44.426334813518,65.2881165403269,40.5762330806538,0.70818886531405,0.224956128469872,2.2213167406759
"NGC",-15.9312727423416,101.105064608998,4.53838879842489,44.459950179452,65.2783374016408,40.5566748032817,0.707847508977889,0.226919439921245,2.2229975089726
"NGC",-15.916624163554,101.174138975695,4.57774241125566,44.4936170815243,65.2685582629548,40.5371165259095,0.707506152641727,0.228887120562783,2.22468085407621
"NGC",-15.9019271445248,101.243379530646,4.61718364231994,44.5273356304184,65.2587791242687,40.5175582485374,0.707164796305565,0.230859182115997,2.22636678152092
"NGC",-15.887181537557,101.31278663311,4.65671272665052,44.561105936991,65.2489999855827,40.4979999711653,0.706823439969403,0.232835636332526,2.22805529684955
"NGC",-15.8723871945342,101.382360643059,4.69632989988406,44.5949281122708,65.2392208468966,40.4784416937932,0.706482083633241,0.234816494994203,2.22974640561354
"NGC",-15.8575439669198,101.452101921182,4.73603539826258,44.6288022674595,65.2294417082105,40.4588834164211,0.70614072729708,0.236801769913129,2.23144011337298
"NGC",-15.8426517057553,101.522010828884,4.77582945863497,44.6627285139317,65.2196625695245,40.4393251390489,0.705799370960918,0.238791472931748,2.23313642569659
"NGC",-15.8277102616596,101.592087728291,4.81571231845825,44.6967069632351,65.2098834308384,40.4197668616768,0.705458014624756,0.240785615922912,2.23483534816175
"NGC",-15.8127194848276,101.662332982248,4.85568421579916,44.7307377270904,65.2001042921524,40.4002085843047,0.705116658288594,0.242784210789958,2.23653688635452
"NGC",-15.7976792250294,101.732746954321,4.89574538933547,44.7648209173918,65.1903251534663,40.3806503069326,0.704775301952432,0.244787269466774,2.23824104586959
"NGC",-15.7825893316086,101.8033300088,4.93589607835751,44.7989566462069,65.1805460147802,40.3610920295605,0.704433945616271,0.246794803917875,2.23994783231034
"NGC",-15.7674496534817,101.874082510699,4.97613652276959,44.8331450257769,65.1707668760942,40.3415337521883,0.704092589280109,0.24880682613848,2.24165725128885
"NGC",-15.7522600391367,101.945004825757,5.01646696309139,44.867386168517,65.1609877374081,40.3219754748162,0.703751232943947,0.25082334815457,2.24336930842585
"NGC",-15.737020336632,102.016097320442,5.05688764045952,44.901680187016,65.151208598722,40.3024171974441,0.703409876607785,0.252844382022976,2.2450840093508
"NGC",-15.7217303935951,102.087360361948,5.09739879662885,44.936027194037,65.141429460036,40.282858920072,0.703068520271623,0.254869939831442,2.24680135970185
"NGC",-15.7063900572217,102.158794318201,5.13800067397403,44.9704273025171,65.1316503213499,40.2633006426999,0.702727163935462,0.256900033698701,2.24852136512586
"NGC",-15.6909991742744,102.230399557857,5.17869351549095,45.004880625568,65.1218711826639,40.2437423653277,0.7023858075993,0.258934675774547,2.2502440312784
"NGC",-15.6755575910815,102.302176450306,5.21947756479817,45.0393872764757,65.1120920439778,40.2241840879556,0.702044451263138,0.260973878239909,2.25196936382379
"NGC",-15.6600651535358,102.37412536567,5.26035306613846,45.0739473687009,65.1023129052918,40.2046258105835,0.701703094926976,0.263017653306923,2.25369736843504
"NGC",-15.6445217070936,102.446246674809,5.30132026438014,45.1085610158791,65.0925337666057,40.1850675332114,0.701361738590815,0.265066013219007,2.25542805079395
"NGC",-15.6289270967735,102.518540749317,5.34237940501867,45.1432283318206,65.0827546279196,40.1655092558393,0.701020382254653,0.267118970250933,2.25716141659103
"NGC",-15.613281167155,102.591007961529,5.38353073417808,45.177949430511,65.0729754892336,40.1459509784672,0.700679025918491,0.269176536708904,2.25889747152555
"NGC",-15.5975837623776,102.663648684518,5.4247744986124,45.212724426111,65.0631963505475,40.126392701095,0.700337669582329,0.27123872493062,2.26063622130555
"NGC",-15.5818347261394,102.7364632921,5.46611094570727,45.2475534329565,65.0534172118615,40.1068344237229,0.699996313246167,0.273305547285364,2.26237767164783
"NGC",-15.566033901696,102.809452158831,5.50754032348128,45.2824365655593,65.0436380731754,40.0872761463508,0.699654956910006,0.275377016174064,2.26412182827796
"NGC",-15.5501811318594,102.882615660012,5.54906288058751,45.3173739386063,65.0338589344893,40.0677178689787,0.699313600573844,0.277453144029376,2.26586869693031
"NGC",-15.5342762589968,102.955954171691,5.59067886631511,45.3523656669606,65.0240797958033,40.0481595916066,0.698972244237682,0.279533943315756,2.26761828334803
"NGC",-15.518319125029,103.029468070661,5.63238853059062,45.3874118656611,65.0143006571172,40.0286013142344,0.69863088790152,0.281619426529531,2.26937059328306
"NGC",-15.5023095714298,103.103157734463,5.67419212397965,45.4225126499228,65.0045215184312,40.0090430368623,0.698289531565358,0.283709606198982,2.27112563249614
"NGC",-15.4862474392246,103.177023541389,5.71608989768823,45.4576681351367,64.9947423797451,39.9894847594902,0.697948175229197,0.285804494884411,2.27288340675684
"NGC",-15.470132568989,103.251065870481,5.75808210356441,45.4928784368704,64.984963241059,39.9699264821181,0.697606818893035,0.287904105178221,2.27464392184352
"NGC",-15.4539648008476,103.325285101535,5.80016899409975,45.528143670868,64.975184102373,39.950368204746,0.697265462556873,0.290008449704988,2.2764071835434
"NGC",-15.4377439744731,103.399681615098,5.84235082243082,45.5634639530499,64.9654049636869,39.9308099273738,0.696924106220711,0.292117541121541,2.27817319765249
"NGC",-15.4214699290849,103.474255792477,5.88462784234066,45.5988393995137,64.9556258250009,39.9112516500017,0.69658274988455,0.294231392117033,2.27994196997568
"NGC",-15.4051425034477,103.549008015731,5.9270003082604,45.6342701265335,64.9458466863148,39.8916933726296,0.696241393548388,0.29635001541302,2.28171350632668
"NGC",-15.3887615358706,103.623938667681,5.96946847527074,45.6697562505609,64.9360675476287,39.8721350952575,0.695900037212226,0.298473423763537,2.28348781252804
"NGC",-15.3723268642057,103.699048131906,6.01203259910347,45.7052978882242,64.9262884089427,39.8525768178854,0.695558680876064,0.300601629955173,2.28526489441121
"NGC",-15.3558383258469,103.774336792746,6.05469293614294,45.7408951563295,64.9165092702566,39.8330185405132,0.695217324539902,0.302734646807147,2.28704475781647
"NGC",-15.3392957577288,103.849805035305,6.0974497434277,45.7765481718599,64.9067301315706,39.8134602631411,0.69487596820374,0.304872487171385,2.288827408593
"NGC",-15.3226989963251,103.925453245451,6.140303278652,45.8122570519766,64.8969509928845,39.793901985769,0.694534611867579,0.3070151639326,2.29061285259883
"NGC",-15.3060478776477,104.001281809815,6.18325380016723,45.848021914018,64.8871718541984,39.7743437083969,0.694193255531417,0.309162690008361,2.2924010957009
"NGC",-15.2893422372456,104.077291115799,6.22630156698365,45.883842875501,64.8773927155124,39.7547854310248,0.693851899195255,0.311315078349182,2.29419214377505
"NGC",-15.272581910203,104.15348155157,6.26944683877174,45.91972005412,64.8676135768263,39.7352271536526,0.693510542859093,0.313472341938587,2.295986002706
"NGC",-15.255766731139,104.229853506067,6.31268987586386,45.9556535677477,64.8578344381403,39.7156688762805,0.693169186522932,0.315634493793193,2.29778267838739
"NGC",-15.2388965342053,104.306407369001,6.35603093925583,45.9916435344353,64.8480552994542,39.6961105989084,0.69282783018677,0.317801546962791,2.29958217672177
"NGC",-15.2219711530858,104.383143530854,6.39947029060834,46.0276900724122,64.8382761607681,39.6765523215363,0.692486473850608,0.319973514530417,2.30138450362061
"NGC",-15.2049904209949,104.460062382884,6.44300819224872,46.0637933000865,64.8284970220821,39.6569940441642,0.692145117514446,0.322150409612436,2.30318966500433
"NGC",-15.1879541706765,104.537164317124,6.4866449071723,46.099953336045,64.818717883396,39.637435766792,0.691803761178284,0.324332245358615,2.30499766680225
"NGC",-15.1708622344025,104.614449726384,6.53038069904407,46.1361702990533,64.80893874471,39.6178774894199,0.691462404842123,0.326519034952203,2.30680851495266
"NGC",-15.1537144439716,104.691919004254,6.57421583220029,46.1724443080559,64.7991596060239,39.5983192120478,0.691121048505961,0.328710791610014,2.30862221540279
"NGC",-15.1365106307082,104.769572545105,6.61815057164995,46.2087754821766,64.7893804673378,39.5787609346757,0.690779692169799,0.330907528582498,2.31043877410883
"NGC",-15.1192506254609,104.847410744087,6.66218518307649,46.2451639407183,64.7796013286518,39.5592026573036,0.690438335833637,0.333109259153824,2.31225819703591
"NGC",-15.1019342586012,104.925433997136,6.70631993283923,46.2816098031634,64.7698221899657,39.5396443799314,0.690096979497475,0.335315996641961,2.31408049015817
"NGC",-15.0845613600226,105.003642700972,6.75055508797506,46.3181131891738,64.7600430512797,39.5200861025593,0.689755623161314,0.337527754398753,2.31590565945869
"NGC",-15.0671317591389,105.082037253102,6.79489091619998,46.354674218591,64.7502639125936,39.5005278251872,0.689414266825152,0.339744545809999,2.31773371092955
"NGC",-15.0496452848831,105.160618051819,6.83932768591073,46.3912930114363,64.7404847739076,39.4809695478151,0.68907291048899,0.341966384295536,2.31956465057181
"NGC",-15.0321017657061,105.239385496207,6.88386566618632,46.427969687911,64.7307056352215,39.461411270443,0.688731554152828,0.344193283309316,2.32139848439555
"NGC",-15.0145010295754,105.31833998614,6.92850512678968,46.4647043683963,64.7209264965354,39.4418529930708,0.688390197816666,0.346425256339484,2.32323521841982
"NGC",-14.9968429039737,105.397481922286,6.97324633816926,46.5014971734539,64.7111473578494,39.4222947156987,0.688048841480505,0.348662316908463,2.3250748586727
"NGC",-14.9791272158978,105.476811706105,7.01808957146061,46.5383482238256,64.7013682191633,39.4027364383266,0.687707485144343,0.35090447857303,2.32691741119128
"NGC",-14.9613537918572,105.556329739852,7.06303509848798,46.5752576404336,64.6915890804772,39.3831781609545,0.687366128808181,0.353151754924399,2.32876288202168
"NGC",-14.9435224578728,105.636036426582,7.10808319176598,46.6122255443808,64.6818099417912,39.3636198835824,0.687024772472019,0.355404159588299,2.33061127721904
"NGC",-14.9256330394754,105.715932170146,7.15323412450116,46.6492520569509,64.6720308031051,39.3440616062102,0.686683416135857,0.357661706225058,2.33246260284754
"NGC",-14.9076853617049,105.796017375195,7.19848817059362,46.6863372996083,64.6622516644191,39.3245033288381,0.686342059799696,0.359924408529681,2.33431686498041
"NGC",-14.8896792491082,105.876292447183,7.24384560463868,46.7234813939985,64.652472525733,39.304945051466,0.686000703463534,0.362192280231934,2.33617406969993
"NGC",-14.8716145257388,105.956757792365,7.28930670192844,46.7606844619482,64.642693387047,39.2853867740939,0.685659347127372,0.364465335096422,2.33803422309741
"NGC",-14.8534910151547,106.037413817803,7.33487173845349,46.7979466254651,64.6329142483609,39.2658284967218,0.68531799079121,0.366743586922674,2.33989733127326
"NGC",-14.8353085404175,106.118260931363,7.38054099090444,46.8352680067385,64.6231351096748,39.2462702193496,0.684976634455049,0.369027049545222,2.34176340033693
"NGC",-14.8170669240909,106.19929954172,7.42631473667365,46.8726487281392,64.6133559709888,39.2267119419775,0.684635278118887,0.371315736833682,2.34363243640696
"NGC",-14.7987659882394,106.280530058357,7.47219325385684,46.9100889122195,64.6035768323027,39.2071536646054,0.684293921782725,0.373609662692842,2.34550444561098
"NGC",-14.7804055544271,106.36195289157,7.51817682125473,46.9475886817137,64.5937976936167,39.1875953872333,0.683952565446563,0.375908841062736,2.34737943408568
"NGC",-14.7619854437162,106.443568452465,7.56426571837471,46.9851481595378,64.5840185549306,39.1680371098612,0.683611209110401,0.378213285918736,2.34925740797689
"NGC",-14.7435054766656,106.525377152962,7.6104602254324,47.0227674687899,64.5742394162445,39.1484788324891,0.68326985277424,0.38052301127162,2.35113837343949
"NGC",-14.7249654733298,106.607379405799,7.65676062335346,47.0604467327503,64.5644602775585,39.1289205551169,0.682928496438078,0.382838031167673,2.35302233663751
"NGC",-14.7063652532572,106.689575624529,7.70316719377512,47.0981860748816,64.5546811388724,39.1093622777448,0.682587140101916,0.385158359688756,2.35490930374408
"NGC",-14.6877046354891,106.771966223523,7.7496802190479,47.1359856188288,64.5449020001863,39.0898040003727,0.682245783765754,0.387484010952395,2.35679928094144
"NGC",-14.6689834385582,106.854551617973,7.79629998223729,47.1738454884194,64.5351228615003,39.0702457230006,0.681904427429592,0.389814999111864,2.35869227442097
"NGC",-14.6502014804871,106.937332223892,7.84302676712537,47.2117658076638,64.5253437228142,39.0506874456285,0.681563071093431,0.392151338356268,2.36058829038319
"NGC",-14.6313585787872,107.020308458119,7.88986085821247,47.2497467007549,64.5155645841282,39.0311291682563,0.681221714757269,0.394493042910623,2.36248733503774
"NGC",-14.6124545504571,107.103480738314,7.93680254071899,47.2877882920686,64.5057854454421,39.0115708908842,0.680880358421107,0.396840127035949,2.36438941460343
"NGC",-14.5934892119814,107.186849482966,7.98385210058691,47.3258907061642,64.496006306756,38.9920126135121,0.680539002084945,0.399192605029346,2.36629453530821
"NGC",-14.574462379329,107.270415111391,8.03100982448158,47.3640540677837,64.48622716807,38.97245433614,0.680197645748783,0.401550491224079,2.36820270338918
"NGC",-14.5553738679524,107.354178043735,8.07827599979333,47.4022785018527,64.4764480293839,38.9528960587679,0.679856289412622,0.403913799989666,2.37011392509264
"NGC",-14.5362234927855,107.438138700975,8.12565091463922,47.4405641334802,64.4666688906979,38.9333377813957,0.67951493307646,0.406282545731961,2.37202820667401
"NGC",-14.5170110682428,107.522297504921,8.17313485786478,47.4789110879588,64.4568897520118,38.9137795040236,0.679173576740298,0.408656742893239,2.37394555439794
"NGC",-14.4977364082176,107.606654878216,8.22072811904558,47.5173194907646,64.4471106133257,38.8942212266515,0.678832220404136,0.411036405952279,2.37586597453823
"NGC",-14.4783993260811,107.691211244341,8.26843098848906,47.5557894675577,64.4373314746397,38.8746629492794,0.678490864067975,0.413421549424453,2.37778947337789
"NGC",-14.4589996346806,107.775967027615,8.31624375723617,47.5943211441822,64.4275523359536,38.8551046719073,0.678149507731813,0.415812187861809,2.37971605720911
"NGC",-14.439537146338,107.860922653192,8.36416671706307,47.6329146466661,64.4177731972676,38.8355463945351,0.677808151395651,0.418208335853154,2.38164573233331
"NGC",-14.4200116728489,107.946078547072,8.41220016048293,47.6715701012216,64.4079940585815,38.815988117163,0.677466795059489,0.420610008024146,2.38357850506108
"NGC",-14.4004230254807,108.031435136094,8.46034438074753,47.7102876342454,64.3982149198955,38.7964298397909,0.677125438723327,0.423017219037377,2.38551438171227
"NGC",-14.3807710149716,108.116992847943,8.50859967184913,47.7490673723183,64.3884357812094,38.7768715624188,0.676784082387166,0.425429983592456,2.38745336861592
"NGC",-14.3610554515288,108.202752111148,8.55696632852202,47.7879094422061,64.3786566425233,38.7573132850467,0.676442726051004,0.427848316426101,2.3893954721103
"NGC",-14.3412761448272,108.288713355085,8.60544464624441,47.8268139708588,64.3688775038373,38.7377550076745,0.676101369714842,0.43027223231222,2.39134069854294
"NGC",-14.3214329040082,108.374877009982,8.65403492124006,47.8657810854116,64.3590983651512,38.7181967303024,0.67576001337868,0.432701746062003,2.39328905427058
"NGC",-14.3015255376781,108.461243506913,8.70273745048006,47.9048109131845,64.3493192264652,38.6986384529303,0.675418657042518,0.435136872524003,2.39524054565922
"NGC",-14.2815538539065,108.547813277809,8.75155253168464,47.9439035816824,64.3395400877791,38.6790801755582,0.675077300706357,0.437577626584232,2.39719517908412
"NGC",-14.2615176602251,108.634586755449,8.80048046332474,47.9830592185956,64.329760949093,38.6595218981861,0.674735944370195,0.440024023166237,2.39915296092978
"NGC",-14.2414167636263,108.721564373473,8.84952154462393,48.0222779517995,64.319981810407,38.6399636208139,0.674394588034033,0.442476077231196,2.40111389758998
"NGC",-14.2212509705616,108.808746566375,8.89867607556009,48.061559909355,64.3102026717209,38.6204053434418,0.674053231697871,0.444933803778005,2.40307799546775
"NGC",-14.2010200869402,108.896133769508,8.94794435686717,48.1009052195086,64.3004235330349,38.6008470660697,0.67371187536171,0.447397217843359,2.40504526097543
"NGC",-14.1807239181276,108.983726419085,8.99732669003698,48.1403140106923,64.2906443943488,38.5812887886976,0.673370519025548,0.449866334501849,2.40701570053461
"NGC",-14.160362268944,109.071524952183,9.04682337732093,48.1797864115239,64.2808652556627,38.5617305113255,0.673029162689386,0.452341168866046,2.4089893205762
"NGC",-14.1399349436631,109.159529806739,9.09643472173176,48.2193225508073,64.2710861169767,38.5421722339533,0.672687806353224,0.454821736086588,2.41096612754036
"NGC",-14.1194417460103,109.24774142156,9.14616102704545,48.258922557532,64.2613069782906,38.5226139565812,0.672346450017062,0.457308051352272,2.4129461278766
"NGC",-14.0988824791617,109.336160236315,9.19600259780281,48.2985865608741,64.2515278396046,38.5030556792091,0.6720050936809,0.45980012989014,2.4149293280437
"NGC",-14.0782569457421,109.424786691545,9.24595973931146,48.3383146901955,64.2417487009185,38.483497401837,0.671663737344739,0.462297986965573,2.41691573450977
"NGC",-14.0575649478239,109.513621228659,9.29603275764741,48.3781070750447,64.2319695622324,38.4639391244649,0.671322381008577,0.464801637882371,2.41890535375224
"NGC",-14.0368062869256,109.602664289941,9.34622195965703,48.4179638451568,64.2221904235464,38.4443808470928,0.670981024672415,0.467311097982851,2.42089819225784
"NGC",-14.0159807640101,109.691916318545,9.39652765295876,48.4578851304532,64.2124112848603,38.4248225697206,0.670639668336253,0.469826382647938,2.42289425652266
"NGC",-13.9950881794832,109.781377758502,9.44695014594485,48.4978710610421,64.2026321461743,38.4052642923485,0.670298312000092,0.472347507297243,2.42489355305211
"NGC",-13.9741283331927,109.871049054721,9.49748974778332,48.5379217672187,64.1928530074882,38.3857060149764,0.66995695566393,0.474874487389166,2.42689608836094
"NGC",-13.953101024426,109.960930652988,9.54814676841962,48.578037379465,64.1830738688021,38.3661477376043,0.669615599327768,0.477407338420981,2.42890186897325
"NGC",-13.9320060519094,110.051022999969,9.59892151857847,48.6182180284499,64.1732947301161,38.3465894602322,0.669274242991606,0.479946075928924,2.4309109014225
"NGC",-13.910843213806,110.141326543213,9.64981430976578,48.6584638450299,64.16351559143,38.32703118286,0.668932886655444,0.482490715488289,2.4329231922515
"NGC",-13.8896123077148,110.231841731153,9.70082545427026,48.6987749602484,64.153736452744,38.3074729054879,0.668591530319283,0.485041272713513,2.43493874801242
"NGC",-13.8683131306686,110.322569013106,9.75195526516551,48.7391515053363,64.1439573140579,38.2879146281158,0.668250173983121,0.487597763258275,2.43695757526681
"NGC",-13.8469454791328,110.413508839278,9.80320405631158,48.7795936117121,64.1341781753718,38.2683563507437,0.667908817646959,0.490160202815579,2.4389796805856
"NGC",-13.8255091490039,110.504661660761,9.85457214235694,48.8201014109818,64.1243990366858,38.2487980733716,0.667567461310797,0.492728607117847,2.44100507054909
"NGC",-13.8040039356078,110.59602792954,9.90605983874037,48.8606750349393,64.1146198979997,38.2292397959994,0.667226104974635,0.495302991937018,2.44303375174696
"NGC",-13.7824296336986,110.687608098491,9.95766746169264,48.9013146155662,64.1048407593137,38.2096815186273,0.666884748638474,0.497883373084632,2.44506573077831
"NGC",-13.7607860374566,110.779402621384,10.0093953282385,48.9420202850322,64.0950616206276,38.1901232412552,0.666543392302312,0.500469766411924,2.44710101425161
"NGC",-13.7390729404873,110.871411952886,10.0612437561984,48.9827921756949,64.0852824819415,38.1705649638831,0.66620203596615,0.503062187809918,2.44913960878475
"NGC",-13.7172901358195,110.963636548559,10.1132130641903,49.0236304201002,64.0755033432555,38.151006686511,0.665860679629988,0.505660653209516,2.45118152100501
"NGC",-13.6954374159036,111.056076864864,10.165303571632,49.0645351509825,64.0657242045694,38.1314484091388,0.665519323293826,0.5082651785816,2.45322675754912
"NGC",-13.6735145726108,111.148733359166,10.2175155987422,49.1055065012641,64.0559450658833,38.1118901317667,0.665177966957665,0.510875779937108,2.4552753250632
"NGC",-13.6515213972307,111.24160648973,10.269849466543,49.1465446040563,64.0461659271973,38.0923318543946,0.664836610621503,0.513492473327148,2.45732723020281
"NGC",-13.6294576804703,111.334696715724,10.3223054968615,49.1876495926587,64.0363867885112,38.0727735770225,0.664495254285341,0.516115274843073,2.45938247963294
"NGC",-13.6073232124522,111.428004497224,10.3748840123317,49.2288216005599,64.0266076498252,38.0532152996504,0.664153897949179,0.518744200616583,2.461441080028
"NGC",-13.5851177827131,111.521530295215,10.4275853363965,49.2700607614372,64.0168285111391,38.0336570222782,0.663812541613018,0.521379266819823,2.46350303807186
"NGC",-13.5628411802023,111.615274571587,10.4804097933093,49.3113672091568,64.007049372453,38.0140987449061,0.663471185276856,0.524020489665466,2.46556836045784
"NGC",-13.54049319328,111.709237789146,10.5333577081363,49.3527410777741,63.997270233767,37.994540467534,0.663129828940694,0.526667885406817,2.4676370538887
"NGC",-13.5180736097158,111.803420411608,10.586429406758,49.3941825015335,63.9874910950809,37.9749821901619,0.662788472604532,0.529321470337899,2.46970912507668
"NGC",-13.4955822166873,111.897822903603,10.6396252158711,49.4356916148689,63.9777119563949,37.9554239127898,0.66244711626837,0.531981260793557,2.47178458074345
"NGC",-13.473018800778,111.992445730681,10.6929454629909,49.4772685524035,63.9679328177088,37.9358656354176,0.662105759932209,0.534647273149546,2.47386342762017
"NGC",-13.4503831479765,112.087289359307,10.7463904764525,49.5189134489497,63.9581536790228,37.9163073580455,0.661764403596047,0.537319523822626,2.47594567244749
"NGC",-13.4276750436741,112.182354256866,10.7999605854132,49.56062643951,63.9483745403367,37.8967490806734,0.661423047259885,0.539998029270661,2.4780313219755
"NGC",-13.4048942726638,112.277640891668,10.8536561198542,49.6024076592762,63.9385954016506,37.8771908033013,0.661081690923723,0.542682805992712,2.48012038296381
"NGC",-13.3820406191385,112.373149732941,10.9074774105826,49.64425724363,63.9288162629646,37.8576325259292,0.660740334587561,0.545373870529132,2.4822128621815
"NGC",-13.3591138666892,112.468881250844,10.9614247892333,49.6861753281431,63.9190371242785,37.838074248557,0.6603989782514,0.548071239461665,2.48430876640716
"NGC",-13.3361137983037,112.56483591646,11.0154985882708,49.7281620485772,63.9092579855925,37.8185159711849,0.660057621915238,0.550774929413538,2.48640810242886
"NGC",-13.313040196365,112.661014201799,11.0696991409912,49.770217540884,63.8994788469064,37.7989576938128,0.659716265579076,0.553484957049561,2.4885108770442
"NGC",-13.2898928426493,112.757416579806,11.1240267815244,49.8123419412055,63.8896997082203,37.7793994164407,0.659374909242914,0.556201339076222,2.49061709706027
"NGC",-13.2666715183249,112.854043524356,11.1784818448356,49.8545353858739,63.8799205695343,37.7598411390686,0.659033552906752,0.55892409224178,2.4927267692937
"NGC",-13.2433760039502,112.950895510257,11.2330646667274,49.8967980114121,63.8701414308482,37.7402828616964,0.658692196570591,0.56165323333637,2.49483990057061
"NGC",-13.2200060794721,113.047973013254,11.2877755838418,49.9391299545333,63.8603622921622,37.7207245843243,0.658350840234429,0.564388779192091,2.49695649772666
"NGC",-13.1965615242246,113.145276510032,11.3426149336623,49.9815313521413,63.8505831534761,37.7011663069522,0.658009483898267,0.567130746683114,2.49907656760706
"NGC",-13.1730421169271,113.242806478212,11.3975830545154,50.0240023413307,63.84080401479,37.6816080295801,0.657668127562105,0.569879152725768,2.50120011706653
"NGC",-13.1494476356825,113.340563396357,11.4526802855729,50.0665430593869,63.831024876104,37.662049752208,0.657326771225944,0.572634014278645,2.50332715296934
"NGC",-13.1257778579759,113.438547743976,11.507906966854,50.1091536437863,63.8212457374179,37.6424914748358,0.656985414889782,0.575395348342699,2.50545768218931
"NGC",-13.1020325606728,113.536760001519,11.5632634392267,50.1518342321962,63.8114665987319,37.6229331974637,0.65664405855362,0.578163171961336,2.50759171160981
"NGC",-13.0782115200173,113.635200650386,11.6187500444105,50.1945849624751,63.8016874600458,37.6033749200916,0.656302702217458,0.580937502220523,2.50972924812375
"NGC",-13.0543145116308,113.733870172924,11.6743671249776,50.2374059726727,63.7919083213597,37.5838166427195,0.655961345881296,0.58371835624888,2.51187029863363
"NGC",-13.0303413105101,113.83276905243,11.7301150243556,50.28029740103,63.7821291826737,37.5642583653474,0.655619989545135,0.586505751217778,2.5140148700515
"NGC",-13.0062916910255,113.931897773154,11.7859940868289,50.3232593859795,63.7723500439876,37.5447000879752,0.655278633208973,0.589299704341447,2.51616296929898
"NGC",-12.9821654269199,114.031256820301,11.8420046575412,50.3662920661451,63.7625709053016,37.5251418106031,0.654937276872811,0.592100232877062,2.51831460330725
"NGC",-12.9579622913062,114.130846680029,11.8981470824971,50.4093955803423,63.7527917666155,37.505583533231,0.654595920536649,0.594907354124854,2.52046977901711
"NGC",-12.9336820566662,114.230667839457,11.954421708564,50.4525700675784,63.7430126279294,37.4860252558589,0.654254564200487,0.597721085428202,2.52262850337892
"NGC",-12.909324494849,114.330720786662,12.0108288834748,50.4958156670524,63.7332334892434,37.4664669784868,0.653913207864326,0.600541444173739,2.52479078335262
"NGC",-12.8848893770686,114.431006010682,12.067368955829,50.5391325181553,63.7234543505573,37.4469087011147,0.653571851528164,0.60336844779145,2.52695662590776
"NGC",-12.8603764739032,114.531524001518,12.1240422750954,50.58252076047,63.7136752118713,37.4273504237425,0.653230495192002,0.606202113754768,2.5291260380235
"NGC",-12.8357855552927,114.632275250139,12.1808491916137,50.6259805337715,63.7038960731852,37.4077921463704,0.65288913885584,0.609042459580683,2.53129902668857
"NGC",-12.8111163905374,114.733260248477,12.2377900565967,50.6695119780269,63.6941169344991,37.3882338689983,0.652547782519678,0.611889502829834,2.53347559890135
"NGC",-12.7863687482961,114.834479489434,12.2948652221324,50.7131152333958,63.6843377958131,37.3686755916262,0.652206426183517,0.614743261106619,2.53565576166979
"NGC",-12.7615423965847,114.935933466885,12.3520750411858,50.7567904402299,63.674558657127,37.349117314254,0.651865069847355,0.617603752059289,2.5378395220115
"NGC",-12.736637102774,115.037622675675,12.4094198676011,50.8005377390735,63.664779518441,37.3295590368819,0.651523713511193,0.620470993380054,2.54002688695368
"NGC",-12.7116526335886,115.139547611624,12.4669000561036,50.8443572706634,63.6550003797549,37.3100007595098,0.651182357175031,0.623345002805182,2.54221786353317
"NGC",-12.6865887551045,115.241708771528,12.524515962302,50.888249175929,63.6452212410688,37.2904424821377,0.650841000838869,0.626225798115102,2.54441245879645
"NGC",-12.661445232748,115.344106653163,12.5822679426902,50.9322135959925,63.6354421023828,37.2708842047656,0.650499644502708,0.629113397134508,2.54661067979962
"NGC",-12.6362218312934,115.446741755281,12.6401563546492,50.9762506721687,63.6256629636967,37.2513259273935,0.650158288166546,0.632007817732458,2.54881253360844
"NGC",-12.6109183148618,115.549614577621,12.6981815564496,51.0203605459657,63.6158838250107,37.2317676500213,0.649816931830384,0.634909077822481,2.55101802729828
"NGC",-12.585534446919,115.652725620902,12.7563439072535,51.0645433590842,63.6061046863246,37.2122093726492,0.649475575494222,0.637817195362676,2.55322716795421
"NGC",-12.5600699902738,115.75607538683,12.8146437671163,51.1087992534181,63.5963255476385,37.1926510952771,0.64913421915806,0.640732188355816,2.5554399626709
"NGC",-12.5345247070765,115.859664378099,12.873081496989,51.1531283710545,63.5865464089525,37.173092817905,0.648792862821899,0.643654074849452,2.55765641855273
"NGC",-12.5088983588167,115.96349309839,12.9316574587204,51.1975308542739,63.5767672702664,37.1535345405329,0.648451506485737,0.646582872936021,2.5598765427137
"NGC",-12.483190706322,116.06756205238,12.9903720150587,51.2420068455499,63.5669881315804,37.1339762631607,0.648110150149575,0.649518600752937,2.56210034227749
"NGC",-12.457401509756,116.171871745734,13.0492255296543,51.2865564875495,63.5572089928943,37.1144179857886,0.647768793813413,0.652461276482713,2.56432782437747
"NGC",-12.4315305286166,116.276422685116,13.108218367061,51.3311799231334,63.5474298542082,37.0948597084165,0.647427437477252,0.655410918353049,2.56655899615667
"NGC",-12.4055775217342,116.381215378186,13.1673508927389,51.3758772953558,63.5376507155222,37.0753014310444,0.64708608114109,0.658367544636944,2.56879386476779
"NGC",-12.3795422472697,116.486250333602,13.2266234730561,51.4206487474646,63.5278715768361,37.0557431536723,0.646744724804928,0.661331173652805,2.57103243737323
"NGC",-12.3534244627133,116.591528061023,13.2860364752908,51.4654944229014,63.5180924381501,37.0361848763001,0.646403368468766,0.664301823764542,2.57327472114507
"NGC",-12.3272239248821,116.697049071113,13.3455902676336,51.5104144653018,63.508313299464,37.016626598928,0.646062012132604,0.667279513381682,2.57552072326509
"NGC",-12.3009403899187,116.802813875539,13.4052852191894,51.5554090184952,63.498534160778,36.9970683215559,0.645720655796443,0.670264260959468,2.57777045092476
"NGC",-12.2745736132893,116.908822986974,13.4651216999793,51.6004782265049,63.4887550220919,36.9775100441838,0.645379299460281,0.673256084998966,2.58002391132524
"NGC",-12.2481233497817,117.0150769191,13.5251000809436,51.6456222335485,63.4789758834058,36.9579517668117,0.645037943124119,0.676255004047179,2.58228111167742
"NGC",-12.2215893535038,117.121576186613,13.5852207339428,51.6908411840377,63.4691967447198,36.9383934894395,0.644696586787957,0.67926103669714,2.58454205920189
"NGC",-12.1949713778816,117.228321305215,13.6454840317606,51.7361352225785,63.4594176060337,36.9188352120674,0.644355230451795,0.682274201588029,2.58680676112893
"NGC",-12.1682691756576,117.335312791629,13.7058903481055,51.7815044939711,63.4496384673476,36.8992769346953,0.644013874115634,0.685294517405273,2.58907522469856
"NGC",-12.1414824988886,117.442551163589,13.7664400576131,51.8269491432102,63.4398593286616,36.8797186573232,0.643672517779472,0.688322002880656,2.59134745716051
"NGC",-12.1146110989442,117.550036939852,13.8271335358486,51.8724693154851,63.4300801899755,36.8601603799511,0.64333116144331,0.691356676792428,2.59362346577426
"NGC",-12.087654726505,117.657770640192,13.8879711593081,51.9180651561793,63.4203010512895,36.840602102579,0.642989805107148,0.694398557965406,2.59590325780897
"NGC",-12.0606131315605,117.765752785406,13.9489533054218,51.9637368108715,63.4105219126034,36.8210438252068,0.642648448770986,0.697447665271091,2.59818684054357
"NGC",-12.0334860634073,117.873983897316,14.0100803525553,52.0094844253346,63.4007427739174,36.8014855478347,0.642307092434825,0.700504017627764,2.60047422126673
"NGC",-12.0062732706477,117.98246449877,14.0713526800121,52.0553081455365,63.3909636352313,36.7819272704626,0.641965736098663,0.703567634000604,2.60276540727682
"NGC",-11.9789745011871,118.091195113644,14.1327706680359,52.1012081176401,63.3811844965452,36.7623689930905,0.641624379762501,0.706638533401795,2.605060405882
"NGC",-11.951589502233,118.200176266843,14.1943346978125,52.147184488003,63.3714053578592,36.7428107157183,0.641283023426339,0.709716734890625,2.60735922440015
"NGC",-11.9241180202923,118.309408484307,14.2560451514722,52.1932374031781,63.3616262191731,36.7232524383462,0.640941667090178,0.71280225757361,2.60966187015891
"NGC",-11.8965598011701,118.418892293007,14.3179024120919,52.2393670099133,63.351847080487,36.7036941609741,0.640600310754016,0.715895120604593,2.61196835049567
"NGC",-11.8689145899675,118.528628220952,14.379906863697,52.2855734551515,63.342067941801,36.684135883602,0.640258954417854,0.718995343184851,2.61427867275757
"NGC",-11.8411821310799,118.638616797188,14.4420588912643,52.3318568860309,63.3322888031149,36.6645776062299,0.639917598081692,0.722102944563213,2.61659284430155
"NGC",-11.8133621681948,118.748858551802,14.5043588807233,52.3782174498853,63.3225096644289,36.6450193288577,0.63957624174553,0.725217944036165,2.61891087249426
"NGC",-11.7854544442903,118.859354015922,14.5668072189592,52.4246552942435,63.3127305257428,36.6254610514856,0.639234885409369,0.728340360947962,2.62123276471218
"NGC",-11.7574587016331,118.970103721721,14.6294042938147,52.4711705668301,63.3029513870568,36.6059027741135,0.638893529073207,0.731470214690734,2.6235585283415
"NGC",-11.7293746817765,119.081108202419,14.692150494092,52.5177634155649,63.2931722483707,36.5863444967414,0.638552172737045,0.7346075247046,2.62588817077824
"NGC",-11.7012021255587,119.192367992282,14.7550462095556,52.5644339885635,63.2833931096846,36.5667862193693,0.638210816400883,0.737752310477781,2.62822169942817
"NGC",-11.6729407731005,119.303883626627,14.8180918309341,52.6111824341371,63.2736139709986,36.5472279419971,0.637869460064721,0.740904591546703,2.63055912170686
"NGC",-11.644590363804,119.415655641823,14.8812877499224,52.6580089007928,63.2638348323125,36.527669664625,0.63752810372856,0.744064387496121,2.63290044503964
"NGC",-11.61615063635,119.527684575293,14.9446343591843,52.7049135372333,63.2540556936265,36.5081113872529,0.637186747392398,0.747231717959214,2.63524567686166
"NGC",-11.5876213286968,119.639970965518,15.0081320523543,52.7518964923571,63.2442765549404,36.4885531098808,0.636845391056236,0.750406602617713,2.63759482461785
"NGC",-11.5590021780777,119.752515352034,15.07178122404,52.7989579152589,63.2344974162543,36.4689948325087,0.636504034720074,0.753589061202,2.63994789576294
"NGC",-11.5302929209993,119.86531827544,15.1355822698246,52.8460979552292,63.2247182775683,36.4494365551366,0.636162678383912,0.756779113491229,2.64230489776146
"NGC",-11.5014932932397,119.978380277396,15.1995355862687,52.8933167617548,63.2149391388822,36.4298782777644,0.635821322047751,0.759976779313436,2.64466583808774
"NGC",-11.4726030298462,120.091701900627,15.263641570913,52.9406144845183,63.2051600001962,36.4103200003923,0.635479965711589,0.763182078545649,2.64703072422591
"NGC",-11.4436218651339,120.205283688924,15.32790062228,52.9879912733987,63.1953808615101,36.3907617230202,0.635138609375427,0.766395031114,2.64939956366993
"NGC",-11.4145495326831,120.319126187145,15.392313139877,53.0354472784712,63.185601722824,36.3712034456481,0.634797253039265,0.76961565699385,2.65177236392356
"NGC",-11.3853857653378,120.433229941222,15.4568795241977,53.0829826500075,63.175822584138,36.351645168276,0.634455896703104,0.772843976209884,2.65414913250037
"NGC",-11.3561302952039,120.547595498155,15.5216001767248,53.1305975384754,63.1660434454519,36.3320868909038,0.634114540366942,0.77608000883624,2.65652987692377
"NGC",-11.3267828536465,120.662223406023,15.5864754999323,53.1782920945393,63.1562643067659,36.3125286135317,0.63377318403078,0.779323774996617,2.65891460472697
"NGC",-11.2973431712888,120.777114213979,15.6515058972877,53.2260664690601,63.1464851680798,36.2929703361596,0.633431827694618,0.782575294864386,2.66130332345301
"NGC",-11.2678109780095,120.892268472256,15.7166917732543,53.2739208130953,63.1367060293937,36.2734120587875,0.633090471358456,0.785834588662713,2.66369604065477
"NGC",-11.2381860029411,121.007686732166,15.7820335332933,53.3218552778989,63.1269268907077,36.2538537814154,0.632749115022295,0.789101676664665,2.66609276389495
"NGC",-11.2084679744679,121.123369546106,15.8475315838667,53.3698700149217,63.1171477520216,36.2342955040432,0.632407758686133,0.792376579193333,2.66849350074609
"NGC",-11.1786566202241,121.239317467556,15.9131863324387,53.4179651758112,63.1073686133356,36.2147372266711,0.632066402349971,0.795659316621937,2.67089825879056
"NGC",-11.1487516670914,121.355531051086,15.978998187479,53.4661409124117,63.0975894746495,36.195178949299,0.631725046013809,0.798949909373952,2.67330704562059
"NGC",-11.1187528411976,121.472010852353,16.0449675584644,53.5143973767644,63.0878103359634,36.1756206719269,0.631383689677647,0.802248377923217,2.67571986883822
"NGC",-11.0886598679141,121.588757428104,16.1110948558812,53.5627347211073,63.0780311972774,36.1560623945548,0.631042333341486,0.805554742794058,2.67813673605536
"NGC",-11.0584724718541,121.705771336183,16.1773804912278,53.6111530978755,63.0682520585913,36.1365041171826,0.630700977005324,0.808869024561391,2.68055765489377
"NGC",-11.0281903768707,121.823053135526,16.2438248770172,53.659652659701,63.0584729199053,36.1169458398105,0.630359620669162,0.812191243850859,2.68298263298505
"NGC",-10.9978133060545,121.940603386168,16.3104284267785,53.708233559413,63.0486937812192,36.0973875624384,0.630018264333,0.815521421338924,2.68541167797065
"NGC",-10.967340981732,122.058422649244,16.3771915550602,53.7568959500377,63.0389146425331,36.0778292850663,0.629676907996838,0.818859577753009,2.68784479750188
"NGC",-10.9367731254636,122.176511486991,16.4441146774319,53.8056399847986,63.0291355038471,36.0582710076942,0.629335551660677,0.822205733871593,2.69028199923993
"NGC",-10.9061094580408,122.294870462748,16.5111982104869,53.8544658171164,63.019356365161,36.038712730322,0.628994195324515,0.825559910524347,2.69272329085582
"NGC",-10.8753496994853,122.413500140963,16.5784425718448,53.903373600609,63.009577226475,36.0191544529499,0.628652838988353,0.82892212859224,2.69516868003045
"NGC",-10.844493569046,122.532401087189,16.6458481801532,53.9523634890918,62.9997980877889,35.9995961755778,0.628311482652191,0.83229240900766,2.69761817445459
"NGC",-10.8135407851976,122.651573868092,16.7134154550907,54.0014356365774,62.9900189491028,35.9800378982057,0.62797012631603,0.835670772754537,2.70007178182887
"NGC",-10.7824910656379,122.771019051448,16.7811448173691,54.0505901972759,62.9802398104168,35.9604796208336,0.627628769979868,0.839057240868453,2.7025295098638
"NGC",-10.7513441272866,122.89073720615,16.8490366887354,54.099827325595,62.9704606717307,35.9409213434614,0.627287413643706,0.84245183443677,2.70499136627975
"NGC",-10.7200996862822,123.010728902206,16.9170914919749,54.1491471761398,62.9606815330447,35.9213630660893,0.626946057307544,0.845854574598744,2.70745735880699
"NGC",-10.688757457981,123.130994710744,16.9853096509128,54.198549903713,62.9509023943586,35.9018047887172,0.626604700971382,0.849265482545642,2.70992749518565
"NGC",-10.6573171569541,123.251535204011,17.0536915904174,54.2480356633149,62.9411232556725,35.8822465113451,0.62626334463522,0.85268457952087,2.71240178316574
"NGC",-10.6257784969858,123.37235095538,17.1222377364017,54.2976046101435,62.9313441169865,35.862688233973,0.625921988299059,0.856111886820083,2.71488023050718
"NGC",-10.5941411910716,123.493442539348,17.1909485158263,54.3472568995946,62.9215649783004,35.8431299566008,0.625580631962897,0.859547425791316,2.71736284497973
"NGC",-10.5624049514156,123.614810531539,17.2598243567019,54.3969926872616,62.9117858396144,35.8235716792287,0.625239275626735,0.862991217835094,2.71984963436308
"NGC",-10.5305694894292,123.736455508707,17.3288656880911,54.4468121289358,62.9020067009283,35.8040134018566,0.624897919290573,0.866443284404557,2.72234060644679
"NGC",-10.4986345157279,123.858378048739,17.3980729401118,54.4967153806063,62.8922275622422,35.7844551244845,0.624556562954412,0.869903647005588,2.72483576903031
"NGC",-10.4665997401305,123.980578730654,17.4674465439384,54.5467025984601,62.8824484235562,35.7648968471124,0.62421520661825,0.873372327196918,2.727335129923
"NGC",-10.4344648716556,124.103058134608,17.5369869318053,54.5967739388821,62.8726692848701,35.7453385697402,0.623873850282088,0.876849346590266,2.7298386969441
"NGC",-10.4022296185208,124.225816841897,17.6066945370089,54.6469295584552,62.8628901461841,35.7257802923681,0.623532493945926,0.880334726850447,2.73234647792276
"NGC",-10.3698936881395,124.348855434956,17.67656979391,54.6971696139603,62.853111007498,35.706222014996,0.623191137609764,0.8838284896955,2.73485848069802
"NGC",-10.3374567871194,124.472174497362,17.7466131379362,54.7474942623763,62.843331868812,35.6866637376239,0.622849781273603,0.887330656896812,2.73737471311882
"NGC",-10.3049186212603,124.595774613839,17.8168250055847,54.7979036608803,62.8335527301259,35.6671054602518,0.622508424937441,0.890841250279236,2.73989518304402
"NGC",-10.2722788955515,124.719656370257,17.8872058344243,54.8483979668474,62.8237735914398,35.6475471828796,0.622167068601279,0.894360291721217,2.74241989834237
"NGC",-10.2395373141702,124.843820353636,17.9577560630983,54.8989773378509,62.8139944527538,35.6279889055075,0.621825712265117,0.897887803154916,2.74494886689255
"NGC",-10.2066935804792,124.968267152147,18.0284761313265,54.9496419316622,62.8042153140677,35.6084306281354,0.621484355928955,0.901423806566324,2.74748209658311
"NGC",-10.1737473970246,125.092997355115,18.0993664799081,55.0003919062511,62.7944361753816,35.5888723507633,0.621142999592794,0.904968323995406,2.75001959531256
"NGC",-10.1406984655335,125.218011553021,18.170427550724,55.0512274197855,62.7846570366956,35.5693140733912,0.620801643256632,0.908521377536202,2.75256137098928
"NGC",-10.1075464869123,125.343310337506,18.2416597867394,55.1021486306318,62.7748778980095,35.549755796019,0.62046028692047,0.91208298933697,2.75510743153159
"NGC",-10.0742911612441,125.468894301369,18.3130636320059,55.1531556973544,62.7650987593235,35.5301975186469,0.620118930584308,0.915653181600294,2.75765778486772
"NGC",-10.0409321877868,125.594764038572,18.3846395316644,55.2042487787163,62.7553196206374,35.5106392412748,0.619777574248147,0.919231976583222,2.76021243893582
"NGC",-10.0074692649706,125.720920144244,18.4563879319478,55.2554280336789,62.7455404819513,35.4910809639027,0.619436217911985,0.922819396597391,2.76277140168395
"NGC",-9.97390209039619,125.847363214681,18.5283092801828,55.3066936214019,62.7357613432653,35.4715226865306,0.619094861575823,0.926415464009138,2.76533468107009
"NGC",-9.94023036083216,125.974093847345,18.6004040247928,55.3580457012435,62.7259822045792,35.4519644091584,0.618753505239661,0.930020201239641,2.76790228506218
"NGC",-9.90645377221308,126.101112640874,18.6726726153008,55.4094844327604,62.7162030658932,35.4324061317863,0.618412148903499,0.93363363076504,2.77047422163802
"NGC",-9.87257201963715,126.228420195078,18.7451155023312,55.4610099757077,62.7064239272071,35.4128478544142,0.618070792567338,0.937255775116561,2.77305049878539
"NGC",-9.83858479736403,126.356017110944,18.8177331376129,55.5126224900392,62.696644788521,35.3932895770421,0.617729436231176,0.940886656880644,2.77563112450196
"NGC",-9.80449179881262,126.483903990636,18.8905259739814,55.5643221359071,62.686865649835,35.37373129967,0.617388079895014,0.944526298699069,2.77821610679535
"NGC",-9.77029271655879,126.612081437501,18.9634944653818,55.6161090736623,62.6770865111489,35.3541730222979,0.617046723558852,0.948174723269088,2.78080545368311
"NGC",-9.73598724233314,126.740550056068,19.0366390668709,55.6679834638542,62.6673073724629,35.3346147449257,0.61670536722269,0.951831953343545,2.78339917319271
"NGC",-9.70157506701891,126.869310452051,19.1099602346201,55.7199454672309,62.6575282337768,35.3150564675536,0.616364010886529,0.955498011731006,2.78599727336155
"NGC",-9.66705588064944,126.998363232352,19.1834584259179,55.7719952447392,62.6477490950907,35.2954981901815,0.616022654550367,0.959172921295894,2.78859976223696
"NGC",-9.63242937240626,127.127709005063,19.257134099172,55.8241329575244,62.6379699564047,35.2759399128094,0.615681298214205,0.962856704958602,2.79120664787622
"NGC",-9.5976952306165,127.257348379468,19.3309877139128,55.8763587669308,62.6281908177186,35.2563816354373,0.615339941878043,0.96654938569564,2.79381793834654
"NGC",-9.56285314275091,127.387281966046,19.405019730795,55.928672834501,62.6184116790326,35.2368233580651,0.614998585541881,0.970250986539749,2.79643364172505
"NGC",-9.52790279542142,127.517510376473,19.4792306116007,55.9810753219767,62.6086325403465,35.217265080693,0.61465722920572,0.973961530580033,2.79905376609883
"NGC",-9.49284387437889,127.648034223623,19.553620819242,56.0335663912982,62.5988534016604,35.1977068033209,0.614315872869558,0.9776810409621,2.80167831956491
"NGC",-9.45767606451088,127.778854121573,19.6281908177634,56.0861462046045,62.5890742629744,35.1781485259488,0.613974516533396,0.981409540888172,2.80430731023023
"NGC",-9.42239904983929,127.909970685602,19.7029410723447,56.1388149242336,62.5792951242883,35.1585902485767,0.613633160197234,0.985147053617235,2.80694074621168
"NGC",-9.38701251351813,128.041384532197,19.7778720493031,56.1915727127222,62.5695159856023,35.1390319712045,0.613291803861072,0.988893602465156,2.80957863563611
"NGC",-9.35151613783123,128.173096279051,19.8529842160962,56.2444197328057,62.5597368469162,35.1194736938324,0.612950447524911,0.992649210804808,2.81222098664029
"NGC",-9.31590960418977,128.305106545071,19.9282780413245,56.2973561474185,62.5499577082302,35.0999154164603,0.612609091188749,0.996413902066227,2.81486780737093
"NGC",-9.28019259313024,128.437415950374,20.0037539947343,56.3503821196938,62.5401785695441,35.0803571390882,0.612267734852587,1.00018769973671,2.81751910598469
"NGC",-9.2443647843119,128.570025116294,20.0794125472196,56.4034978129637,62.530399430858,35.0607988617161,0.611926378516425,1.00397062736098,2.82017489064818
"NGC",-9.20842585651455,128.702934665383,20.1552541708257,56.456703390759,62.520620292172,35.0412405843439,0.611585022180263,1.00776270854128,2.82283516953795
"NGC",-9.17237548763613,128.836145221412,20.2312793387509,56.5099990168096,62.5108411534859,35.0216823069718,0.611243665844102,1.01156396693754,2.82549995084048
"NGC",-9.13621335469053,128.969657409375,20.3074885253499,56.5633848550443,62.5010620147998,35.0021240295997,0.61090230950794,1.0153744262675,2.82816924275221
"NGC",-9.09993913380507,129.103471855492,20.383882206136,56.6168610695905,62.4912828761138,34.9825657522276,0.610560953171778,1.0191941103068,2.83084305347952
"NGC",-9.06355250021824,129.237589187207,20.4604608577839,56.6704278247748,62.4815037374277,34.9630074748555,0.610219596835616,1.0230230428892,2.83352139123874
"NGC",-9.0270531282774,129.372010033198,20.5372249581324,56.7240852851228,62.4717245987417,34.9434491974833,0.609878240499454,1.02686124790662,2.83620426425614
"NGC",-8.99044069143628,129.506735023371,20.614174986187,56.7778336153587,62.4619454600556,34.9238909201112,0.609536884163293,1.03070874930935,2.83889168076793
"NGC",-8.9537148622527,129.641764788868,20.6913114221227,56.8316729804058,62.4521663213695,34.9043326427391,0.609195527827131,1.03456557110613,2.84158364902029
"NGC",-8.91687531238621,129.777099962068,20.7686347472863,56.8856035453864,62.4423871826835,34.884774365367,0.608854171490969,1.03843173736432,2.84428017726932
"NGC",-8.8799217125957,129.912741176589,20.8461454441997,56.9396254756216,62.4326080439974,34.8652160879949,0.608512815154807,1.04230727220998,2.84698127378108
"NGC",-8.84285373273691,130.048689067289,20.923843996562,56.9937389366316,62.4228289053114,34.8456578106227,0.608171458818646,1.0461921998281,2.84968694683158
"NGC",-8.80567104176028,130.184944270272,21.0017308892527,57.0479440941354,62.4130497666253,34.8260995332506,0.607830102482484,1.05008654446264,2.85239720470677
"NGC",-8.76837330770817,130.321507422887,21.0798066083341,57.1022411140511,62.4032706279392,34.8065412558785,0.607488746146322,1.0539903304167,2.85511205570256
"NGC",-8.73096019771292,130.458379163731,21.1580716410537,57.1566301624955,62.3934914892532,34.7869829785064,0.60714738981016,1.05790358205269,2.85783150812478
"NGC",-8.69343137799403,130.595560132654,21.236526475848,57.2111114057847,62.3837123505671,34.7674247011343,0.606806033473998,1.0618263237924,2.86055557028923
"NGC",-8.65578651385601,130.733050970759,21.3151716023439,57.2656850104333,62.3739332118811,34.7478664237621,0.606464677137837,1.06575858011719,2.86328425052166
"NGC",-8.61802526968577,130.870852320402,21.3940075113623,57.3203511431552,62.364154073195,34.72830814639,0.606123320801675,1.06970037556811,2.86601755715776
"NGC",-8.5801473089504,131.008964825202,21.4730346949205,57.3751099708632,62.354374934509,34.7087498690179,0.605781964465513,1.07365173474602,2.86875549854316
"NGC",-8.54215229419449,131.147389130036,21.5522536462351,57.4299616606688,62.3445957958229,34.6891915916458,0.605440608129351,1.07761268231176,2.87149808303344
"NGC",-8.50403988703787,131.286125881044,21.6316648597247,57.4849063798826,62.3348166571368,34.6696333142737,0.60509925179319,1.08158324298624,2.87424531899413
"NGC",-8.46580974817309,131.425175725633,21.7112688310125,57.5399442960142,62.3250375184508,34.6500750369015,0.604757895457028,1.08556344155062,2.87699721480071
"NGC",-8.42746153736299,131.564539312477,21.7910660569291,57.5950755767718,62.3152583797647,34.6305167595294,0.604416539120866,1.08955330284646,2.87975377883859
"NGC",-8.38899491343818,131.704217291521,21.8710570355157,57.650300390063,62.3054792410787,34.6109584821573,0.604075182784704,1.09355285177579,2.88251501950315
"NGC",-8.35040953429463,131.844210313983,21.9512422660261,57.7056189039937,62.2957001023926,34.5914002047852,0.603733826448542,1.0975621133013,2.88528094519969
"NGC",-8.31170505689119,131.984519032356,22.0316222489301,57.7610312868692,62.2859209637065,34.5718419274131,0.60339247011238,1.10158111244651,2.88805156434346
"NGC",-8.2728811372471,132.125144100412,22.1121974859161,57.8165377071933,62.2761418250205,34.552283650041,0.603051113776219,1.10560987429581,2.89082688535967
"NGC",-8.23393743043948,132.266086173202,22.1929684798938,57.872138333669,62.2663626863344,34.5327253726688,0.602709757440057,1.10964842399469,2.89360691668345
"NGC",-8.19487359060084,132.40734590706,22.273935734997,57.9278333351979,62.2565835476484,34.5131670952967,0.602368401103895,1.11369678674985,2.89639166675989
"NGC",-8.15568927091661,132.548923959607,22.3550997565867,57.9836228808804,62.2468044089623,34.4936088179246,0.602027044767733,1.11775498782933,2.89918114404402
"NGC",-8.11638412362266,132.690820989751,22.4364610512533,58.0395071400159,62.2370252702762,34.4740505405525,0.601685688431572,1.12182305256267,2.90197535700079
"NGC",-8.07695780000262,132.833037657688,22.5180201268202,58.0954862821025,62.2272461315902,34.4544922631803,0.60134433209541,1.12590100634101,2.90477431410513
"NGC",-8.03740995038562,132.975574624909,22.5997774923459,58.1515604768371,62.2174669929041,34.4349339858082,0.601002975759248,1.12998887461729,2.90757802384186
"NGC",-7.99774022414348,133.118432554201,22.6817336581272,58.2077298941155,62.207687854218,34.4153757084361,0.600661619423086,1.13408668290636,2.91038649470577
"NGC",-7.95794826968847,133.261612109648,22.7638891357021,58.2639947040319,62.197908715532,34.395817431064,0.600320263086924,1.13819445678511,2.9131997352016
"NGC",-7.91803373447046,133.405113956633,22.8462444378525,58.3203550768796,62.1881295768459,34.3762591536919,0.599978906750763,1.14231222189262,2.91601775384398
"NGC",-7.87799626497468,133.548938761843,22.9288000786067,58.3768111831504,62.1783504381599,34.3567008763197,0.599637550414601,1.14644000393034,2.91884055915752
"NGC",-7.83783550671886,133.69308719327,23.0115565732432,58.4333631935348,62.1685712994738,34.3371425989476,0.599296194078439,1.15057782866216,2.92166815967674
"NGC",-7.79755110425097,133.837559920215,23.0945144382925,58.490011278922,62.1587921607878,34.3175843215755,0.598954837742277,1.15472572191463,2.9245005639461
"NGC",-7.75714270114639,133.982357613287,23.1776741915406,58.5467556103998,62.1490130221017,34.2980260442034,0.598613481406115,1.15888370957703,2.92733778051999
"NGC",-7.71660994000554,134.127480944411,23.2610363520317,58.6035963592548,62.1392338834156,34.2784677668313,0.598272125069954,1.16305181760159,2.93017981796274
"NGC",-7.67595246245113,134.272930586824,23.3446014400712,58.6605336969719,62.1294547447296,34.2589094894592,0.597930768733792,1.16723007200356,2.93302668484859
"NGC",-7.63516990912574,134.418707215083,23.4283699772281,58.7175677952346,62.1196756060435,34.239351212087,0.59758941239763,1.17141849886141,2.93587838976173
"NGC",-7.59426191968907,134.564811505066,23.5123424863387,58.7746988259252,62.1098964673575,34.2197929347149,0.597248056061468,1.17561712431693,2.93873494129626
"NGC",-7.55322813281545,134.711244133973,23.5965194915088,58.8319269611241,62.1001173286714,34.2002346573428,0.596906699725307,1.17982597457544,2.9415963480562
"NGC",-7.51206818619115,134.85800578033,23.6809015181168,58.8892523731105,62.0903381899853,34.1806763799707,0.596565343389145,1.18404507590584,2.94446261865553
"NGC",-7.47078171651188,135.005097123991,23.765489092817,58.9466752343619,62.0805590512993,34.1611181025986,0.596223987052983,1.18827445464085,2.9473337617181
"NGC",-7.42936835947998,135.15251884614,23.8502827435418,59.0041957175542,62.0707799126132,34.1415598252264,0.595882630716821,1.19251413717709,2.95020978587771
"NGC",-7.38782774980198,135.300271629297,23.9352829995053,59.0618139955616,62.0610007739272,34.1220015478543,0.595541274380659,1.19676414997527,2.95309069977808
"NGC",-7.3461595211859,135.448356157315,24.0204903912058,59.1195302414569,62.0512216352411,34.1024432704822,0.595199918044498,1.20102451956029,2.95597651207284
"NGC",-7.30436330633853,135.596773115388,24.1059054504288,59.1773446285109,62.041442496555,34.0828849931101,0.594858561708336,1.20529527252144,2.95886723142554
"NGC",-7.26243873696295,135.745523190048,24.1915287102502,59.2352573301927,62.031663357869,34.063326715738,0.594517205372174,1.20957643551251,2.96176286650964
"NGC",-7.22038544375565,135.894607069173,24.277360705039,59.2932685201699,62.0218842191829,34.0437684383658,0.594175849036012,1.21386803525195,2.96466342600849
"NGC",-7.17820305640406,136.044025441987,24.3634019704602,59.3513783723079,62.0121050804969,34.0242101609937,0.59383449269985,1.21817009852301,2.9675689186154
"NGC",-7.13589120358381,136.193778999063,24.4496530434781,59.4095870606706,62.0023259418108,34.0046518836216,0.593493136363689,1.22248265217391,2.97047935303353
"NGC",-7.09344951295604,136.343868432325,24.5361144623589,59.4678947595197,61.9925468031247,33.9850936062495,0.593151780027527,1.22680572311794,2.97339473797599
"NGC",-7.05087761116467,136.494294435051,24.6227867666738,59.5263016433152,61.9827676644387,33.9655353288774,0.592810423691365,1.23113933833369,2.97631508216576
"NGC",-7.00817512383387,136.645057701875,24.7096704973022,59.584807886715,61.9729885257526,33.9459770515052,0.592469067355203,1.23548352486511,2.97924039433575
"NGC",-6.96534167556514,136.796158928793,24.7967661964344,59.643413664575,61.9632093870666,33.9264187741331,0.592127711019041,1.23983830982172,2.98217068322875
"NGC",-6.92237688993485,136.94759881316,24.8840744075745,59.7021191519489,61.9534302483805,33.906860496761,0.59178635468288,1.24420372037873,2.98510595759744
"NGC",-6.87928038949123,137.099378053697,24.9715956755441,59.7609245240886,61.9436511096944,33.8873022193889,0.591444998346718,1.2485797837772,2.98804622620443
"NGC",-6.83605179575201,137.251497350493,25.0593305464841,59.8198299564434,61.9338719710084,33.8677439420168,0.591103642010556,1.25296652732421,2.99099149782217
"NGC",-6.79269072920138,137.403957405006,25.1472795678591,59.8788356246609,61.9240928323223,33.8481856646446,0.590762285674394,1.25736397839295,2.99394178123304
"NGC",-6.74919680928738,137.556758920066,25.2354432884593,59.9379417045859,61.9143136936363,33.8286273872725,0.590420929338232,1.26177216442297,2.9968970852293
"NGC",-6.70556965441916,137.709902599878,25.3238222584042,59.9971483722613,61.9045345549502,33.8090691099004,0.590079573002071,1.26619111292021,2.99985741861307
"NGC",-6.66180888196432,137.863389150028,25.4124170291454,60.0564558039274,61.8947554162641,33.7895108325283,0.589738216665909,1.27062085145727,3.00282279019637
"NGC",-6.61791410824594,138.017219277478,25.5012281534695,60.1158641760222,61.8849762775781,33.7699525551562,0.589396860329747,1.27506140767347,3.00579320880111
"NGC",-6.57388494853998,138.171393690577,25.5902561855014,60.175373665181,61.875197138892,33.750394277784,0.589055503993585,1.27951280927507,3.00876868325905
"NGC",-6.5297210170725,138.325913099057,25.6795016807073,60.2349844482369,61.865418000206,33.7308360004119,0.588714147657423,1.28397508403537,3.01174922241185
"NGC",-6.48542192701687,138.48077821404,25.7689651958976,60.2946967022202,61.8556388615199,33.7112777230398,0.588372791321262,1.28844825979488,3.01473483511101
"NGC",-6.44098729049088,138.63598974804,25.8586472892302,60.3545106043585,61.8458597228338,33.6917194456677,0.5880314349851,1.29293236446151,3.01772553021793
"NGC",-6.39641671855409,138.791548414964,25.9485485202135,60.414426332077,61.8360805841478,33.6721611682956,0.587690078648938,1.29742742601067,3.02072131660385
"NGC",-6.35170982120501,138.947454930115,26.0386694497092,60.4744440629976,61.8263014454617,33.6526028909235,0.587348722312776,1.30193347248546,3.02372220314988
"NGC",-6.30686620737819,139.103710010196,26.129010639936,60.53456397494,61.8165223067757,33.6330446135513,0.587007365976615,1.3064505319968,3.026728198747
"NGC",-6.26188548494156,139.260314373313,26.219572654472,60.5947862459204,61.8067431680896,33.6134863361792,0.586666009640453,1.3109786327236,3.02973931229602
"NGC",-6.21676726069343,139.417268738975,26.3103560582584,60.6551110541526,61.7969640294035,33.5939280588071,0.586324653304291,1.31551780291292,3.03275555270763
"NGC",-6.17151114035984,139.574573828099,26.4013614176022,60.7155385780468,61.7871848907175,33.574369781435,0.585983296968129,1.32006807088011,3.03577692890234
"NGC",-6.1261167285916,139.732230363014,26.4925893001795,60.7760689962107,61.7774057520314,33.5548115040628,0.585641940631967,1.32462946500897,3.03880344981054
"NGC",-6.08058362896149,139.89023906746,26.5840402750386,60.8367024874484,61.7676266133454,33.5352532266907,0.585300584295806,1.32920201375193,3.04183512437242
"NGC",-6.0349114439614,140.048600666592,26.6757149126032,60.897439230761,61.7578474746593,33.5156949493186,0.584959227959644,1.33378574563016,3.04487196153805
"NGC",-5.98909977499953,140.207315886987,26.7676137846754,60.9582794053462,61.7480683359732,33.4961366719465,0.584617871623482,1.33838068923377,3.04791397026731
"NGC",-5.94314822239741,140.366385456638,26.8597374644388,61.0192231905984,61.7382891972872,33.4765783945744,0.58427651528732,1.34298687322194,3.05096115952992
"NGC",-5.89705638538712,140.525810104966,26.9520865264619,61.0802707661085,61.7285100586011,33.4570201172023,0.583935158951158,1.3476043263231,3.05401353830543
"NGC",-5.85082386210837,140.685590562818,27.0446615467011,61.141422311664,61.7187309199151,33.4374618398301,0.583593802614997,1.35223307733506,3.0570711155832
"NGC",-5.80445024960561,140.84572756247,27.1374631025039,61.2026780072485,61.708951781229,33.417903562458,0.583252446278835,1.3568731551252,3.06013390036243
"NGC",-5.75793514382518,141.006221837628,27.230491772612,61.2640380330424,61.699172642543,33.3983452850859,0.582911089942673,1.3615245886306,3.06320190165212
"NGC",-5.71127813961232,141.167074123437,27.3237481371646,61.325502569422,61.6893935038569,33.3787870077138,0.582569733606511,1.36618740685823,3.0662751284711
"NGC",-5.66447883070836,141.328285156477,27.4172327777015,61.3870717969599,61.6796143651708,33.3592287303417,0.58222837727035,1.37086163888508,3.069353589848
"NGC",-5.6175368097477,141.489855674769,27.5109462771664,61.4487458964249,61.6698352264848,33.3396704529695,0.581887020934188,1.37554731385832,3.07243729482124
"NGC",-5.57045166825499,141.651786417779,27.6048892199098,61.5105250487815,61.6600560877987,33.3201121755974,0.581545664598026,1.38024446099549,3.07552625243908
"NGC",-5.52322299664206,141.814078126416,27.6990621916927,61.5724094351906,61.6502769491127,33.3005538982253,0.581204308261864,1.38495310958464,3.07862047175953
"NGC",-5.47585038420516,141.976731543041,27.7934657796895,61.6343992370086,61.6404978104266,33.2809956208532,0.580862951925702,1.38967328898447,3.08171996185043
"NGC",-5.42833341912181,142.139747411466,27.8881005724911,61.6964946357877,61.6307186717405,33.2614373434811,0.58052159558954,1.39440502862455,3.08482473178938
"NGC",-5.380671688448,142.303126476956,27.9829671601085,61.7586958132759,61.6209395330545,33.2418790661089,0.580180239253379,1.39914835800542,3.08793479066379
"NGC",-5.33286477811514,142.466869486235,28.0780661339757,61.8210029514167,61.6111603943684,33.2223207887368,0.579838882917217,1.40390330669879,3.09105014757084
"NGC",-5.2849122729271,142.630977187486,28.1733980869533,61.8834162323492,61.6013812556823,33.2027625113647,0.579497526581055,1.40866990434766,3.09417081161746
"NGC",-5.23681375655731,142.795450330356,28.2689636133313,61.9459358384079,61.5916021169963,33.1832042339926,0.579156170244893,1.41344818066656,3.0972967919204
"NGC",-5.18856881154559,142.960289665959,28.3647633088327,62.0085619521225,61.5818229783102,33.1636459566205,0.578814813908732,1.41823816544164,3.10042809760612
"NGC",-5.14017701929538,143.125495946874,28.4607977706168,62.071294756218,61.5720438396242,33.1440876792483,0.57847345757257,1.42303988853084,3.1035647378109
"NGC",-5.09163796007051,143.291069927155,28.557067597282,62.1341344336147,61.5622647009381,33.1245294018762,0.578132101236408,1.4278533798641,3.10670672168073
"NGC",-5.04295121299245,143.457012362329,28.6535733888698,62.1970811674275,61.552485562252,33.1049711245041,0.577790744900246,1.43267866944349,3.10985405837138
"NGC",-4.99411635603694,143.623324009401,28.7503157468675,62.2601351409668,61.542706423566,33.085412847132,0.577449388564084,1.43751578734337,3.11300675704834
"NGC",-4.94513296603137,143.790005626856,28.8472952742116,62.3232965377375,61.5329272848799,33.0658545697599,0.577108032227923,1.44236476371058,3.11616482688687
"NGC",-4.89600061865136,143.95705797466,28.9445125752916,62.3865655414393,61.5231481461939,33.0462962923877,0.576766675891761,1.44722562876458,3.11932827707196
"NGC",-4.846718888418,144.124481814268,29.0419682559527,62.4499423359665,61.5133690075078,33.0267380150156,0.576425319555599,1.45209841279763,3.12249711679833
"NGC",-4.79728734869467,144.292277908622,29.139662923499,62.5134271054082,61.5035898688217,33.0071797376435,0.576083963219437,1.45698314617495,3.12567135527041
"NGC",-4.74770557168395,144.460447022156,29.2375971866978,62.5770200340476,61.4938107301357,32.9876214602714,0.575742606883275,1.46187985933489,3.12885100170238
"NGC",-4.69797312842468,144.628989920798,29.3357716557818,62.6407213063624,61.4840315914496,32.9680631828993,0.575401250547114,1.46678858278909,3.13203606531812
"NGC",-4.64808958878872,144.797907371974,29.4341869424532,62.7045311070246,61.4742524527636,32.9485049055271,0.575059894210952,1.47170934712266,3.13522655535123
"NGC",-4.59805452147802,144.967200144611,29.5328436598868,62.7684496209003,61.4644733140775,32.928946628155,0.57471853787479,1.47664218299434,3.13842248104501
"NGC",-4.54786749402143,145.136869009138,29.631742422733,62.8324770330494,61.4546941753915,32.9093883507829,0.574377181538628,1.48158712113665,3.14162385165247
"NGC",-4.49752807277167,145.306914737492,29.7308838471218,62.8966135287259,61.4449150367054,32.8898300734108,0.574035825202466,1.48654419235609,3.1448306764363
"NGC",-4.44703582290211,145.477338103115,29.8302685506659,62.9608592933776,61.4351358980193,32.8702717960387,0.573694468866305,1.4915134275333,3.14804296466888
"NGC",-4.39639030840372,145.648139880967,29.929897152464,63.0252145126461,61.4253567593333,32.8507135186665,0.573353112530143,1.4964948576232,3.1512607256323
"NGC",-4.34559109208206,145.819320847518,30.0297702731041,63.0896793723662,61.4155776206472,32.8311552412944,0.573011756193981,1.50148851365521,3.15448396861831
"NGC",-4.29463773555393,145.990881780757,30.1298885346671,63.1542540585664,61.4057984819612,32.8115969639223,0.572670399857819,1.50649442673336,3.15771270292832
"NGC",-4.2435297992444,146.162823460197,30.2302525607302,63.2189387574684,61.3960193432751,32.7920386865502,0.572329043521657,1.51151262803651,3.16094693787342
"NGC",-4.1922668423835,146.33514666687,30.3308629763703,63.2837336554874,61.386240204589,32.7724804091781,0.571987687185496,1.51654314881851,3.16418668277437
"NGC",-4.14084842300329,146.507852183339,30.4317204081669,63.3486389392314,61.376461065903,32.7529221318059,0.571646330849334,1.52158602040835,3.16743194696157
"NGC",-4.08927409793448,146.680940793693,30.5328254842066,63.4136547955016,61.3666819272169,32.7333638544338,0.571304974513172,1.52664127421033,3.17068273977508
"NGC",-4.03754342280331,146.854413283556,30.6341788340856,63.4787814112917,61.3569027885309,32.7138055770617,0.57096361817701,1.53170894170428,3.17393907056459
"NGC",-3.98565595202849,147.028270440088,30.7357810889133,63.5440189737886,61.3471236498448,32.6942472996896,0.570622261840849,1.53678905444566,3.17720094868943
"NGC",-3.93361123881785,147.202513051986,30.837632881316,63.6093676703714,61.3373445111587,32.6746890223175,0.570280905504687,1.5418816440658,3.18046838351857
"NGC",-3.88140883516523,147.377141909489,30.9397348454404,63.6748276886119,61.3275653724727,32.6551307449454,0.569939549168525,1.54698674227202,3.18374138443059
"NGC",-3.82904829184719,147.552157804382,31.0420876169567,63.7403992162741,61.3177862337866,32.6355724675732,0.569598192832363,1.55210438084784,3.18701996081371
"NGC",-3.7765291584199,147.727561529996,31.1446918330624,63.8060824413145,61.3080070951006,32.6160141902011,0.569256836496201,1.55723459165312,3.19030412206572
"NGC",-3.72385098321587,147.903353881214,31.2475481324856,63.8718775518813,61.2982279564145,32.596455912829,0.56891548016004,1.56237740662428,3.19359387759407
"NGC",-3.67101331334069,148.07953565447,31.3506571554885,63.937784736315,61.2884488177284,32.5768976354569,0.568574123823878,1.56753285777443,3.19688923681575
"NGC",-3.61801569466989,148.256107647759,31.4540195438708,64.0038041831476,61.2786696790424,32.5573393580848,0.568232767487716,1.57270097719354,3.20019020915738
"NGC",-3.56485767184543,148.433070660631,31.5576359409737,64.069936081103,61.2688905403563,32.5377810807126,0.567891411151554,1.57788179704869,3.20349680405515
"NGC",-3.51153878827283,148.610425494202,31.6615069916826,64.1361806190967,61.2591114016703,32.5182228033405,0.567550054815392,1.58307534958413,3.20680903095484
"NGC",-3.45805858611752,148.788172951153,31.7656333424314,64.2025379862355,61.2493322629842,32.4986645259684,0.567208698479231,1.58828166712157,3.21012689931177
"NGC",-3.40441660630182,148.966313835732,31.8700156412054,64.2690083718174,61.2395531242981,32.4791062485963,0.566867342143069,1.59350078206027,3.21345041859087
"NGC",-3.35061238850167,149.144848953761,31.9746545375452,64.3355919653315,61.2297739856121,32.4595479712242,0.566525985806907,1.59873272687726,3.21677959826658
"NGC",-3.29664547114304,149.323779112636,32.0795506825502,64.4022889564582,61.219994846926,32.439989693852,0.566184629470745,1.60397753412751,3.22011444782291
"NGC",-3.24251539139892,149.503105121332,32.184704728882,64.4690995350685,61.21021570824,32.4204314164799,0.565843273134583,1.6092352364441,3.22345497675342
"NGC",-3.18822168518601,149.682827790402,32.2901173307681,64.5360238912241,61.2004365695539,32.4008731391078,0.565501916798422,1.61450586653841,3.2268011945612
"NGC",-3.13376388716117,149.862947931987,32.3957891440053,64.6030622151771,61.1906574308678,32.3813148617357,0.56516056046226,1.61978945720027,3.23015311075886
"NGC",-3.07914153071832,150.043466359812,32.5017208259635,64.6702146973705,61.1808782921818,32.3617565843636,0.564819204126098,1.62508604129818,3.23351073486852
"NGC",-3.02435414798492,150.224383889194,32.6079130355892,64.7374815284369,61.1710991534957,32.3421983069914,0.564477847789936,1.63039565177946,3.23687407642184
"NGC",-2.96940126981886,150.405701337043,32.7143664334088,64.8048628991995,61.1613200148097,32.3226400296193,0.564136491453775,1.63571832167044,3.24024314495998
"NGC",-2.91428242580486,150.587419521865,32.8210816815326,64.8723590006713,61.1515408761236,32.3030817522472,0.563795135117613,1.64105408407663,3.24361795003356
"NGC",-2.85899714425123,150.769539263765,32.9280594436583,64.9399700240549,61.1417617374375,32.2835234748751,0.563453778781451,1.64640297218291,3.24699850120274
"NGC",-2.80354495218656,150.952061384452,33.0353003850742,65.0076961607427,61.1319825987515,32.263965197503,0.563112422445289,1.65176501925371,3.25038480803713
"NGC",-2.74792537535609,151.13498670724,33.1428051726637,65.0755376023166,61.1222034600654,32.2444069201308,0.562771066109127,1.65714025863318,3.25377688011583
"NGC",-2.69213793821864,151.318316057053,33.250574474908,65.1434945405478,61.1124243213794,32.2248486427587,0.562429709772966,1.6625287237454,3.25717472702739
"NGC",-2.63618216394299,151.502050260424,33.3586089618903,65.2115671673966,61.1026451826933,32.2052903653866,0.562088353436804,1.66793044809451,3.26057835836983
"NGC",-2.58005757440463,151.686190145505,33.466909305299,65.2797556750122,61.0928660440072,32.1857320880145,0.561746997100642,1.67334546526495,3.26398778375061
"NGC",-2.52376369018219,151.870736542063,33.575476178432,65.3480602557328,61.0830869053212,32.1661738106424,0.56140564076448,1.6787738089216,3.26740301278664
"NGC",-2.46730003055403,152.055690281488,33.6843102561999,65.4164811020852,61.0733077666351,32.1466155332702,0.561064284428318,1.68421551280999,3.27082405510426
"NGC",-2.41066611349491,152.241052196795,33.7934122151294,65.4850184067846,61.0635286279491,32.1270572558981,0.560722928092157,1.68967061075647,3.27425092033923
"NGC",-2.35386145567256,152.426823122626,33.9027827333678,65.5536723627348,61.053749489263,32.107498978526,0.560381571755995,1.69513913666839,3.27768361813674
"NGC",-2.29688557244407,152.613003895253,34.0124224906858,65.6224431630273,61.0439703505769,32.0879407011539,0.560040215419833,1.70062112453429,3.28112215815136
"NGC",-2.23973797785263,152.799595352584,34.1223321684817,65.6913310009419,61.0341912118909,32.0683824237818,0.559698859083671,1.70611660842409,3.28456655004709
"NGC",-2.18241818462376,152.986598334163,34.2325124497854,65.7603360699462,61.0244120732048,32.0488241464096,0.55935750274751,1.71162562248927,3.28801680349731
"NGC",-2.12492570416217,153.174013681174,34.3429640192612,65.8294585636953,61.0146329345188,32.0292658690375,0.559016146411348,1.71714820096306,3.29147292818477
"NGC",-2.06726004654809,153.361842236446,34.4536875632121,65.8986986760319,61.0048537958327,32.0097075916654,0.558674790075186,1.72268437816061,3.2949349338016
"NGC",-2.00942072053385,153.550084844454,34.5646837695837,65.9680566009858,60.9950746571466,31.9901493142933,0.558333433739024,1.72823418847919,3.29840283004929
"NGC",-1.95140723354031,153.738742351323,34.6759533279673,66.0375325327739,60.9852955184606,31.9705910369212,0.557992077402862,1.73379766639836,3.3018766266387
"NGC",-1.89321909165314,153.927815604832,34.7874969296046,66.1071266658003,60.9755163797745,31.951032759549,0.557650721066701,1.73937484648023,3.30535633329002
"NGC",-1.83485579961987,154.117305454415,34.8993152673902,66.1768391946555,60.9657372410885,31.9314744821769,0.557309364730539,1.74496576336951,3.30884195973277
"NGC",-1.77631686084575,154.307212751166,35.0114090358764,66.2466703141166,60.9559581024024,31.9119162048048,0.556968008394377,1.75057045179382,3.31233351570583
"NGC",-1.71760177739057,154.497538347844,35.1237789312767,66.3166202191472,60.9461789637163,31.8923579274327,0.556626652058215,1.75618894656383,3.31583101095736
"NGC",-1.65871004996497,154.688283098871,35.2364256514691,66.3866891048969,60.9363998250303,31.8727996500606,0.556285295722053,1.76182128257346,3.31933445524485
"NGC",-1.59964117792681,154.87944786034,35.3493498960007,66.4568771667014,60.9266206863442,31.8532413726884,0.555943939385892,1.76746749480003,3.32284385833507
"NGC",-1.54039465927782,155.071033490017,35.4625523660906,66.5271846000822,60.9168415476582,31.8336830953163,0.55560258304973,1.77312761830453,3.32635923000411
"NGC",-1.48096999065976,155.263040847343,35.5760337646345,66.5976116007462,60.9070624089721,31.8141248179442,0.555261226713568,1.77880168823172,3.32988058003731
"NGC",-1.42136666735104,155.455470793438,35.6897947962079,66.6681583645858,60.897283270286,31.7945665405721,0.554919870377406,1.78448973981039,3.33340791822929
"NGC",-1.36158418326308,155.648324191106,35.8038361670702,66.7388250876787,60.8875041316,31.7750082632,0.554578514041244,1.79019180835351,3.33694125438393
"NGC",-1.30162203093643,155.841601904835,35.9181585851689,66.8096119662874,60.8777249929139,31.7554499858279,0.554237157705083,1.79590792925844,3.34048059831437
"NGC",-1.24147970153757,156.035304800802,36.0327627601425,66.8805191968595,60.8679458542279,31.7358917084557,0.553895801368921,1.80163813800712,3.34402595984298
"NGC",-1.1811566848551,156.229433746877,36.147649403325,66.9515469760268,60.8581667155418,31.7163334310836,0.553554445032759,1.80738247016625,3.34757734880134
"NGC",-1.1206524692959,156.423989612626,36.2628192277499,67.0226955006058,60.8483875768557,31.6967751537115,0.553213088696597,1.8131409613875,3.35113477503029
"NGC",-1.05996654188191,156.618973269313,36.3782729481534,67.093964967597,60.8386084381697,31.6772168763394,0.552871732360436,1.81891364740767,3.35469824837985
"NGC",-0.99909838824594,156.814385589904,36.4940112809791,67.1653555741851,60.8288292994836,31.6576585989673,0.552530376024274,1.82470056404895,3.35826777870926
"NGC",-0.938047492628542,157.01022744907,36.610034944381,67.2368675177383,60.8190501607976,31.6381003215951,0.552189019688112,1.83050174721905,3.36184337588691
"NGC",-0.876813337873955,157.206499723193,36.726344658228,67.3085009958084,60.8092710221115,31.618542044223,0.55184766335195,1.8363172329114,3.36542504979042
"NGC",-0.8153954054266,157.403203290365,36.8429411441076,67.3802562061308,60.7994918834254,31.5989837668509,0.551506307015788,1.84214705720538,3.36901281030654
"NGC",-0.753793175327274,157.600339030394,36.9598251253299,67.4521333466237,60.7897127447394,31.5794254894788,0.551164950679627,1.8479912562665,3.37260666733119
"NGC",-0.69200612620952,157.797907824807,37.0769973269313,67.5241326153885,60.7799336060533,31.5598672121067,0.550823594343465,1.85384986634657,3.37620663076942
"NGC",-0.630033735295896,157.995910556853,37.1944584756787,67.596254210709,60.7701544673673,31.5403089347345,0.550482238007303,1.85972292378393,3.37981271053545
"NGC",-0.5678754783942,158.194348111507,37.312209300073,67.6684983310518,60.7603753286812,31.5207506573624,0.550140881671141,1.86561046500365,3.38342491655259
"NGC",-0.505530829893914,158.393221375472,37.4302505303536,67.7408651750656,60.7505961899951,31.5011923799903,0.549799525334979,1.87151252651768,3.38704325875328
"NGC",-0.442999262762129,158.592531237184,37.5485828985019,67.8133549415809,60.7408170513091,31.4816341026182,0.549458168998818,1.8774291449251,3.39066774707904
"NGC",-0.380280248540117,158.792278586814,37.6672071382455,67.8859678296104,60.731037912623,31.4620758252461,0.549116812662656,1.88336035691227,3.39429839148052
"NGC",-0.317373257339341,158.992464316272,37.786123985062,67.9587040383482,60.721258773937,31.4425175478739,0.548775456326494,1.8893061992531,3.39793520191741
"NGC",-0.254277757837798,159.193089319211,37.9053341761832,68.0315637671698,60.7114796352509,31.4229592705018,0.548434099990332,1.89526670880916,3.40157818835849
"NGC",-0.190993217276272,159.394154491029,38.0248384505987,68.1045472156316,60.7017004965648,31.4034009931297,0.54809274365417,1.90124192252993,3.40522736078158
"NGC",-0.127519101454496,159.595660728873,38.1446375490602,68.1776545834711,60.6919213578788,31.3838427157576,0.547751387318009,1.90723187745301,3.40888272917356
"NGC",-0.0638548747269994,159.797608931645,38.2647322140858,68.2508860706067,60.6821422191927,31.3642844383855,0.547410030981847,1.91323661070429,3.41254430353033
"NGC",-4.2632564145606e-14,160,38.385123189963,68.3242418771365,60.6723630805067,31.3447261610133,0.547068674645685,1.91925615949815,3.41621209385683
